chisel:array/andesite	giant	chisel:block/array/andesite	block/cube_all	chisel:block/array/andesite	chisel:block/ctm/array/andesite/0	chisel:block/ctm/array/andesite/1	chisel:block/ctm/array/andesite/2	chisel:block/ctm/array/andesite/3	0c48aacf63586c586e0dc94809ef2308aa52d6a449f62b28a2d61e9939adcf94
chisel:array/black_concrete	giant	chisel:block/array/black_concrete	block/cube_all	chisel:block/array/black_concrete	chisel:block/ctm/array/black_concrete/0	chisel:block/ctm/array/black_concrete/1	chisel:block/ctm/array/black_concrete/2	chisel:block/ctm/array/black_concrete/3	1d8c2d64bb43e7d50e4c4e8f4e79f818a538c4bf851a78d40484c488df0e3f75
chisel:array/blue_concrete	giant	chisel:block/array/blue_concrete	block/cube_all	chisel:block/array/blue_concrete	chisel:block/ctm/array/blue_concrete/0	chisel:block/ctm/array/blue_concrete/1	chisel:block/ctm/array/blue_concrete/2	chisel:block/ctm/array/blue_concrete/3	34cdabb8ba398ba6e0e19e9a19b6ecc6556f97e68aae7a1489435913275bbd02
chisel:array/bricks	giant	chisel:block/array/bricks	block/cube_all	chisel:block/array/bricks	chisel:block/ctm/array/bricks/0	chisel:block/ctm/array/bricks/1	chisel:block/ctm/array/bricks/2	chisel:block/ctm/array/bricks/3	98615731698eefd1ec8446f9b1fbb23334232344c0458866940c807a87a4f0c9
chisel:array/brown_concrete	giant	chisel:block/array/brown_concrete	block/cube_all	chisel:block/array/brown_concrete	chisel:block/ctm/array/brown_concrete/0	chisel:block/ctm/array/brown_concrete/1	chisel:block/ctm/array/brown_concrete/2	chisel:block/ctm/array/brown_concrete/3	5ada94c524317964cca34b4066363183e1a37bd2dd4819104b091312c771f321
chisel:array/coal_block	giant	chisel:block/array/coal_block	block/cube_all	chisel:block/array/coal_block	chisel:block/ctm/array/coal_block/0	chisel:block/ctm/array/coal_block/1	chisel:block/ctm/array/coal_block/2	chisel:block/ctm/array/coal_block/3	04e9864aaac340d1aa04f693fc9fb071c586d828de0a22419d7f5c27d1bb056f
chisel:array/cobblestone	giant	chisel:block/array/cobblestone	block/cube_all	chisel:block/array/cobblestone	chisel:block/ctm/array/cobblestone/0	chisel:block/ctm/array/cobblestone/1	chisel:block/ctm/array/cobblestone/2	chisel:block/ctm/array/cobblestone/3	7a5eba4bc12e5cd14294fe196a14b76b2c271e9fc6146f562daabbc4dfd764ad
chisel:array/cyan_concrete	giant	chisel:block/array/cyan_concrete	block/cube_all	chisel:block/array/cyan_concrete	chisel:block/ctm/array/cyan_concrete/0	chisel:block/ctm/array/cyan_concrete/1	chisel:block/ctm/array/cyan_concrete/2	chisel:block/ctm/array/cyan_concrete/3	3dc2a4abe7407b866519bc58417e30da85035531ff8e1bbb051529ea837a2a6b
chisel:array/deepslate	giant	chisel:block/array/deepslate	block/cube_all	chisel:block/array/deepslate	chisel:block/ctm/array/deepslate/0	chisel:block/ctm/array/deepslate/1	chisel:block/ctm/array/deepslate/2	chisel:block/ctm/array/deepslate/3	7f972dd91f421ba7463efa2ec7d4e2b9783ddd568cb5fbade177e86701afb655
chisel:array/diorite	ctm	chisel:block/array/diorite	block/cube_all	chisel:block/ctm/array/diorite/0	chisel:block/ctm/array/diorite/1	chisel:block/ctm/array/diorite/4	chisel:block/ctm/array/diorite/2	chisel:block/ctm/array/diorite/3	7a6bfdb1516e1df2603965f08b80efebdbd874cf9af2992e43a3850288c4c317
chisel:array/end_stone	giant	chisel:block/array/end_stone	block/cube_all	chisel:block/array/end_stone	chisel:block/ctm/array/end_stone/0	chisel:block/ctm/array/end_stone/1	chisel:block/ctm/array/end_stone/2	chisel:block/ctm/array/end_stone/3	be550678136453d84336fb38856111369d60532e2e2d90ab2eff60a63fa0a137
chisel:array/glowstone	giant	chisel:block/array/glowstone	block/cube_all	chisel:block/array/glowstone	chisel:block/ctm/array/glowstone/0	chisel:block/ctm/array/glowstone/1	chisel:block/ctm/array/glowstone/2	chisel:block/ctm/array/glowstone/3	7eafcf0663be0513e285923e92ddf310589220ff3d49c26beb4c98f0322263cc
chisel:array/granite	ctm	chisel:block/array/granite	block/cube_all	chisel:block/ctm/array/granite/0	chisel:block/ctm/array/granite/1	chisel:block/ctm/array/granite/4	chisel:block/ctm/array/granite/2	chisel:block/ctm/array/granite/3	dc8db37e87a31176ab1826f388d745c7a761aa70ac89e3bd78214cb2b77a1463
chisel:array/gray_concrete	giant	chisel:block/array/gray_concrete	block/cube_all	chisel:block/array/gray_concrete	chisel:block/ctm/array/gray_concrete/0	chisel:block/ctm/array/gray_concrete/1	chisel:block/ctm/array/gray_concrete/2	chisel:block/ctm/array/gray_concrete/3	a12efb091b96f433c55c7a2eabe06759b477c428e9e6d6613952f46bfa45540e
chisel:array/green_concrete	giant	chisel:block/array/green_concrete	block/cube_all	chisel:block/array/green_concrete	chisel:block/ctm/array/green_concrete/0	chisel:block/ctm/array/green_concrete/1	chisel:block/ctm/array/green_concrete/2	chisel:block/ctm/array/green_concrete/3	2db295be1cc22b2526d5914a7647b85651f44af6be2ace3a6dd51e61472f9f2e
chisel:array/ice	giant	chisel:block/array/ice	block/cube_all	chisel:block/array/ice	chisel:block/ctm/array/ice/0	chisel:block/ctm/array/ice/1	chisel:block/ctm/array/ice/2	chisel:block/ctm/array/ice/3	d8e3a7445a95b5e6b58d464ab531c696c903c863065b9b09dc6d8d85067a0d48
chisel:array/light_blue_concrete	giant	chisel:block/array/light_blue_concrete	block/cube_all	chisel:block/array/light_blue_concrete	chisel:block/ctm/array/light_blue_concrete/0	chisel:block/ctm/array/light_blue_concrete/1	chisel:block/ctm/array/light_blue_concrete/2	chisel:block/ctm/array/light_blue_concrete/3	90ca57a0a88fc428658ee28d21fc780db41b79b32180f42ef87b864af8828861
chisel:array/light_gray_concrete	giant	chisel:block/array/light_gray_concrete	block/cube_all	chisel:block/array/light_gray_concrete	chisel:block/ctm/array/light_gray_concrete/0	chisel:block/ctm/array/light_gray_concrete/1	chisel:block/ctm/array/light_gray_concrete/2	chisel:block/ctm/array/light_gray_concrete/3	ee61abb478f1029377ea1b8091125c36b1934bc9a5da62e0b77ca5febdeb6181
chisel:array/lime_concrete	giant	chisel:block/array/lime_concrete	block/cube_all	chisel:block/array/lime_concrete	chisel:block/ctm/array/lime_concrete/0	chisel:block/ctm/array/lime_concrete/1	chisel:block/ctm/array/lime_concrete/2	chisel:block/ctm/array/lime_concrete/3	8ea07c87894940702189bd19b96969e9311b835f60068da59945662c1af5afec
chisel:array/magenta_concrete	giant	chisel:block/array/magenta_concrete	block/cube_all	chisel:block/array/magenta_concrete	chisel:block/ctm/array/magenta_concrete/0	chisel:block/ctm/array/magenta_concrete/1	chisel:block/ctm/array/magenta_concrete/2	chisel:block/ctm/array/magenta_concrete/3	2502ce5b563449405822857a217dc2d2de7f096792155830efdcfcb0c7c64366
chisel:array/orange_concrete	giant	chisel:block/array/orange_concrete	block/cube_all	chisel:block/array/orange_concrete	chisel:block/ctm/array/orange_concrete/0	chisel:block/ctm/array/orange_concrete/1	chisel:block/ctm/array/orange_concrete/2	chisel:block/ctm/array/orange_concrete/3	ce15787590655ce69da5a8fbdaafe14539aba9b80be7415fce5239845f43e7ee
chisel:array/pink_concrete	giant	chisel:block/array/pink_concrete	block/cube_all	chisel:block/array/pink_concrete	chisel:block/ctm/array/pink_concrete/0	chisel:block/ctm/array/pink_concrete/1	chisel:block/ctm/array/pink_concrete/2	chisel:block/ctm/array/pink_concrete/3	6f9414bde7547bfd93f5ed65fc42d437fc6bf705f322135aaf2a1a91562c4a40
chisel:array/prismarine	giant	chisel:block/array/prismarine	block/cube_all	chisel:block/array/prismarine	chisel:block/ctm/array/prismarine/0	chisel:block/ctm/array/prismarine/1	chisel:block/ctm/array/prismarine/2	chisel:block/ctm/array/prismarine/3	e390911193cf6108d0fb3867a1a9754eaf3f697d9a929cd64d2135467340d8b4
chisel:array/purple_concrete	giant	chisel:block/array/purple_concrete	block/cube_all	chisel:block/array/purple_concrete	chisel:block/ctm/array/purple_concrete/0	chisel:block/ctm/array/purple_concrete/1	chisel:block/ctm/array/purple_concrete/2	chisel:block/ctm/array/purple_concrete/3	a9e48cbb0dab3643345d4397d203bc9b2cf281002f7bcd863950a7d67a91e0a7
chisel:array/purpur	giant	chisel:block/array/purpur	block/cube_all	chisel:block/array/purpur	chisel:block/ctm/array/purpur/0	chisel:block/ctm/array/purpur/1	chisel:block/ctm/array/purpur/2	chisel:block/ctm/array/purpur/3	66f12e5a753810bd77d411602615863c3b3c4e78e155da77bf3e6cd1bcdaeb33
chisel:array/quartz	giant	chisel:block/array/quartz	block/cube_all	chisel:block/array/quartz	chisel:block/ctm/array/quartz/0	chisel:block/ctm/array/quartz/1	chisel:block/ctm/array/quartz/2	chisel:block/ctm/array/quartz/3	e12076658cf494d4fdd8f9ea8d0dc13704012c38a41746df77bccae63a087250
chisel:array/red_concrete	giant	chisel:block/array/red_concrete	block/cube_all	chisel:block/array/red_concrete	chisel:block/ctm/array/red_concrete/0	chisel:block/ctm/array/red_concrete/1	chisel:block/ctm/array/red_concrete/2	chisel:block/ctm/array/red_concrete/3	f13c6660cb96be6ac966ab453bd95f17c31210e292f04b1cd088f50a64472503
chisel:array/red_sandstone	giant	chisel:block/array/red_sandstone	block/cube_all	chisel:block/array/red_sandstone	chisel:block/ctm/array/red_sandstone/0	chisel:block/ctm/array/red_sandstone/1	chisel:block/ctm/array/red_sandstone/2	chisel:block/ctm/array/red_sandstone/3	8b52e40878ce6ed3011602553f1a361df086d808ea2242aa161372c39e8a71fa
chisel:array/redstone_block	giant	chisel:block/array/redstone_block	block/cube_all	chisel:block/array/redstone_block	chisel:block/ctm/array/redstone_block/0	chisel:block/ctm/array/redstone_block/1	chisel:block/ctm/array/redstone_block/2	chisel:block/ctm/array/redstone_block/3	d261f413985baecfa5e1d6ad6d8de22f783376041b73f824e25365bbd6bfb762
chisel:array/sandstone	giant	chisel:block/array/sandstone	block/cube_all	chisel:block/array/sandstone	chisel:block/ctm/array/sandstone/0	chisel:block/ctm/array/sandstone/1	chisel:block/ctm/array/sandstone/2	chisel:block/ctm/array/sandstone/3	bbb9614a2160f71f0301bc507036837231db35ab7342b1e7dd08dde4071718f4
chisel:array/stone	giant	chisel:block/array/stone	block/cube_all	chisel:block/array/stone	chisel:block/ctm/array/stone/0	chisel:block/ctm/array/stone/1	chisel:block/ctm/array/stone/2	chisel:block/ctm/array/stone/3	6dbc9442c48b6aded8514ae1330a3eda2d34d9392a4dbe605d662cc8b9c69726
chisel:array/white_concrete	giant	chisel:block/array/white_concrete	block/cube_all	chisel:block/array/white_concrete	chisel:block/ctm/array/white_concrete/0	chisel:block/ctm/array/white_concrete/1	chisel:block/ctm/array/white_concrete/2	chisel:block/ctm/array/white_concrete/3	63032565963cea9a60146fe6cba23cb08393f3f7990a566a388fe2b9b463ee8e
chisel:array/yellow_concrete	giant	chisel:block/array/yellow_concrete	block/cube_all	chisel:block/array/yellow_concrete	chisel:block/ctm/array/yellow_concrete/0	chisel:block/ctm/array/yellow_concrete/1	chisel:block/ctm/array/yellow_concrete/2	chisel:block/ctm/array/yellow_concrete/3	f47c3d6825cfb8e4404dbf43f754db77883adac4c443004f5bf81bbd2402a33c
chisel:braid/acacia_planks	ctm	chisel:block/braid/acacia_planks	block/cube_all	chisel:block/ctm/braid/acacia_planks/0	chisel:block/ctm/braid/acacia_planks/1	chisel:block/ctm/braid/acacia_planks/4	chisel:block/ctm/braid/acacia_planks/2	chisel:block/ctm/braid/acacia_planks/3	1f4bcbd7fd9832ef9b46b58fac12444e1c9e0d113aa744636d0c0331eb8ad29b
chisel:braid/birch_planks	ctm	chisel:block/braid/birch_planks	block/cube_all	chisel:block/ctm/braid/birch_planks/0	chisel:block/ctm/braid/birch_planks/1	chisel:block/ctm/braid/birch_planks/4	chisel:block/ctm/braid/birch_planks/2	chisel:block/ctm/braid/birch_planks/3	95a08e0766f0ff5f66e688a8f1e046a1c6d5f601bbfe3d5b46d5f9b9e5dc77de
chisel:braid/crimson_planks	ctm	chisel:block/braid/crimson_planks	block/cube_all	chisel:block/ctm/braid/crimson_planks/0	chisel:block/ctm/braid/crimson_planks/1	chisel:block/ctm/braid/crimson_planks/4	chisel:block/ctm/braid/crimson_planks/2	chisel:block/ctm/braid/crimson_planks/3	642a0a2d5cd04a43f1a722029cf81575b7ee36b525cea31e621dd16940e1f376
chisel:braid/dark_oak_planks	ctm	chisel:block/braid/dark_oak_planks	block/cube_all	chisel:block/ctm/braid/dark_oak_planks/0	chisel:block/ctm/braid/dark_oak_planks/1	chisel:block/ctm/braid/dark_oak_planks/4	chisel:block/ctm/braid/dark_oak_planks/2	chisel:block/ctm/braid/dark_oak_planks/3	b43ff71c3990f3541471b4dc49ee674368f3f3be4d56ccc4b1ae4a4fc0cb3ad0
chisel:braid/jungle_planks	ctm	chisel:block/braid/jungle_planks	block/cube_all	chisel:block/ctm/braid/jungle_planks/0	chisel:block/ctm/braid/jungle_planks/1	chisel:block/ctm/braid/jungle_planks/4	chisel:block/ctm/braid/jungle_planks/2	chisel:block/ctm/braid/jungle_planks/3	77a8116d7467c675d29a081c4063f14b9746bc432583035d8b7e9d0137279990
chisel:braid/oak_planks	ctm	chisel:block/braid/oak_planks	block/cube_all	chisel:block/ctm/braid/oak_planks/0	chisel:block/ctm/braid/oak_planks/1	chisel:block/ctm/braid/oak_planks/4	chisel:block/ctm/braid/oak_planks/2	chisel:block/ctm/braid/oak_planks/3	810bac69e3b99f729e105672a216bd86fcd85ccd058bb78d1cf2babad9ca5830
chisel:braid/spruce_planks	ctm	chisel:block/braid/spruce_planks	block/cube_all	chisel:block/ctm/braid/spruce_planks/0	chisel:block/ctm/braid/spruce_planks/1	chisel:block/ctm/braid/spruce_planks/4	chisel:block/ctm/braid/spruce_planks/2	chisel:block/ctm/braid/spruce_planks/3	53ce23653e10bdcb33eb4aba715f2fafee4e91e449e93a1d4b0f0fb05a0f64ff
chisel:bubble/glass	ctm	chisel:block/bubble/glass	block/cube_all	chisel:block/ctm/bubble/glass/0	chisel:block/ctm/bubble/glass/1	chisel:block/ctm/bubble/glass/4	chisel:block/ctm/bubble/glass/2	chisel:block/ctm/bubble/glass/3	68b401ba046570026970b55f2b016f90961ad97394d5077cfdab7823a2070d20
chisel:cells/diamond_block	giant	chisel:block/cells/diamond_block	block/cube_all	chisel:block/cells/diamond_block	chisel:block/ctm/cells/diamond_block/0	chisel:block/ctm/cells/diamond_block/1	chisel:block/ctm/cells/diamond_block/2	chisel:block/ctm/cells/diamond_block/3	c8324cd212050b7208f0c5f21bb0f0b9be9d07609e1aee28acc3f778a5a29442
chisel:chrono/glass	ctm	chisel:block/chrono/glass	block/cube_all	chisel:block/ctm/chrono/glass/0	chisel:block/ctm/chrono/glass/1	chisel:block/ctm/chrono/glass/4	chisel:block/ctm/chrono/glass/2	chisel:block/ctm/chrono/glass/3	ed7ef39f241bbc1ceb6ccc31da45ae926cb7bde413c5dd9b72b2f466027aeb73
chisel:circular/andesite	ctm	chisel:block/circular/andesite	block/cube_all	chisel:block/ctm/circular/andesite/0	chisel:block/ctm/circular/andesite/1	chisel:block/ctm/circular/andesite/4	chisel:block/ctm/circular/andesite/2	chisel:block/ctm/circular/andesite/3	e2c99b1a50d95118b8980f166684a93fd701114be0657b5afa7c358ffcbfb494
chisel:circular/black_concrete	ctm	chisel:block/circular/black_concrete	block/cube_all	chisel:block/ctm/circular/black_concrete/0	chisel:block/ctm/circular/black_concrete/1	chisel:block/ctm/circular/black_concrete/4	chisel:block/ctm/circular/black_concrete/2	chisel:block/ctm/circular/black_concrete/3	1fa727905b52e4c73e268c72aa3f37f1b36f3c2bc5dc3188644345a6b32b0121
chisel:circular/blue_concrete	ctm	chisel:block/circular/blue_concrete	block/cube_all	chisel:block/ctm/circular/blue_concrete/0	chisel:block/ctm/circular/blue_concrete/1	chisel:block/ctm/circular/blue_concrete/4	chisel:block/ctm/circular/blue_concrete/2	chisel:block/ctm/circular/blue_concrete/3	73da6b8ab6d1755d37b29443ea54ffca2b320ebd55ebe7b69bf4bb0bfc77636c
chisel:circular/bricks	ctm	chisel:block/circular/bricks	block/cube_all	chisel:block/ctm/circular/bricks/0	chisel:block/ctm/circular/bricks/1	chisel:block/ctm/circular/bricks/4	chisel:block/ctm/circular/bricks/2	chisel:block/ctm/circular/bricks/3	a0e7e3fe90323a625e53e05a95bacdeda1a8bd278dbdd2881909c6773ae13b84
chisel:circular/brown_concrete	ctm	chisel:block/circular/brown_concrete	block/cube_all	chisel:block/ctm/circular/brown_concrete/0	chisel:block/ctm/circular/brown_concrete/1	chisel:block/ctm/circular/brown_concrete/4	chisel:block/ctm/circular/brown_concrete/2	chisel:block/ctm/circular/brown_concrete/3	20445fdb9fbdca12bb7118019eeb506c0e4245c16a7073e6c481b8835556c784
chisel:circular/coal_block	ctm	chisel:block/circular/coal_block	block/cube_all	chisel:block/ctm/circular/coal_block/0	chisel:block/ctm/circular/coal_block/1	chisel:block/ctm/circular/coal_block/4	chisel:block/ctm/circular/coal_block/2	chisel:block/ctm/circular/coal_block/3	cb9fa7adc9933e2aa1feeb8487bd466ffa57f023e617af54d899fb41ddfd2d67
chisel:circular/cobblestone	ctm	chisel:block/circular/cobblestone	block/cube_all	chisel:block/ctm/circular/cobblestone/0	chisel:block/ctm/circular/cobblestone/1	chisel:block/ctm/circular/cobblestone/4	chisel:block/ctm/circular/cobblestone/2	chisel:block/ctm/circular/cobblestone/3	5289b8b02682a14521b142e1f07af07df40f4ef55864b4288261a72a342c53ad
chisel:circular/cyan_concrete	ctm	chisel:block/circular/cyan_concrete	block/cube_all	chisel:block/ctm/circular/cyan_concrete/0	chisel:block/ctm/circular/cyan_concrete/1	chisel:block/ctm/circular/cyan_concrete/4	chisel:block/ctm/circular/cyan_concrete/2	chisel:block/ctm/circular/cyan_concrete/3	98993464540282b575364d096ddf52eec7685353f725cc149ca1154d72cfec90
chisel:circular/deepslate	ctm	chisel:block/circular/deepslate	block/cube_all	chisel:block/ctm/circular/deepslate/0	chisel:block/ctm/circular/deepslate/1	chisel:block/ctm/circular/deepslate/4	chisel:block/ctm/circular/deepslate/2	chisel:block/ctm/circular/deepslate/3	ecdd3008521f3d7e26b1ace1f0627321dbd18b6a85d0dc97e3636e4c4513aa83
chisel:circular/diorite	ctm	chisel:block/circular/diorite	block/cube_all	chisel:block/ctm/circular/diorite/0	chisel:block/ctm/circular/diorite/1	chisel:block/ctm/circular/diorite/4	chisel:block/ctm/circular/diorite/2	chisel:block/ctm/circular/diorite/3	d5a76a6f3760801fffecb99717d1630c8d92b89e4eca4626e94fbd6d04722a13
chisel:circular/end_stone	ctm	chisel:block/circular/end_stone	block/cube_all	chisel:block/ctm/circular/end_stone/0	chisel:block/ctm/circular/end_stone/1	chisel:block/ctm/circular/end_stone/4	chisel:block/ctm/circular/end_stone/2	chisel:block/ctm/circular/end_stone/3	6487e52212ae05ba9d9d81356b99d4e42c6c967779ffb325761df8e4a50072b7
chisel:circular/granite	ctm	chisel:block/circular/granite	block/cube_all	chisel:block/ctm/circular/granite/0	chisel:block/ctm/circular/granite/1	chisel:block/ctm/circular/granite/4	chisel:block/ctm/circular/granite/2	chisel:block/ctm/circular/granite/3	82a1ad20b45f6cef29a0869b7ada6a04cc138158e1e5b42e606a6f6b0a99d2bf
chisel:circular/gray_concrete	ctm	chisel:block/circular/gray_concrete	block/cube_all	chisel:block/ctm/circular/gray_concrete/0	chisel:block/ctm/circular/gray_concrete/1	chisel:block/ctm/circular/gray_concrete/4	chisel:block/ctm/circular/gray_concrete/2	chisel:block/ctm/circular/gray_concrete/3	98db06b37169182a298fa8fa0d1c9282b055d4fda2558701e5327c7cbef8fd91
chisel:circular/green_concrete	ctm	chisel:block/circular/green_concrete	block/cube_all	chisel:block/ctm/circular/green_concrete/0	chisel:block/ctm/circular/green_concrete/1	chisel:block/ctm/circular/green_concrete/4	chisel:block/ctm/circular/green_concrete/2	chisel:block/ctm/circular/green_concrete/3	2b768b9a5b2391bc6c1a76113523ce5b0ab048ffa82b861d6b2ea25d6e08b84f
chisel:circular/ice	ctm	chisel:block/circular/ice	block/cube_all	chisel:block/ctm/circular/ice/0	chisel:block/ctm/circular/ice/1	chisel:block/ctm/circular/ice/4	chisel:block/ctm/circular/ice/2	chisel:block/ctm/circular/ice/3	8302c8be7747c1351b088f11516af10783495a332252ef98bf54453c9a68c148
chisel:circular/light_blue_concrete	ctm	chisel:block/circular/light_blue_concrete	block/cube_all	chisel:block/ctm/circular/light_blue_concrete/0	chisel:block/ctm/circular/light_blue_concrete/1	chisel:block/ctm/circular/light_blue_concrete/4	chisel:block/ctm/circular/light_blue_concrete/2	chisel:block/ctm/circular/light_blue_concrete/3	caced9fba7c22773f2a40c88b2dbb5aff59315495fa3e836361d01138cfa6f26
chisel:circular/light_gray_concrete	ctm	chisel:block/circular/light_gray_concrete	block/cube_all	chisel:block/ctm/circular/light_gray_concrete/0	chisel:block/ctm/circular/light_gray_concrete/1	chisel:block/ctm/circular/light_gray_concrete/4	chisel:block/ctm/circular/light_gray_concrete/2	chisel:block/ctm/circular/light_gray_concrete/3	a8481ec7ad13f6def2276836b8fa855adcfecb542e9cb02bf300cc09e0187060
chisel:circular/lime_concrete	ctm	chisel:block/circular/lime_concrete	block/cube_all	chisel:block/ctm/circular/lime_concrete/0	chisel:block/ctm/circular/lime_concrete/1	chisel:block/ctm/circular/lime_concrete/4	chisel:block/ctm/circular/lime_concrete/2	chisel:block/ctm/circular/lime_concrete/3	9d806242f5466291e4dffa76d7bfe78afa6bbc639e0031896d2284c0e705405e
chisel:circular/magenta_concrete	ctm	chisel:block/circular/magenta_concrete	block/cube_all	chisel:block/ctm/circular/magenta_concrete/0	chisel:block/ctm/circular/magenta_concrete/1	chisel:block/ctm/circular/magenta_concrete/4	chisel:block/ctm/circular/magenta_concrete/2	chisel:block/ctm/circular/magenta_concrete/3	be090ccef890889ba2be1d3a33565473b84dd88f45048861726e5a3a0d0b6602
chisel:circular/orange_concrete	ctm	chisel:block/circular/orange_concrete	block/cube_all	chisel:block/ctm/circular/orange_concrete/0	chisel:block/ctm/circular/orange_concrete/1	chisel:block/ctm/circular/orange_concrete/4	chisel:block/ctm/circular/orange_concrete/2	chisel:block/ctm/circular/orange_concrete/3	f0e8c9dcb8552302ffee2e6ddd9fa214eedae60746e9a0d8e7c32b28a2c54b1d
chisel:circular/pink_concrete	ctm	chisel:block/circular/pink_concrete	block/cube_all	chisel:block/ctm/circular/pink_concrete/0	chisel:block/ctm/circular/pink_concrete/1	chisel:block/ctm/circular/pink_concrete/4	chisel:block/ctm/circular/pink_concrete/2	chisel:block/ctm/circular/pink_concrete/3	147d82646486d30cfa90a645b0320cc7a54d62d0d86f02820002998735b59038
chisel:circular/prismarine	ctm	chisel:block/circular/prismarine	block/cube_all	chisel:block/ctm/circular/prismarine/0	chisel:block/ctm/circular/prismarine/1	chisel:block/ctm/circular/prismarine/4	chisel:block/ctm/circular/prismarine/2	chisel:block/ctm/circular/prismarine/3	302166a5f38b168344142925528bfcadd768743a5cbefe56478afc2ba9eb4b6a
chisel:circular/purple_concrete	ctm	chisel:block/circular/purple_concrete	block/cube_all	chisel:block/ctm/circular/purple_concrete/0	chisel:block/ctm/circular/purple_concrete/1	chisel:block/ctm/circular/purple_concrete/4	chisel:block/ctm/circular/purple_concrete/2	chisel:block/ctm/circular/purple_concrete/3	f16e14c7f4e40881d2f4a90f3ec2a33ff1081016697476c80564bc3f32ef9bd6
chisel:circular/purpur	ctm	chisel:block/circular/purpur	block/cube_all	chisel:block/ctm/circular/purpur/0	chisel:block/ctm/circular/purpur/1	chisel:block/ctm/circular/purpur/4	chisel:block/ctm/circular/purpur/2	chisel:block/ctm/circular/purpur/3	3e7f98c5bd81ae39dfa399be7eba939bd74651772b2aebf931a8101583366991
chisel:circular/quartz	ctm	chisel:block/circular/quartz	block/cube_all	chisel:block/ctm/circular/quartz/0	chisel:block/ctm/circular/quartz/1	chisel:block/ctm/circular/quartz/4	chisel:block/ctm/circular/quartz/2	chisel:block/ctm/circular/quartz/3	3c8ac7ea22f60f6f1696a3ccd930153410097b4f6f0a1564b674981b382743f1
chisel:circular/red_concrete	ctm	chisel:block/circular/red_concrete	block/cube_all	chisel:block/ctm/circular/red_concrete/0	chisel:block/ctm/circular/red_concrete/1	chisel:block/ctm/circular/red_concrete/4	chisel:block/ctm/circular/red_concrete/2	chisel:block/ctm/circular/red_concrete/3	9c370dd22909c3c78d406d949777189d355b27871818a4d36ac35daaf9e2e340
chisel:circular/red_sandstone	ctm	chisel:block/circular/red_sandstone	block/cube_all	chisel:block/ctm/circular/red_sandstone/0	chisel:block/ctm/circular/red_sandstone/1	chisel:block/ctm/circular/red_sandstone/4	chisel:block/ctm/circular/red_sandstone/2	chisel:block/ctm/circular/red_sandstone/3	d08c7b6ec5debf1f66c67a65f067d2e6bc2596be7c402f0662817652ac675f72
chisel:circular/sandstone	ctm	chisel:block/circular/sandstone	block/cube_all	chisel:block/ctm/circular/sandstone/0	chisel:block/ctm/circular/sandstone/1	chisel:block/ctm/circular/sandstone/4	chisel:block/ctm/circular/sandstone/2	chisel:block/ctm/circular/sandstone/3	dd6c0f5f0d79d62b1ddbcca78fa41066722cdbccc010fb0ae62e99e0e434ca3e
chisel:circular/stone	ctm	chisel:block/circular/stone	block/cube_all	chisel:block/ctm/circular/stone/0	chisel:block/ctm/circular/stone/1	chisel:block/ctm/circular/stone/4	chisel:block/ctm/circular/stone/2	chisel:block/ctm/circular/stone/3	d5ce46ce54fc097803575c5da4c835dcec7094bfa83665b8adc654766fde3037
chisel:circular/white_concrete	ctm	chisel:block/circular/white_concrete	block/cube_all	chisel:block/ctm/circular/white_concrete/0	chisel:block/ctm/circular/white_concrete/1	chisel:block/ctm/circular/white_concrete/4	chisel:block/ctm/circular/white_concrete/2	chisel:block/ctm/circular/white_concrete/3	9f99b1354c9addd7ac939750320d17348c36bfba2498d3c79e12c919e4dd1436
chisel:circular/yellow_concrete	ctm	chisel:block/circular/yellow_concrete	block/cube_all	chisel:block/ctm/circular/yellow_concrete/0	chisel:block/ctm/circular/yellow_concrete/1	chisel:block/ctm/circular/yellow_concrete/4	chisel:block/ctm/circular/yellow_concrete/2	chisel:block/ctm/circular/yellow_concrete/3	6b4327ccd4f22fdd0836e11b28e2c20555f6badea01731694570598749b71b92
chisel:cobble/dirt	ctm	chisel:block/cobble/dirt	block/cube_all	chisel:block/ctm/cobble/dirt/0	chisel:block/ctm/cobble/dirt/1	chisel:block/ctm/cobble/dirt/4	chisel:block/ctm/cobble/dirt/2	chisel:block/ctm/cobble/dirt/3	d0328000d6c20317e11543294322d02fc2db6815ff7e5b4c7f4e5d28802acc20
chisel:crude_horizontal/acacia_planks	ctm	chisel:block/crude_horizontal/acacia_planks	block/cube_all	chisel:block/ctm/crude_horizontal/acacia_planks/0	chisel:block/ctm/crude_horizontal/acacia_planks/1	chisel:block/ctm/crude_horizontal/acacia_planks/4	chisel:block/ctm/crude_horizontal/acacia_planks/2	chisel:block/ctm/crude_horizontal/acacia_planks/3	98982490024cd00d41373d3891f705cc2b21ca28ecbb871ee17a03f27fa6535e
chisel:dent/andesite	ctm	chisel:block/dent/andesite	block/cube_all	chisel:block/ctm/dent/andesite/0	chisel:block/ctm/dent/andesite/1	chisel:block/ctm/dent/andesite/4	chisel:block/ctm/dent/andesite/2	chisel:block/ctm/dent/andesite/3	f1e744b4d5558ad4cf47b46903af3f3f1056ffce27878df21a4107e36530615b
chisel:dent/black_concrete	ctm	chisel:block/dent/black_concrete	block/cube_all	chisel:block/ctm/dent/black_concrete/0	chisel:block/ctm/dent/black_concrete/1	chisel:block/ctm/dent/black_concrete/4	chisel:block/ctm/dent/black_concrete/2	chisel:block/ctm/dent/black_concrete/3	914621895ab52339825d7f344869a2f4ed942bd9596588e1c666e55d980bfe10
chisel:dent/blue_concrete	ctm	chisel:block/dent/blue_concrete	block/cube_all	chisel:block/ctm/dent/blue_concrete/0	chisel:block/ctm/dent/blue_concrete/1	chisel:block/ctm/dent/blue_concrete/4	chisel:block/ctm/dent/blue_concrete/2	chisel:block/ctm/dent/blue_concrete/3	6ca4185df85b94dc3096cd9c315935787345f46aded628b43b0f6a93d1b129b3
chisel:dent/bricks	ctm	chisel:block/dent/bricks	block/cube_all	chisel:block/ctm/dent/bricks/0	chisel:block/ctm/dent/bricks/1	chisel:block/ctm/dent/bricks/4	chisel:block/ctm/dent/bricks/2	chisel:block/ctm/dent/bricks/3	340d1ceb1adfdb751c130a4d481a06b90f331cb039168cb1bd39257cb3ba767a
chisel:dent/brown_concrete	ctm	chisel:block/dent/brown_concrete	block/cube_all	chisel:block/ctm/dent/brown_concrete/0	chisel:block/ctm/dent/brown_concrete/1	chisel:block/ctm/dent/brown_concrete/4	chisel:block/ctm/dent/brown_concrete/2	chisel:block/ctm/dent/brown_concrete/3	a62f47c886bfaa3d5a102fb230e4fc606619d4426e140c7c6f17edf1dada1e45
chisel:dent/coal_block	ctm	chisel:block/dent/coal_block	block/cube_all	chisel:block/ctm/dent/coal_block/0	chisel:block/ctm/dent/coal_block/1	chisel:block/ctm/dent/coal_block/4	chisel:block/ctm/dent/coal_block/2	chisel:block/ctm/dent/coal_block/3	5dcd5257935f1c04297f8302902455b4233f7bff353058333e8b365e0dce4d60
chisel:dent/cobblestone	ctm	chisel:block/dent/cobblestone	block/cube_all	chisel:block/ctm/dent/cobblestone/0	chisel:block/ctm/dent/cobblestone/1	chisel:block/ctm/dent/cobblestone/4	chisel:block/ctm/dent/cobblestone/2	chisel:block/ctm/dent/cobblestone/3	7991ed53ddb2b544b3cd364c9d0457f38bda7a03924ea0d041c5ee52ad164143
chisel:dent/cyan_concrete	ctm	chisel:block/dent/cyan_concrete	block/cube_all	chisel:block/ctm/dent/cyan_concrete/0	chisel:block/ctm/dent/cyan_concrete/1	chisel:block/ctm/dent/cyan_concrete/4	chisel:block/ctm/dent/cyan_concrete/2	chisel:block/ctm/dent/cyan_concrete/3	893eb6415ecbfabb65ef2ce319ceaf33b944d7d2a9e61c03ce8cfab832b93ce4
chisel:dent/deepslate	ctm	chisel:block/dent/deepslate	block/cube_all	chisel:block/ctm/dent/deepslate/0	chisel:block/ctm/dent/deepslate/1	chisel:block/ctm/dent/deepslate/4	chisel:block/ctm/dent/deepslate/2	chisel:block/ctm/dent/deepslate/3	cf25b27fb436c45720d5bf710657dc1043925a45e7575070361b59cf2c1e97a7
chisel:dent/diorite	ctm	chisel:block/dent/diorite	block/cube_all	chisel:block/ctm/dent/diorite/0	chisel:block/ctm/dent/diorite/1	chisel:block/ctm/dent/diorite/4	chisel:block/ctm/dent/diorite/2	chisel:block/ctm/dent/diorite/3	837d2fbec0ef7bbde43e2093a515ac98de237536470b3e670e49d624baa6fd8c
chisel:dent/end_stone	ctm	chisel:block/dent/end_stone	block/cube_all	chisel:block/ctm/dent/end_stone/0	chisel:block/ctm/dent/end_stone/1	chisel:block/ctm/dent/end_stone/4	chisel:block/ctm/dent/end_stone/2	chisel:block/ctm/dent/end_stone/3	f48f605b9c525e45f280d279fb2cdeedbd10a55e0b5587ef317caed8621be78c
chisel:dent/glowstone	ctm	chisel:block/dent/glowstone	block/cube_all	chisel:block/ctm/dent/glowstone/0	chisel:block/ctm/dent/glowstone/1	chisel:block/ctm/dent/glowstone/4	chisel:block/ctm/dent/glowstone/2	chisel:block/ctm/dent/glowstone/3	d4b81f0c61d4ac6acc8bfa28ed687d518d5a0951155ec35c3008c9216c0d15d8
chisel:dent/granite	ctm	chisel:block/dent/granite	block/cube_all	chisel:block/ctm/dent/granite/0	chisel:block/ctm/dent/granite/1	chisel:block/ctm/dent/granite/4	chisel:block/ctm/dent/granite/2	chisel:block/ctm/dent/granite/3	6e20e200b7ecd5dad883ee24a24069302365adea0339971952b735b37fdafc22
chisel:dent/gray_concrete	ctm	chisel:block/dent/gray_concrete	block/cube_all	chisel:block/ctm/dent/gray_concrete/0	chisel:block/ctm/dent/gray_concrete/1	chisel:block/ctm/dent/gray_concrete/4	chisel:block/ctm/dent/gray_concrete/2	chisel:block/ctm/dent/gray_concrete/3	488520678fd6961e54b58eb3f3fe580bcd659b1493e0e013369ba86b78c13abe
chisel:dent/green_concrete	ctm	chisel:block/dent/green_concrete	block/cube_all	chisel:block/ctm/dent/green_concrete/0	chisel:block/ctm/dent/green_concrete/1	chisel:block/ctm/dent/green_concrete/4	chisel:block/ctm/dent/green_concrete/2	chisel:block/ctm/dent/green_concrete/3	f2fd4ece6d86a86fa0fc3af88db9030d7ea21e2650f5a7ae47c853a9b628b81a
chisel:dent/ice	ctm	chisel:block/dent/ice	block/cube_all	chisel:block/ctm/dent/ice/0	chisel:block/ctm/dent/ice/1	chisel:block/ctm/dent/ice/4	chisel:block/ctm/dent/ice/2	chisel:block/ctm/dent/ice/3	4075e1b43725001b76fec94f4c6bdddb10aaeb1752cc08ba824a4fa6cd6bc996
chisel:dent/light_blue_concrete	ctm	chisel:block/dent/light_blue_concrete	block/cube_all	chisel:block/ctm/dent/light_blue_concrete/0	chisel:block/ctm/dent/light_blue_concrete/1	chisel:block/ctm/dent/light_blue_concrete/4	chisel:block/ctm/dent/light_blue_concrete/2	chisel:block/ctm/dent/light_blue_concrete/3	0540fd9b145ad5d8f7760ac110ff664b084aa3c8b12b0804a35979fe8c0df709
chisel:dent/light_gray_concrete	ctm	chisel:block/dent/light_gray_concrete	block/cube_all	chisel:block/ctm/dent/light_gray_concrete/0	chisel:block/ctm/dent/light_gray_concrete/1	chisel:block/ctm/dent/light_gray_concrete/4	chisel:block/ctm/dent/light_gray_concrete/2	chisel:block/ctm/dent/light_gray_concrete/3	b6f13986054681b11d5bbf100fbeb8b222407a4f6b0b9765a5d29231de887b3b
chisel:dent/lime_concrete	ctm	chisel:block/dent/lime_concrete	block/cube_all	chisel:block/ctm/dent/lime_concrete/0	chisel:block/ctm/dent/lime_concrete/1	chisel:block/ctm/dent/lime_concrete/4	chisel:block/ctm/dent/lime_concrete/2	chisel:block/ctm/dent/lime_concrete/3	1053a6d46c9124cd160c020c3ecdc7f5240a54a0d17e1c646fcb9c3c1e1c08f0
chisel:dent/magenta_concrete	ctm	chisel:block/dent/magenta_concrete	block/cube_all	chisel:block/ctm/dent/magenta_concrete/0	chisel:block/ctm/dent/magenta_concrete/1	chisel:block/ctm/dent/magenta_concrete/4	chisel:block/ctm/dent/magenta_concrete/2	chisel:block/ctm/dent/magenta_concrete/3	2aa56e86be8dea4d7ecf8ab55ef7455ba7e763c71092f4ecd8fae4daae6f1122
chisel:dent/orange_concrete	ctm	chisel:block/dent/orange_concrete	block/cube_all	chisel:block/ctm/dent/orange_concrete/0	chisel:block/ctm/dent/orange_concrete/1	chisel:block/ctm/dent/orange_concrete/4	chisel:block/ctm/dent/orange_concrete/2	chisel:block/ctm/dent/orange_concrete/3	95fff1dd96859a236812582f856b2d528acb53f6f9facd692fc598935e15071e
chisel:dent/pink_concrete	ctm	chisel:block/dent/pink_concrete	block/cube_all	chisel:block/ctm/dent/pink_concrete/0	chisel:block/ctm/dent/pink_concrete/1	chisel:block/ctm/dent/pink_concrete/4	chisel:block/ctm/dent/pink_concrete/2	chisel:block/ctm/dent/pink_concrete/3	113f3bf600f956734bdbfe16e9f0404545af897152e87b5582cda8889e2d5648
chisel:dent/prismarine	ctm	chisel:block/dent/prismarine	block/cube_all	chisel:block/ctm/dent/prismarine/0	chisel:block/ctm/dent/prismarine/1	chisel:block/ctm/dent/prismarine/4	chisel:block/ctm/dent/prismarine/2	chisel:block/ctm/dent/prismarine/3	ae59f1037eaa42092fdb1863445bbebf739771ed50abea41b944c17d94ee126c
chisel:dent/purple_concrete	ctm	chisel:block/dent/purple_concrete	block/cube_all	chisel:block/ctm/dent/purple_concrete/0	chisel:block/ctm/dent/purple_concrete/1	chisel:block/ctm/dent/purple_concrete/4	chisel:block/ctm/dent/purple_concrete/2	chisel:block/ctm/dent/purple_concrete/3	2a8798fc4f7278fe7b79c4dc61ae51a82991842e25fc8911c3c181e3b4eb221d
chisel:dent/purpur	ctm	chisel:block/dent/purpur	block/cube_all	chisel:block/ctm/dent/purpur/0	chisel:block/ctm/dent/purpur/1	chisel:block/ctm/dent/purpur/4	chisel:block/ctm/dent/purpur/2	chisel:block/ctm/dent/purpur/3	70feaa485a0f095881b2ada05361a0996cfde83ef69b591c3ee4af760f69e1a8
chisel:dent/quartz	ctm	chisel:block/dent/quartz	block/cube_all	chisel:block/ctm/dent/quartz/0	chisel:block/ctm/dent/quartz/1	chisel:block/ctm/dent/quartz/4	chisel:block/ctm/dent/quartz/2	chisel:block/ctm/dent/quartz/3	43dc1ffc12f205d1e141bda0617364ad2da494fcbbd8fd7341d51c7e0ed71d57
chisel:dent/red_concrete	ctm	chisel:block/dent/red_concrete	block/cube_all	chisel:block/ctm/dent/red_concrete/0	chisel:block/ctm/dent/red_concrete/1	chisel:block/ctm/dent/red_concrete/4	chisel:block/ctm/dent/red_concrete/2	chisel:block/ctm/dent/red_concrete/3	cbe02b0a65053297cac8a0632c8de008cf6bb6e59bc212aba04ba46ffa24e4ec
chisel:dent/red_sandstone	ctm	chisel:block/dent/red_sandstone	block/cube_all	chisel:block/ctm/dent/red_sandstone/0	chisel:block/ctm/dent/red_sandstone/1	chisel:block/ctm/dent/red_sandstone/4	chisel:block/ctm/dent/red_sandstone/2	chisel:block/ctm/dent/red_sandstone/3	070d38e253b4765dc89fa6994ccf8322972730df96b2f9c5b6aa7bd2ef8acc2b
chisel:dent/redstone_block	ctm	chisel:block/dent/redstone_block	block/cube_all	chisel:block/ctm/dent/redstone_block/0	chisel:block/ctm/dent/redstone_block/1	chisel:block/ctm/dent/redstone_block/4	chisel:block/ctm/dent/redstone_block/2	chisel:block/ctm/dent/redstone_block/3	0454aa8fd4eaf0f1ce5a4458e9b55e382fb49bed1bd34b10bea29e430ac927e0
chisel:dent/sandstone	ctm	chisel:block/dent/sandstone	block/cube_all	chisel:block/ctm/dent/sandstone/0	chisel:block/ctm/dent/sandstone/1	chisel:block/ctm/dent/sandstone/4	chisel:block/ctm/dent/sandstone/2	chisel:block/ctm/dent/sandstone/3	510c74ba06adde0c0818b466b040778b952421fb33bcdc6bf821fb9ac4d6afd1
chisel:dent/stone	ctm	chisel:block/dent/stone	block/cube_all	chisel:block/ctm/dent/stone/0	chisel:block/ctm/dent/stone/1	chisel:block/ctm/dent/stone/4	chisel:block/ctm/dent/stone/2	chisel:block/ctm/dent/stone/3	b256ee5c21edfdec4bcf54bdbb7076f0672496a6300c77c0bf22f20dfbf0aaf6
chisel:dent/white_concrete	ctm	chisel:block/dent/white_concrete	block/cube_all	chisel:block/ctm/dent/white_concrete/0	chisel:block/ctm/dent/white_concrete/1	chisel:block/ctm/dent/white_concrete/4	chisel:block/ctm/dent/white_concrete/2	chisel:block/ctm/dent/white_concrete/3	4e34863570b97e58d22ce5691248465c38477536767263fa4d2f936b51761f78
chisel:dent/yellow_concrete	ctm	chisel:block/dent/yellow_concrete	block/cube_all	chisel:block/ctm/dent/yellow_concrete/0	chisel:block/ctm/dent/yellow_concrete/1	chisel:block/ctm/dent/yellow_concrete/4	chisel:block/ctm/dent/yellow_concrete/2	chisel:block/ctm/dent/yellow_concrete/3	e9fdf7bcb35798a4ea2185377c3b71b14a8f0598de3677536f9b7aec05a3015d
chisel:encased/acacia_planks	ctm	chisel:block/encased/acacia_planks	block/cube_all	chisel:block/ctm/encased/acacia_planks/0	chisel:block/ctm/encased/acacia_planks/1	chisel:block/ctm/encased/acacia_planks/4	chisel:block/ctm/encased/acacia_planks/2	chisel:block/ctm/encased/acacia_planks/3	d32528fcd262b48e075d63df6701539e6b9b6cbc3670536648d2752c483fc00a
chisel:encased/birch_planks	ctm	chisel:block/encased/birch_planks	block/cube_all	chisel:block/ctm/encased/birch_planks/0	chisel:block/ctm/encased/birch_planks/1	chisel:block/ctm/encased/birch_planks/4	chisel:block/ctm/encased/birch_planks/2	chisel:block/ctm/encased/birch_planks/3	4a7722a8c8cdab0d6ffef0fa8d897353cc638fa8d0f8383ffb6590b34b6c64ad
chisel:encased/crimson_planks	ctm	chisel:block/encased/crimson_planks	block/cube_all	chisel:block/ctm/encased/crimson_planks/0	chisel:block/ctm/encased/crimson_planks/1	chisel:block/ctm/encased/crimson_planks/4	chisel:block/ctm/encased/crimson_planks/2	chisel:block/ctm/encased/crimson_planks/3	75973dff31faea5574b03c299cf255a33c503db305cf3d64a929048ed1b1d0b4
chisel:encased/dark_oak_planks	ctm	chisel:block/encased/dark_oak_planks	block/cube_all	chisel:block/ctm/encased/dark_oak_planks/0	chisel:block/ctm/encased/dark_oak_planks/1	chisel:block/ctm/encased/dark_oak_planks/4	chisel:block/ctm/encased/dark_oak_planks/2	chisel:block/ctm/encased/dark_oak_planks/3	c7953a81cc4e5c9013e919fc319d49766e062010e7f0e4c09f5e2041a97d927b
chisel:encased/jungle_planks	ctm	chisel:block/encased/jungle_planks	block/cube_all	chisel:block/ctm/encased/jungle_planks/0	chisel:block/ctm/encased/jungle_planks/1	chisel:block/ctm/encased/jungle_planks/4	chisel:block/ctm/encased/jungle_planks/2	chisel:block/ctm/encased/jungle_planks/3	ff1704a21bd14b87129ae971ae59ab0857a7dfeddf784555895e7fcfa73d70ba
chisel:encased/oak_planks	ctm	chisel:block/encased/oak_planks	block/cube_all	chisel:block/ctm/encased/oak_planks/0	chisel:block/ctm/encased/oak_planks/1	chisel:block/ctm/encased/oak_planks/4	chisel:block/ctm/encased/oak_planks/2	chisel:block/ctm/encased/oak_planks/3	ca778365303ed43ea0cc1eab2a06821763cf0dc22beb9acc80a7e65e3011cfc8
chisel:encased/spruce_planks	ctm	chisel:block/encased/spruce_planks	block/cube_all	chisel:block/ctm/encased/spruce_planks/0	chisel:block/ctm/encased/spruce_planks/1	chisel:block/ctm/encased/spruce_planks/4	chisel:block/ctm/encased/spruce_planks/2	chisel:block/ctm/encased/spruce_planks/3	6f2db7e7fb6ad23fc454d10a06b7b496d02cd0986e6252875f9f9fe3f4756122
chisel:encased_bricks/andesite	ctm	chisel:block/encased_bricks/andesite	block/cube_all	chisel:block/ctm/encased_bricks/andesite/0	chisel:block/ctm/encased_bricks/andesite/1	chisel:block/ctm/encased_bricks/andesite/4	chisel:block/ctm/encased_bricks/andesite/2	chisel:block/ctm/encased_bricks/andesite/3	d831d5c83202c40ae436687d26e6e40dc5464298fca57910d9b05829d047a869
chisel:encased_bricks/black_concrete	ctm	chisel:block/encased_bricks/black_concrete	block/cube_all	chisel:block/ctm/encased_bricks/black_concrete/0	chisel:block/ctm/encased_bricks/black_concrete/1	chisel:block/ctm/encased_bricks/black_concrete/4	chisel:block/ctm/encased_bricks/black_concrete/2	chisel:block/ctm/encased_bricks/black_concrete/3	c631d6e282fc4278bfe746ce5f53a81b586f88c9a2b7a2818de85300873993ca
chisel:encased_bricks/blue_concrete	ctm	chisel:block/encased_bricks/blue_concrete	block/cube_all	chisel:block/ctm/encased_bricks/blue_concrete/0	chisel:block/ctm/encased_bricks/blue_concrete/1	chisel:block/ctm/encased_bricks/blue_concrete/4	chisel:block/ctm/encased_bricks/blue_concrete/2	chisel:block/ctm/encased_bricks/blue_concrete/3	939d944cf376484c65fc6645b59505bd6d26e830fd0646061c1e595660fc6390
chisel:encased_bricks/bricks	ctm	chisel:block/encased_bricks/bricks	block/cube_all	chisel:block/ctm/encased_bricks/bricks/0	chisel:block/ctm/encased_bricks/bricks/1	chisel:block/ctm/encased_bricks/bricks/4	chisel:block/ctm/encased_bricks/bricks/2	chisel:block/ctm/encased_bricks/bricks/3	9abb005abea2cf66e209e8b38f6dadcc532ccbeee6fb332ac122fa7c4778fe99
chisel:encased_bricks/brown_concrete	ctm	chisel:block/encased_bricks/brown_concrete	block/cube_all	chisel:block/ctm/encased_bricks/brown_concrete/0	chisel:block/ctm/encased_bricks/brown_concrete/1	chisel:block/ctm/encased_bricks/brown_concrete/4	chisel:block/ctm/encased_bricks/brown_concrete/2	chisel:block/ctm/encased_bricks/brown_concrete/3	33351e7f59fff9d5907b498c8d58669f92d4eff107f6b4432bec3f302bf7a167
chisel:encased_bricks/coal_block	ctm	chisel:block/encased_bricks/coal_block	block/cube_all	chisel:block/ctm/encased_bricks/coal_block/0	chisel:block/ctm/encased_bricks/coal_block/1	chisel:block/ctm/encased_bricks/coal_block/4	chisel:block/ctm/encased_bricks/coal_block/2	chisel:block/ctm/encased_bricks/coal_block/3	1305ffec42644850034b6deb7183f2127370c7225ddb87cf2f09988b4fd95652
chisel:encased_bricks/cobblestone	ctm	chisel:block/encased_bricks/cobblestone	block/cube_all	chisel:block/ctm/encased_bricks/cobblestone/0	chisel:block/ctm/encased_bricks/cobblestone/1	chisel:block/ctm/encased_bricks/cobblestone/4	chisel:block/ctm/encased_bricks/cobblestone/2	chisel:block/ctm/encased_bricks/cobblestone/3	0bc179d2b5cf27ab31423207c45f33ea6e32d200be1c17b6a6ed51b65dd9ba50
chisel:encased_bricks/cyan_concrete	ctm	chisel:block/encased_bricks/cyan_concrete	block/cube_all	chisel:block/ctm/encased_bricks/cyan_concrete/0	chisel:block/ctm/encased_bricks/cyan_concrete/1	chisel:block/ctm/encased_bricks/cyan_concrete/4	chisel:block/ctm/encased_bricks/cyan_concrete/2	chisel:block/ctm/encased_bricks/cyan_concrete/3	50e62a7b541a1806d127cf1335ecb58bc74ca6d024e26722ba0bbdaa8a304435
chisel:encased_bricks/deepslate	ctm	chisel:block/encased_bricks/deepslate	block/cube_all	chisel:block/ctm/encased_bricks/deepslate/0	chisel:block/ctm/encased_bricks/deepslate/1	chisel:block/ctm/encased_bricks/deepslate/4	chisel:block/ctm/encased_bricks/deepslate/2	chisel:block/ctm/encased_bricks/deepslate/3	5bbedee79eca9d95139bdf3848b40bb993ac30543574ef48b4aa8d002100c3ad
chisel:encased_bricks/diorite	ctm	chisel:block/encased_bricks/diorite	block/cube_all	chisel:block/ctm/encased_bricks/diorite/0	chisel:block/ctm/encased_bricks/diorite/1	chisel:block/ctm/encased_bricks/diorite/4	chisel:block/ctm/encased_bricks/diorite/2	chisel:block/ctm/encased_bricks/diorite/3	b806d4cebe5892ca72ba545274f57716b0e345f2145548709fb2ededec27a5d5
chisel:encased_bricks/end_stone	ctm	chisel:block/encased_bricks/end_stone	block/cube_all	chisel:block/ctm/encased_bricks/end_stone/0	chisel:block/ctm/encased_bricks/end_stone/1	chisel:block/ctm/encased_bricks/end_stone/4	chisel:block/ctm/encased_bricks/end_stone/2	chisel:block/ctm/encased_bricks/end_stone/3	8fe88f110f8413b5ebcedc98f8cc616532f5ff834d35f07812439e6b335e46c8
chisel:encased_bricks/glowstone	ctm	chisel:block/encased_bricks/glowstone	block/cube_all	chisel:block/ctm/encased_bricks/glowstone/0	chisel:block/ctm/encased_bricks/glowstone/1	chisel:block/ctm/encased_bricks/glowstone/4	chisel:block/ctm/encased_bricks/glowstone/2	chisel:block/ctm/encased_bricks/glowstone/3	38c2f5fc907f9fdb76b2e51a1ab77942c4772138343dd3276950aa6f6a3bd603
chisel:encased_bricks/granite	ctm	chisel:block/encased_bricks/granite	block/cube_all	chisel:block/ctm/encased_bricks/granite/0	chisel:block/ctm/encased_bricks/granite/1	chisel:block/ctm/encased_bricks/granite/4	chisel:block/ctm/encased_bricks/granite/2	chisel:block/ctm/encased_bricks/granite/3	8ccc402387c33a0d5864a3254acfc55d5006e47efcb543036a26ca3dc88f0887
chisel:encased_bricks/gray_concrete	ctm	chisel:block/encased_bricks/gray_concrete	block/cube_all	chisel:block/ctm/encased_bricks/gray_concrete/0	chisel:block/ctm/encased_bricks/gray_concrete/1	chisel:block/ctm/encased_bricks/gray_concrete/4	chisel:block/ctm/encased_bricks/gray_concrete/2	chisel:block/ctm/encased_bricks/gray_concrete/3	5090eccdac3033aae8202c5a5401b000c36503c7059b6915e7472ee53fea149f
chisel:encased_bricks/green_concrete	ctm	chisel:block/encased_bricks/green_concrete	block/cube_all	chisel:block/ctm/encased_bricks/green_concrete/0	chisel:block/ctm/encased_bricks/green_concrete/1	chisel:block/ctm/encased_bricks/green_concrete/4	chisel:block/ctm/encased_bricks/green_concrete/2	chisel:block/ctm/encased_bricks/green_concrete/3	7a0a53279b15c5d13844f7a5599e1d240108f8178284962bdba1c161c973c257
chisel:encased_bricks/ice	ctm	chisel:block/encased_bricks/ice	block/cube_all	chisel:block/ctm/encased_bricks/ice/0	chisel:block/ctm/encased_bricks/ice/1	chisel:block/ctm/encased_bricks/ice/4	chisel:block/ctm/encased_bricks/ice/2	chisel:block/ctm/encased_bricks/ice/3	213ef371694d4e304dc52b85dc2295caeb026acb352a608f3e3d6f5b09c2e0a4
chisel:encased_bricks/light_blue_concrete	ctm	chisel:block/encased_bricks/light_blue_concrete	block/cube_all	chisel:block/ctm/encased_bricks/light_blue_concrete/0	chisel:block/ctm/encased_bricks/light_blue_concrete/1	chisel:block/ctm/encased_bricks/light_blue_concrete/4	chisel:block/ctm/encased_bricks/light_blue_concrete/2	chisel:block/ctm/encased_bricks/light_blue_concrete/3	b874123ebbac12b5c34e57954d1762d6cd6eec9dac1a123a03a881d55bb74533
chisel:encased_bricks/light_gray_concrete	ctm	chisel:block/encased_bricks/light_gray_concrete	block/cube_all	chisel:block/ctm/encased_bricks/light_gray_concrete/0	chisel:block/ctm/encased_bricks/light_gray_concrete/1	chisel:block/ctm/encased_bricks/light_gray_concrete/4	chisel:block/ctm/encased_bricks/light_gray_concrete/2	chisel:block/ctm/encased_bricks/light_gray_concrete/3	80491c53f459a733ded7ebe2d1791591c20c7e2f506ed25e80cbd54c14921780
chisel:encased_bricks/lime_concrete	ctm	chisel:block/encased_bricks/lime_concrete	block/cube_all	chisel:block/ctm/encased_bricks/lime_concrete/0	chisel:block/ctm/encased_bricks/lime_concrete/1	chisel:block/ctm/encased_bricks/lime_concrete/4	chisel:block/ctm/encased_bricks/lime_concrete/2	chisel:block/ctm/encased_bricks/lime_concrete/3	d9c8282fedf7cf2a130b64bb47ffde7f78ad07915da2d2f2fab85ac1c158b1ad
chisel:encased_bricks/magenta_concrete	ctm	chisel:block/encased_bricks/magenta_concrete	block/cube_all	chisel:block/ctm/encased_bricks/magenta_concrete/0	chisel:block/ctm/encased_bricks/magenta_concrete/1	chisel:block/ctm/encased_bricks/magenta_concrete/4	chisel:block/ctm/encased_bricks/magenta_concrete/2	chisel:block/ctm/encased_bricks/magenta_concrete/3	d78a497ad4a39a4e70c0d3521b40f17d8ab35a4cbae1a86e3cf714258985cb35
chisel:encased_bricks/orange_concrete	ctm	chisel:block/encased_bricks/orange_concrete	block/cube_all	chisel:block/ctm/encased_bricks/orange_concrete/0	chisel:block/ctm/encased_bricks/orange_concrete/1	chisel:block/ctm/encased_bricks/orange_concrete/4	chisel:block/ctm/encased_bricks/orange_concrete/2	chisel:block/ctm/encased_bricks/orange_concrete/3	56f92f88c35bd54632eb93e5de8b67322b22276b6bc1f9a7381bb3c2b7f98b48
chisel:encased_bricks/pink_concrete	ctm	chisel:block/encased_bricks/pink_concrete	block/cube_all	chisel:block/ctm/encased_bricks/pink_concrete/0	chisel:block/ctm/encased_bricks/pink_concrete/1	chisel:block/ctm/encased_bricks/pink_concrete/4	chisel:block/ctm/encased_bricks/pink_concrete/2	chisel:block/ctm/encased_bricks/pink_concrete/3	c437701da94ce2d11295004d67dafeb82f3397de5313807c6008fbf51a057492
chisel:encased_bricks/prismarine	ctm	chisel:block/encased_bricks/prismarine	block/cube_all	chisel:block/ctm/encased_bricks/prismarine/0	chisel:block/ctm/encased_bricks/prismarine/1	chisel:block/ctm/encased_bricks/prismarine/4	chisel:block/ctm/encased_bricks/prismarine/2	chisel:block/ctm/encased_bricks/prismarine/3	3d8ebae5b7be9f28e252086627ec9365886ab1cddb0c13ea0b1018f668e3c523
chisel:encased_bricks/purple_concrete	ctm	chisel:block/encased_bricks/purple_concrete	block/cube_all	chisel:block/ctm/encased_bricks/purple_concrete/0	chisel:block/ctm/encased_bricks/purple_concrete/1	chisel:block/ctm/encased_bricks/purple_concrete/4	chisel:block/ctm/encased_bricks/purple_concrete/2	chisel:block/ctm/encased_bricks/purple_concrete/3	1cf071b9fd2b0a759702d2e0707529c5284421a383269b2fe66eb7bbd19c60dd
chisel:encased_bricks/purpur	ctm	chisel:block/encased_bricks/purpur	block/cube_all	chisel:block/ctm/encased_bricks/purpur/0	chisel:block/ctm/encased_bricks/purpur/1	chisel:block/ctm/encased_bricks/purpur/4	chisel:block/ctm/encased_bricks/purpur/2	chisel:block/ctm/encased_bricks/purpur/3	3f71ad72df1d1974629a3dc6eb8b9f9a61898e6562356c3c36c3b75cf5eb3479
chisel:encased_bricks/quartz	ctm	chisel:block/encased_bricks/quartz	block/cube_all	chisel:block/ctm/encased_bricks/quartz/0	chisel:block/ctm/encased_bricks/quartz/1	chisel:block/ctm/encased_bricks/quartz/4	chisel:block/ctm/encased_bricks/quartz/2	chisel:block/ctm/encased_bricks/quartz/3	3365836bcab92bde1e039bda7e345c2454b9038ae197b41a6755f95c8f5f9444
chisel:encased_bricks/red_concrete	ctm	chisel:block/encased_bricks/red_concrete	block/cube_all	chisel:block/ctm/encased_bricks/red_concrete/0	chisel:block/ctm/encased_bricks/red_concrete/1	chisel:block/ctm/encased_bricks/red_concrete/4	chisel:block/ctm/encased_bricks/red_concrete/2	chisel:block/ctm/encased_bricks/red_concrete/3	f97280b524255b8f7bf74248a66321ac7ad1d7d8f3ecab228aeff06611784d4d
chisel:encased_bricks/red_sandstone	ctm	chisel:block/encased_bricks/red_sandstone	block/cube_all	chisel:block/ctm/encased_bricks/red_sandstone/0	chisel:block/ctm/encased_bricks/red_sandstone/1	chisel:block/ctm/encased_bricks/red_sandstone/4	chisel:block/ctm/encased_bricks/red_sandstone/2	chisel:block/ctm/encased_bricks/red_sandstone/3	63d8c796adaee67319fbe877039382bb05363a9f7238fe9d40731e9d9118513f
chisel:encased_bricks/redstone_block	ctm	chisel:block/encased_bricks/redstone_block	block/cube_all	chisel:block/ctm/encased_bricks/redstone_block/0	chisel:block/ctm/encased_bricks/redstone_block/1	chisel:block/ctm/encased_bricks/redstone_block/4	chisel:block/ctm/encased_bricks/redstone_block/2	chisel:block/ctm/encased_bricks/redstone_block/3	fa5279dfe9b249ce2cc8137721573852b2d5195ab21b47ab0ca04a2454a483bf
chisel:encased_bricks/sandstone	ctm	chisel:block/encased_bricks/sandstone	block/cube_all	chisel:block/ctm/encased_bricks/sandstone/0	chisel:block/ctm/encased_bricks/sandstone/1	chisel:block/ctm/encased_bricks/sandstone/4	chisel:block/ctm/encased_bricks/sandstone/2	chisel:block/ctm/encased_bricks/sandstone/3	32e9e29d9a97ad7ae908778fa122573f01c9d9cda2f357a9c84217800c95ac54
chisel:encased_bricks/stone	ctm	chisel:block/encased_bricks/stone	block/cube_all	chisel:block/ctm/encased_bricks/stone/0	chisel:block/ctm/encased_bricks/stone/1	chisel:block/ctm/encased_bricks/stone/4	chisel:block/ctm/encased_bricks/stone/2	chisel:block/ctm/encased_bricks/stone/3	ca537d80553bd75dbbddd30683b4d539cebc1e9fc49582c59546037a4f761885
chisel:encased_bricks/white_concrete	ctm	chisel:block/encased_bricks/white_concrete	block/cube_all	chisel:block/ctm/encased_bricks/white_concrete/0	chisel:block/ctm/encased_bricks/white_concrete/1	chisel:block/ctm/encased_bricks/white_concrete/4	chisel:block/ctm/encased_bricks/white_concrete/2	chisel:block/ctm/encased_bricks/white_concrete/3	cb3b4380a6f1804c8545195ae8c9961f0a456f80df10c3fda0746120d8530251
chisel:encased_bricks/yellow_concrete	ctm	chisel:block/encased_bricks/yellow_concrete	block/cube_all	chisel:block/ctm/encased_bricks/yellow_concrete/0	chisel:block/ctm/encased_bricks/yellow_concrete/1	chisel:block/ctm/encased_bricks/yellow_concrete/4	chisel:block/ctm/encased_bricks/yellow_concrete/2	chisel:block/ctm/encased_bricks/yellow_concrete/3	1b4e1bb2022d51469519ffcd43ee4cd43a6df700ba160b81e2822d9a93cd649b
chisel:encased_large/acacia_planks	ctm	chisel:block/encased_large/acacia_planks	block/cube_all	chisel:block/ctm/encased_large/acacia_planks/0	chisel:block/ctm/encased_large/acacia_planks/1	chisel:block/ctm/encased_large/acacia_planks/4	chisel:block/ctm/encased_large/acacia_planks/2	chisel:block/ctm/encased_large/acacia_planks/3	71500204edc4f690b22c6f3ab125693e611a003326fe295e9a05b9809e2aa130
chisel:encased_large/birch_planks	ctm	chisel:block/encased_large/birch_planks	block/cube_all	chisel:block/ctm/encased_large/birch_planks/0	chisel:block/ctm/encased_large/birch_planks/1	chisel:block/ctm/encased_large/birch_planks/4	chisel:block/ctm/encased_large/birch_planks/2	chisel:block/ctm/encased_large/birch_planks/3	c6aa15ffa699fe56d5065f486d4f745d83609e25614af646c204f1ed22e38a6e
chisel:encased_large/crimson_planks	ctm	chisel:block/encased_large/crimson_planks	block/cube_all	chisel:block/ctm/encased_large/crimson_planks/0	chisel:block/ctm/encased_large/crimson_planks/1	chisel:block/ctm/encased_large/crimson_planks/4	chisel:block/ctm/encased_large/crimson_planks/2	chisel:block/ctm/encased_large/crimson_planks/3	5809e497d24660f4b2ca4df16f681f8ae6e791284ee0ebbc9f6538aac7fde4c7
chisel:encased_large/dark_oak_planks	ctm	chisel:block/encased_large/dark_oak_planks	block/cube_all	chisel:block/ctm/encased_large/dark_oak_planks/0	chisel:block/ctm/encased_large/dark_oak_planks/1	chisel:block/ctm/encased_large/dark_oak_planks/4	chisel:block/ctm/encased_large/dark_oak_planks/2	chisel:block/ctm/encased_large/dark_oak_planks/3	b661bb1bc3ee854d7a9d113908f8f87f17e62666a0cc3869eb53cdf887e8dc57
chisel:encased_large/jungle_planks	ctm	chisel:block/encased_large/jungle_planks	block/cube_all	chisel:block/ctm/encased_large/jungle_planks/0	chisel:block/ctm/encased_large/jungle_planks/1	chisel:block/ctm/encased_large/jungle_planks/4	chisel:block/ctm/encased_large/jungle_planks/2	chisel:block/ctm/encased_large/jungle_planks/3	66876b4e1055216effb63cd631ddc5e7935b89fe3351f6c2103e3ba6657e2662
chisel:encased_large/oak_planks	ctm	chisel:block/encased_large/oak_planks	block/cube_all	chisel:block/ctm/encased_large/oak_planks/0	chisel:block/ctm/encased_large/oak_planks/1	chisel:block/ctm/encased_large/oak_planks/4	chisel:block/ctm/encased_large/oak_planks/2	chisel:block/ctm/encased_large/oak_planks/3	01f486b6dcdce2ae2e86df71013a663a0a13ea9f04ca57b1a3ea49838eb3732f
chisel:encased_large/spruce_planks	ctm	chisel:block/encased_large/spruce_planks	block/cube_all	chisel:block/ctm/encased_large/spruce_planks/0	chisel:block/ctm/encased_large/spruce_planks/1	chisel:block/ctm/encased_large/spruce_planks/4	chisel:block/ctm/encased_large/spruce_planks/2	chisel:block/ctm/encased_large/spruce_planks/3	d92481284ad8cc5e727922d0515d21e83450f2a77d45ff9a329d4764ada27533
chisel:encased_smooth/acacia_planks	ctm	chisel:block/encased_smooth/acacia_planks	block/cube_all	chisel:block/ctm/encased_smooth/acacia_planks/0	chisel:block/ctm/encased_smooth/acacia_planks/1	chisel:block/ctm/encased_smooth/acacia_planks/4	chisel:block/ctm/encased_smooth/acacia_planks/2	chisel:block/ctm/encased_smooth/acacia_planks/3	5bf9887ed9b2eea842c2165850d01f93652408cffc2c2c7e45a3e2fe1eb66f3f
chisel:encased_smooth/birch_planks	ctm	chisel:block/encased_smooth/birch_planks	block/cube_all	chisel:block/ctm/encased_smooth/birch_planks/0	chisel:block/ctm/encased_smooth/birch_planks/1	chisel:block/ctm/encased_smooth/birch_planks/4	chisel:block/ctm/encased_smooth/birch_planks/2	chisel:block/ctm/encased_smooth/birch_planks/3	5e1b886e47235f3ab699f635494ec4a31bbe5e534b9f7157ec797a2eee975373
chisel:encased_smooth/crimson_planks	ctm	chisel:block/encased_smooth/crimson_planks	block/cube_all	chisel:block/ctm/encased_smooth/crimson_planks/0	chisel:block/ctm/encased_smooth/crimson_planks/1	chisel:block/ctm/encased_smooth/crimson_planks/4	chisel:block/ctm/encased_smooth/crimson_planks/2	chisel:block/ctm/encased_smooth/crimson_planks/3	676305caee4c0398fae3258ad32f295fee8ca539d9e4b0eceb5cdc61ccdef1ee
chisel:encased_smooth/dark_oak_planks	ctm	chisel:block/encased_smooth/dark_oak_planks	block/cube_all	chisel:block/ctm/encased_smooth/dark_oak_planks/0	chisel:block/ctm/encased_smooth/dark_oak_planks/1	chisel:block/ctm/encased_smooth/dark_oak_planks/4	chisel:block/ctm/encased_smooth/dark_oak_planks/2	chisel:block/ctm/encased_smooth/dark_oak_planks/3	3c1452048cc4c246a9eae276e7de385f09555aa8f3cde7243c59bdf840eff36e
chisel:encased_smooth/jungle_planks	ctm	chisel:block/encased_smooth/jungle_planks	block/cube_all	chisel:block/ctm/encased_smooth/jungle_planks/0	chisel:block/ctm/encased_smooth/jungle_planks/1	chisel:block/ctm/encased_smooth/jungle_planks/4	chisel:block/ctm/encased_smooth/jungle_planks/2	chisel:block/ctm/encased_smooth/jungle_planks/3	3a63807a4c103896cf52e0bd1db12c76203c68ead9cebe355975185ae909ffa2
chisel:encased_smooth/oak_planks	ctm	chisel:block/encased_smooth/oak_planks	block/cube_all	chisel:block/ctm/encased_smooth/oak_planks/0	chisel:block/ctm/encased_smooth/oak_planks/1	chisel:block/ctm/encased_smooth/oak_planks/4	chisel:block/ctm/encased_smooth/oak_planks/2	chisel:block/ctm/encased_smooth/oak_planks/3	ac7adbaab0c0f1774e74cad5cf68d2f0ec4b563e6bd52ecfd54db54b590fc9c1
chisel:encased_smooth/spruce_planks	ctm	chisel:block/encased_smooth/spruce_planks	block/cube_all	chisel:block/ctm/encased_smooth/spruce_planks/0	chisel:block/ctm/encased_smooth/spruce_planks/1	chisel:block/ctm/encased_smooth/spruce_planks/4	chisel:block/ctm/encased_smooth/spruce_planks/2	chisel:block/ctm/encased_smooth/spruce_planks/3	eed4566788083a388d2c9d550ba7c3e0904774d81f9fa64962efd1645c7e9b3c
chisel:jellybean/andesite	giant	chisel:block/jellybean/andesite	block/cube_all	chisel:block/jellybean/andesite	chisel:block/ctm/jellybean/andesite/0	chisel:block/ctm/jellybean/andesite/1	chisel:block/ctm/jellybean/andesite/2	chisel:block/ctm/jellybean/andesite/3	0c19deee077c735d943bf7060f75397ecd0fac2fe954c23d23f425b985a73257
chisel:jellybean/black_concrete	giant	chisel:block/jellybean/black_concrete	block/cube_all	chisel:block/jellybean/black_concrete	chisel:block/ctm/jellybean/black_concrete/0	chisel:block/ctm/jellybean/black_concrete/1	chisel:block/ctm/jellybean/black_concrete/2	chisel:block/ctm/jellybean/black_concrete/3	7533d61c4cd634df746e81703e02ae3cdeccd0a24b9f2d6bb8f2018430ef18d5
chisel:jellybean/blue_concrete	giant	chisel:block/jellybean/blue_concrete	block/cube_all	chisel:block/jellybean/blue_concrete	chisel:block/ctm/jellybean/blue_concrete/0	chisel:block/ctm/jellybean/blue_concrete/1	chisel:block/ctm/jellybean/blue_concrete/2	chisel:block/ctm/jellybean/blue_concrete/3	13828373f255552087f93cbd7e5bf60a4912665836391767899448783db10c35
chisel:jellybean/bricks	giant	chisel:block/jellybean/bricks	block/cube_all	chisel:block/jellybean/bricks	chisel:block/ctm/jellybean/bricks/0	chisel:block/ctm/jellybean/bricks/1	chisel:block/ctm/jellybean/bricks/2	chisel:block/ctm/jellybean/bricks/3	27169158a757be788c305dd70d1281f62d11ee328b2dadb75b92fb577b00cfef
chisel:jellybean/brown_concrete	giant	chisel:block/jellybean/brown_concrete	block/cube_all	chisel:block/jellybean/brown_concrete	chisel:block/ctm/jellybean/brown_concrete/0	chisel:block/ctm/jellybean/brown_concrete/1	chisel:block/ctm/jellybean/brown_concrete/2	chisel:block/ctm/jellybean/brown_concrete/3	3c1fb1f3c2ff077d7326de3b520c647673c4f1a98f4bb501cae48e1ca81cebaf
chisel:jellybean/coal_block	giant	chisel:block/jellybean/coal_block	block/cube_all	chisel:block/jellybean/coal_block	chisel:block/ctm/jellybean/coal_block/0	chisel:block/ctm/jellybean/coal_block/1	chisel:block/ctm/jellybean/coal_block/2	chisel:block/ctm/jellybean/coal_block/3	1eace54c6f57ae1937891375f2bb52fec784fc2d2ede3643ce781e3b3d8f666c
chisel:jellybean/cobblestone	giant	chisel:block/jellybean/cobblestone	block/cube_all	chisel:block/jellybean/cobblestone	chisel:block/ctm/jellybean/cobblestone/0	chisel:block/ctm/jellybean/cobblestone/1	chisel:block/ctm/jellybean/cobblestone/2	chisel:block/ctm/jellybean/cobblestone/3	3f40b33f4ea67ca56b2e85968fd84305a8ef48f98a7e28d1d737193e563d0464
chisel:jellybean/cyan_concrete	giant	chisel:block/jellybean/cyan_concrete	block/cube_all	chisel:block/jellybean/cyan_concrete	chisel:block/ctm/jellybean/cyan_concrete/0	chisel:block/ctm/jellybean/cyan_concrete/1	chisel:block/ctm/jellybean/cyan_concrete/2	chisel:block/ctm/jellybean/cyan_concrete/3	ecf4ac72ddd6a95c848d34fa07fe835ef90aeaaaae3f50bbdb9ab85d3e5b9299
chisel:jellybean/deepslate	giant	chisel:block/jellybean/deepslate	block/cube_all	chisel:block/jellybean/deepslate	chisel:block/ctm/jellybean/deepslate/0	chisel:block/ctm/jellybean/deepslate/1	chisel:block/ctm/jellybean/deepslate/2	chisel:block/ctm/jellybean/deepslate/3	e860774fd3e5ed7166d9437e7e987341963351106cde82aa8d45bcfd5c8798e2
chisel:jellybean/diorite	giant	chisel:block/jellybean/diorite	block/cube_all	chisel:block/jellybean/diorite	chisel:block/ctm/jellybean/diorite/0	chisel:block/ctm/jellybean/diorite/1	chisel:block/ctm/jellybean/diorite/2	chisel:block/ctm/jellybean/diorite/3	54f904bc775e699a17c1cd0975fb5fc02d086864f5b41f13a48ce18e94126dba
chisel:jellybean/end_stone	giant	chisel:block/jellybean/end_stone	block/cube_all	chisel:block/jellybean/end_stone	chisel:block/ctm/jellybean/end_stone/0	chisel:block/ctm/jellybean/end_stone/1	chisel:block/ctm/jellybean/end_stone/2	chisel:block/ctm/jellybean/end_stone/3	62cb1dd689bcaffe7259397371591041e8dca51ee76998314a5ba5f844fda9a6
chisel:jellybean/glowstone	giant	chisel:block/jellybean/glowstone	block/cube_all	chisel:block/jellybean/glowstone	chisel:block/ctm/jellybean/glowstone/0	chisel:block/ctm/jellybean/glowstone/1	chisel:block/ctm/jellybean/glowstone/2	chisel:block/ctm/jellybean/glowstone/3	ab5c3002fc8be21dbd1273ed4429b41be8e173d946857f9ffa026b79b0d7009a
chisel:jellybean/granite	giant	chisel:block/jellybean/granite	block/cube_all	chisel:block/jellybean/granite	chisel:block/ctm/jellybean/granite/0	chisel:block/ctm/jellybean/granite/1	chisel:block/ctm/jellybean/granite/2	chisel:block/ctm/jellybean/granite/3	766cf70db733d0450c45f7654cc284d46b20821ee47217136dae62d761c8a5b3
chisel:jellybean/gray_concrete	giant	chisel:block/jellybean/gray_concrete	block/cube_all	chisel:block/jellybean/gray_concrete	chisel:block/ctm/jellybean/gray_concrete/0	chisel:block/ctm/jellybean/gray_concrete/1	chisel:block/ctm/jellybean/gray_concrete/2	chisel:block/ctm/jellybean/gray_concrete/3	8f21a02c888677c898ef93435db2258a9b75ebf9f7ce53ce0021618d261a5f64
chisel:jellybean/green_concrete	giant	chisel:block/jellybean/green_concrete	block/cube_all	chisel:block/jellybean/green_concrete	chisel:block/ctm/jellybean/green_concrete/0	chisel:block/ctm/jellybean/green_concrete/1	chisel:block/ctm/jellybean/green_concrete/2	chisel:block/ctm/jellybean/green_concrete/3	326a434431faa48199d960fe8ba5ac282cd941e97b904c474c71327006304476
chisel:jellybean/ice	giant	chisel:block/jellybean/ice	block/cube_all	chisel:block/jellybean/ice	chisel:block/ctm/jellybean/ice/0	chisel:block/ctm/jellybean/ice/1	chisel:block/ctm/jellybean/ice/2	chisel:block/ctm/jellybean/ice/3	482a87fbc7e11baf7b4849e78ef3b0388f191164205f9912f6ac005b77575826
chisel:jellybean/light_blue_concrete	giant	chisel:block/jellybean/light_blue_concrete	block/cube_all	chisel:block/jellybean/light_blue_concrete	chisel:block/ctm/jellybean/light_blue_concrete/0	chisel:block/ctm/jellybean/light_blue_concrete/1	chisel:block/ctm/jellybean/light_blue_concrete/2	chisel:block/ctm/jellybean/light_blue_concrete/3	0abb855f4fc6d28a0d9bfaebc721529fe5246bddb21fe90196eb0a30b0d7ff24
chisel:jellybean/light_gray_concrete	giant	chisel:block/jellybean/light_gray_concrete	block/cube_all	chisel:block/jellybean/light_gray_concrete	chisel:block/ctm/jellybean/light_gray_concrete/0	chisel:block/ctm/jellybean/light_gray_concrete/1	chisel:block/ctm/jellybean/light_gray_concrete/2	chisel:block/ctm/jellybean/light_gray_concrete/3	f02330f6fa17d16237190d4e24fc617be379ebe797645dee1604f87a496501b5
chisel:jellybean/lime_concrete	giant	chisel:block/jellybean/lime_concrete	block/cube_all	chisel:block/jellybean/lime_concrete	chisel:block/ctm/jellybean/lime_concrete/0	chisel:block/ctm/jellybean/lime_concrete/1	chisel:block/ctm/jellybean/lime_concrete/2	chisel:block/ctm/jellybean/lime_concrete/3	1a1f00d8b3d5853e6ae395a7b0b054666d18c053dcd2473288327ad2948234ef
chisel:jellybean/magenta_concrete	giant	chisel:block/jellybean/magenta_concrete	block/cube_all	chisel:block/jellybean/magenta_concrete	chisel:block/ctm/jellybean/magenta_concrete/0	chisel:block/ctm/jellybean/magenta_concrete/1	chisel:block/ctm/jellybean/magenta_concrete/2	chisel:block/ctm/jellybean/magenta_concrete/3	9567990334614a209f513e1eb7992e4057b65ecce47bc7ee260f12fc8175da17
chisel:jellybean/orange_concrete	giant	chisel:block/jellybean/orange_concrete	block/cube_all	chisel:block/jellybean/orange_concrete	chisel:block/ctm/jellybean/orange_concrete/0	chisel:block/ctm/jellybean/orange_concrete/1	chisel:block/ctm/jellybean/orange_concrete/2	chisel:block/ctm/jellybean/orange_concrete/3	118dd55dd55fe3ec74e53b330ee4c073a62c9716eec4faf3c7f4c7d5ade9f680
chisel:jellybean/pink_concrete	giant	chisel:block/jellybean/pink_concrete	block/cube_all	chisel:block/jellybean/pink_concrete	chisel:block/ctm/jellybean/pink_concrete/0	chisel:block/ctm/jellybean/pink_concrete/1	chisel:block/ctm/jellybean/pink_concrete/2	chisel:block/ctm/jellybean/pink_concrete/3	df8e284dfcc0a65d5745cd74275fb00c62da14d20e2ea46712f9cd84d0c03aab
chisel:jellybean/prismarine	giant	chisel:block/jellybean/prismarine	block/cube_all	chisel:block/jellybean/prismarine	chisel:block/ctm/jellybean/prismarine/0	chisel:block/ctm/jellybean/prismarine/1	chisel:block/ctm/jellybean/prismarine/2	chisel:block/ctm/jellybean/prismarine/3	aecd76ea62433eb4349d089e6fa0257eb3ba02c855a6c38978c582faeba87461
chisel:jellybean/purple_concrete	giant	chisel:block/jellybean/purple_concrete	block/cube_all	chisel:block/jellybean/purple_concrete	chisel:block/ctm/jellybean/purple_concrete/0	chisel:block/ctm/jellybean/purple_concrete/1	chisel:block/ctm/jellybean/purple_concrete/2	chisel:block/ctm/jellybean/purple_concrete/3	ba9826a512916bc6ef320d459e0a31442c17cf6f68a6df0a4ed0fe9cf18f4e00
chisel:jellybean/purpur	giant	chisel:block/jellybean/purpur	block/cube_all	chisel:block/jellybean/purpur	chisel:block/ctm/jellybean/purpur/0	chisel:block/ctm/jellybean/purpur/1	chisel:block/ctm/jellybean/purpur/2	chisel:block/ctm/jellybean/purpur/3	021966a785a28a227bd5ef88652617dff93ed94c6e45fc8df0d0ea708ada0c7b
chisel:jellybean/quartz	giant	chisel:block/jellybean/quartz	block/cube_all	chisel:block/jellybean/quartz	chisel:block/ctm/jellybean/quartz/0	chisel:block/ctm/jellybean/quartz/1	chisel:block/ctm/jellybean/quartz/2	chisel:block/ctm/jellybean/quartz/3	f7dc631b42b2f604f9634cf1e370e312169e1e0ea304ab334881d3756e24737a
chisel:jellybean/red_concrete	giant	chisel:block/jellybean/red_concrete	block/cube_all	chisel:block/jellybean/red_concrete	chisel:block/ctm/jellybean/red_concrete/0	chisel:block/ctm/jellybean/red_concrete/1	chisel:block/ctm/jellybean/red_concrete/2	chisel:block/ctm/jellybean/red_concrete/3	e603d38c4526f5d15a1fb6dce8acf34cec5c0c98d01592f960e207eb0b5d800f
chisel:jellybean/red_sandstone	giant	chisel:block/jellybean/red_sandstone	block/cube_all	chisel:block/jellybean/red_sandstone	chisel:block/ctm/jellybean/red_sandstone/0	chisel:block/ctm/jellybean/red_sandstone/1	chisel:block/ctm/jellybean/red_sandstone/2	chisel:block/ctm/jellybean/red_sandstone/3	eb4029ec30c16abf8a494821c8a7dfc09682a1fcdd4f3d7f87594f3b6cef53e0
chisel:jellybean/redstone_block	giant	chisel:block/jellybean/redstone_block	block/cube_all	chisel:block/jellybean/redstone_block	chisel:block/ctm/jellybean/redstone_block/0	chisel:block/ctm/jellybean/redstone_block/1	chisel:block/ctm/jellybean/redstone_block/2	chisel:block/ctm/jellybean/redstone_block/3	ad871eb698c23bb039cd81aa51e542c338e35a4fe72490caa7f202186fd5363a
chisel:jellybean/sandstone	giant	chisel:block/jellybean/sandstone	block/cube_all	chisel:block/jellybean/sandstone	chisel:block/ctm/jellybean/sandstone/0	chisel:block/ctm/jellybean/sandstone/1	chisel:block/ctm/jellybean/sandstone/2	chisel:block/ctm/jellybean/sandstone/3	cfaf29b57590ab1410ee34abc2b78a3f92898fc9132253a6f9f91dd877a1d688
chisel:jellybean/stone	giant	chisel:block/jellybean/stone	block/cube_all	chisel:block/jellybean/stone	chisel:block/ctm/jellybean/stone/0	chisel:block/ctm/jellybean/stone/1	chisel:block/ctm/jellybean/stone/2	chisel:block/ctm/jellybean/stone/3	c4be4937bd139188b1577a684fd453ce930948096e84b7d346005b58e8d68c93
chisel:jellybean/white_concrete	giant	chisel:block/jellybean/white_concrete	block/cube_all	chisel:block/jellybean/white_concrete	chisel:block/ctm/jellybean/white_concrete/0	chisel:block/ctm/jellybean/white_concrete/1	chisel:block/ctm/jellybean/white_concrete/2	chisel:block/ctm/jellybean/white_concrete/3	77d79480e708c9a7d89e5fa3ceacdcd453a3ea31ab175862434c6796196cbea9
chisel:jellybean/yellow_concrete	giant	chisel:block/jellybean/yellow_concrete	block/cube_all	chisel:block/jellybean/yellow_concrete	chisel:block/ctm/jellybean/yellow_concrete/0	chisel:block/ctm/jellybean/yellow_concrete/1	chisel:block/ctm/jellybean/yellow_concrete/2	chisel:block/ctm/jellybean/yellow_concrete/3	49c09f1539cefefa72056222735e2c3da215559512510f053ec7cdbe8a4a2cb0
chisel:large/acacia_planks	ctm	chisel:block/large/acacia_planks	block/cube_all	chisel:block/ctm/large/acacia_planks/0	chisel:block/ctm/large/acacia_planks/1	chisel:block/ctm/large/acacia_planks/4	chisel:block/ctm/large/acacia_planks/2	chisel:block/ctm/large/acacia_planks/3	a30cccefbaab47c1311ac37d2b1e382d4907057fabe780a9b41abe629f6cd4fa
chisel:large/birch_planks	ctm	chisel:block/large/birch_planks	block/cube_all	chisel:block/ctm/large/birch_planks/0	chisel:block/ctm/large/birch_planks/1	chisel:block/ctm/large/birch_planks/4	chisel:block/ctm/large/birch_planks/2	chisel:block/ctm/large/birch_planks/3	1342aee80dbbed40341e66e414153659b55bb97889d2bd1ca95ffe2b2e5aaf4b
chisel:large/crimson_planks	ctm	chisel:block/large/crimson_planks	block/cube_all	chisel:block/ctm/large/crimson_planks/0	chisel:block/ctm/large/crimson_planks/1	chisel:block/ctm/large/crimson_planks/4	chisel:block/ctm/large/crimson_planks/2	chisel:block/ctm/large/crimson_planks/3	9d37fd45404fc60909df3d919d214d97d1380a018c1a43deb5a5d37792a68ce6
chisel:large/dark_oak_planks	ctm	chisel:block/large/dark_oak_planks	block/cube_all	chisel:block/ctm/large/dark_oak_planks/0	chisel:block/ctm/large/dark_oak_planks/1	chisel:block/ctm/large/dark_oak_planks/4	chisel:block/ctm/large/dark_oak_planks/2	chisel:block/ctm/large/dark_oak_planks/3	892f6ddfc0728cfc37bee939f861e6a2ddea15d2bd4117fb813fbe338f2b3823
chisel:large/jungle_planks	ctm	chisel:block/large/jungle_planks	block/cube_all	chisel:block/ctm/large/jungle_planks/0	chisel:block/ctm/large/jungle_planks/1	chisel:block/ctm/large/jungle_planks/4	chisel:block/ctm/large/jungle_planks/2	chisel:block/ctm/large/jungle_planks/3	626f75c86e1fcc4d5975faf1de0030120ef42c1e2053213efbcb503e752c5ec1
chisel:large/oak_planks	ctm	chisel:block/large/oak_planks	block/cube_all	chisel:block/ctm/large/oak_planks/0	chisel:block/ctm/large/oak_planks/1	chisel:block/ctm/large/oak_planks/4	chisel:block/ctm/large/oak_planks/2	chisel:block/ctm/large/oak_planks/3	7f87ce6c810d5d2afc6afd13ca41fd4178b7951fee75c43972bc7ad3d14345c3
chisel:large/spruce_planks	ctm	chisel:block/large/spruce_planks	block/cube_all	chisel:block/ctm/large/spruce_planks/0	chisel:block/ctm/large/spruce_planks/1	chisel:block/ctm/large/spruce_planks/4	chisel:block/ctm/large/spruce_planks/2	chisel:block/ctm/large/spruce_planks/3	8813201aee5ff6d88d6b7392e3155fcafa36812167afa8be0350b53228f70bcb
chisel:large_tile/andesite	ctm	chisel:block/large_tile/andesite	block/cube_all	chisel:block/ctm/large_tile/andesite/0	chisel:block/ctm/large_tile/andesite/1	chisel:block/ctm/large_tile/andesite/4	chisel:block/ctm/large_tile/andesite/2	chisel:block/ctm/large_tile/andesite/3	891a87d2f1af668ff4fb69745bcda835121fa8bf31336d45b4cbca1568f70a02
chisel:large_tile/black_concrete	ctm	chisel:block/large_tile/black_concrete	block/cube_all	chisel:block/ctm/large_tile/black_concrete/0	chisel:block/ctm/large_tile/black_concrete/1	chisel:block/ctm/large_tile/black_concrete/4	chisel:block/ctm/large_tile/black_concrete/2	chisel:block/ctm/large_tile/black_concrete/3	a90c8d6b38ba2b0a685401938ba8a01ef6fa5cd413d2e62ba1ffc3de7008a86d
chisel:large_tile/blue_concrete	ctm	chisel:block/large_tile/blue_concrete	block/cube_all	chisel:block/ctm/large_tile/blue_concrete/0	chisel:block/ctm/large_tile/blue_concrete/1	chisel:block/ctm/large_tile/blue_concrete/4	chisel:block/ctm/large_tile/blue_concrete/2	chisel:block/ctm/large_tile/blue_concrete/3	4994a3741e4a64933fe07b957adfd8dd36c3c30b39dd67691ea0f9a07a43d7ba
chisel:large_tile/bricks	ctm	chisel:block/large_tile/bricks	block/cube_all	chisel:block/ctm/large_tile/bricks/0	chisel:block/ctm/large_tile/bricks/1	chisel:block/ctm/large_tile/bricks/4	chisel:block/ctm/large_tile/bricks/2	chisel:block/ctm/large_tile/bricks/3	1479640bcf9feca2880d37fb7a02a301b1afae7026e6965f790153f624e63ac7
chisel:large_tile/brown_concrete	ctm	chisel:block/large_tile/brown_concrete	block/cube_all	chisel:block/ctm/large_tile/brown_concrete/0	chisel:block/ctm/large_tile/brown_concrete/1	chisel:block/ctm/large_tile/brown_concrete/4	chisel:block/ctm/large_tile/brown_concrete/2	chisel:block/ctm/large_tile/brown_concrete/3	f2dac309d7c1ef96d934e966b314e934712bf3cdc72a3e4ab672f958df5dc578
chisel:large_tile/coal_block	ctm	chisel:block/large_tile/coal_block	block/cube_all	chisel:block/ctm/large_tile/coal_block/0	chisel:block/ctm/large_tile/coal_block/1	chisel:block/ctm/large_tile/coal_block/4	chisel:block/ctm/large_tile/coal_block/2	chisel:block/ctm/large_tile/coal_block/3	b9181447462382041dec7a64dadbaa1258c8b668bcaa7ef835c98d247043dc55
chisel:large_tile/cobblestone	ctm	chisel:block/large_tile/cobblestone	block/cube_all	chisel:block/ctm/large_tile/cobblestone/0	chisel:block/ctm/large_tile/cobblestone/1	chisel:block/ctm/large_tile/cobblestone/4	chisel:block/ctm/large_tile/cobblestone/2	chisel:block/ctm/large_tile/cobblestone/3	93d5b7b44a15d37674b7178521fe561f0a9786846eaa62faff9d5724c03817e4
chisel:large_tile/cyan_concrete	ctm	chisel:block/large_tile/cyan_concrete	block/cube_all	chisel:block/ctm/large_tile/cyan_concrete/0	chisel:block/ctm/large_tile/cyan_concrete/1	chisel:block/ctm/large_tile/cyan_concrete/4	chisel:block/ctm/large_tile/cyan_concrete/2	chisel:block/ctm/large_tile/cyan_concrete/3	ce01208a78bd78b2ee7a0f3e2229b029f817e306dd366ae7b9068b6b1cccb6eb
chisel:large_tile/deepslate	ctm	chisel:block/large_tile/deepslate	block/cube_all	chisel:block/ctm/large_tile/deepslate/0	chisel:block/ctm/large_tile/deepslate/1	chisel:block/ctm/large_tile/deepslate/4	chisel:block/ctm/large_tile/deepslate/2	chisel:block/ctm/large_tile/deepslate/3	45ec525357a40fb1afe03dff362c0b6651123a1c15e333cf3bc8036b71db9e09
chisel:large_tile/diorite	ctm	chisel:block/large_tile/diorite	block/cube_all	chisel:block/ctm/large_tile/diorite/0	chisel:block/ctm/large_tile/diorite/1	chisel:block/ctm/large_tile/diorite/4	chisel:block/ctm/large_tile/diorite/2	chisel:block/ctm/large_tile/diorite/3	5394e715d2b0dba2ac2ce307e6e766258beff86e5955de65be0dee33fe85f27c
chisel:large_tile/end_stone	ctm	chisel:block/large_tile/end_stone	block/cube_all	chisel:block/ctm/large_tile/end_stone/0	chisel:block/ctm/large_tile/end_stone/1	chisel:block/ctm/large_tile/end_stone/4	chisel:block/ctm/large_tile/end_stone/2	chisel:block/ctm/large_tile/end_stone/3	e9cff2df96d350a3a3e812f29e272352d9fb06986958b1b4aa0324d4e568d2ac
chisel:large_tile/glowstone	ctm	chisel:block/large_tile/glowstone	block/cube_all	chisel:block/ctm/large_tile/glowstone/0	chisel:block/ctm/large_tile/glowstone/1	chisel:block/ctm/large_tile/glowstone/4	chisel:block/ctm/large_tile/glowstone/2	chisel:block/ctm/large_tile/glowstone/3	c96e2cbee4ef2cc5b06481f4dd8b77586a6db4a42351f9069788eb90f8e93ba2
chisel:large_tile/granite	ctm	chisel:block/large_tile/granite	block/cube_all	chisel:block/ctm/large_tile/granite/0	chisel:block/ctm/large_tile/granite/1	chisel:block/ctm/large_tile/granite/4	chisel:block/ctm/large_tile/granite/2	chisel:block/ctm/large_tile/granite/3	37e2ff1c3eb71f5c93e3ea9fe3f0f5ea188872dc3daaf71552b01da859fe62ff
chisel:large_tile/gray_concrete	ctm	chisel:block/large_tile/gray_concrete	block/cube_all	chisel:block/ctm/large_tile/gray_concrete/0	chisel:block/ctm/large_tile/gray_concrete/1	chisel:block/ctm/large_tile/gray_concrete/4	chisel:block/ctm/large_tile/gray_concrete/2	chisel:block/ctm/large_tile/gray_concrete/3	2704f3f471ed285adc15992abdb5d38599f4256a268b9985ccea6fa4cf3c2939
chisel:large_tile/green_concrete	ctm	chisel:block/large_tile/green_concrete	block/cube_all	chisel:block/ctm/large_tile/green_concrete/0	chisel:block/ctm/large_tile/green_concrete/1	chisel:block/ctm/large_tile/green_concrete/4	chisel:block/ctm/large_tile/green_concrete/2	chisel:block/ctm/large_tile/green_concrete/3	daf83461389e96b7bec1d174b5dc0fdcd006bfe144dfe45a059de38725b0fbc3
chisel:large_tile/ice	ctm	chisel:block/large_tile/ice	block/cube_all	chisel:block/ctm/large_tile/ice/0	chisel:block/ctm/large_tile/ice/1	chisel:block/ctm/large_tile/ice/4	chisel:block/ctm/large_tile/ice/2	chisel:block/ctm/large_tile/ice/3	fc5a0fb7c9b9f98b2a782c6909d85d5035dd325e852ede458729e2f2ddeb028f
chisel:large_tile/light_blue_concrete	ctm	chisel:block/large_tile/light_blue_concrete	block/cube_all	chisel:block/ctm/large_tile/light_blue_concrete/0	chisel:block/ctm/large_tile/light_blue_concrete/1	chisel:block/ctm/large_tile/light_blue_concrete/4	chisel:block/ctm/large_tile/light_blue_concrete/2	chisel:block/ctm/large_tile/light_blue_concrete/3	df0b0bb72fc8a60a4948dd9a5c2f0cd774360d93971eb757734abff7d7ddcf32
chisel:large_tile/light_gray_concrete	ctm	chisel:block/large_tile/light_gray_concrete	block/cube_all	chisel:block/ctm/large_tile/light_gray_concrete/0	chisel:block/ctm/large_tile/light_gray_concrete/1	chisel:block/ctm/large_tile/light_gray_concrete/4	chisel:block/ctm/large_tile/light_gray_concrete/2	chisel:block/ctm/large_tile/light_gray_concrete/3	caa73e6cd901fe5c4758fa8557d0c06ec9008883a529ffbad1dfa9b57c9df245
chisel:large_tile/lime_concrete	ctm	chisel:block/large_tile/lime_concrete	block/cube_all	chisel:block/ctm/large_tile/lime_concrete/0	chisel:block/ctm/large_tile/lime_concrete/1	chisel:block/ctm/large_tile/lime_concrete/4	chisel:block/ctm/large_tile/lime_concrete/2	chisel:block/ctm/large_tile/lime_concrete/3	5b701b2533e270afb71412de573afdff0f6aa023d730c272831fa6f6931d2eea
chisel:large_tile/magenta_concrete	ctm	chisel:block/large_tile/magenta_concrete	block/cube_all	chisel:block/ctm/large_tile/magenta_concrete/0	chisel:block/ctm/large_tile/magenta_concrete/1	chisel:block/ctm/large_tile/magenta_concrete/4	chisel:block/ctm/large_tile/magenta_concrete/2	chisel:block/ctm/large_tile/magenta_concrete/3	51ab47331859222c23addf57b77a2b87ce091ddef41aad188d9091bb9f77fbe2
chisel:large_tile/orange_concrete	ctm	chisel:block/large_tile/orange_concrete	block/cube_all	chisel:block/ctm/large_tile/orange_concrete/0	chisel:block/ctm/large_tile/orange_concrete/1	chisel:block/ctm/large_tile/orange_concrete/4	chisel:block/ctm/large_tile/orange_concrete/2	chisel:block/ctm/large_tile/orange_concrete/3	96c48107d6b82468100ba2c27a28c4a316635dd303ee8e71c14a1903998b3831
chisel:large_tile/pink_concrete	ctm	chisel:block/large_tile/pink_concrete	block/cube_all	chisel:block/ctm/large_tile/pink_concrete/0	chisel:block/ctm/large_tile/pink_concrete/1	chisel:block/ctm/large_tile/pink_concrete/4	chisel:block/ctm/large_tile/pink_concrete/2	chisel:block/ctm/large_tile/pink_concrete/3	986e85443fd37e81f2e1782229a0f6fe0110f59e8194b9bb1ae74a3ae31c115c
chisel:large_tile/prismarine	ctm	chisel:block/large_tile/prismarine	block/cube_all	chisel:block/ctm/large_tile/prismarine/0	chisel:block/ctm/large_tile/prismarine/1	chisel:block/ctm/large_tile/prismarine/4	chisel:block/ctm/large_tile/prismarine/2	chisel:block/ctm/large_tile/prismarine/3	3da2fdcbe3defd48a7c9f01cc30ae4a6012ab77c2fc780662110f29d8e833b68
chisel:large_tile/purple_concrete	ctm	chisel:block/large_tile/purple_concrete	block/cube_all	chisel:block/ctm/large_tile/purple_concrete/0	chisel:block/ctm/large_tile/purple_concrete/1	chisel:block/ctm/large_tile/purple_concrete/4	chisel:block/ctm/large_tile/purple_concrete/2	chisel:block/ctm/large_tile/purple_concrete/3	8725d8b4166e329da1742b3dbe0ea40d02f124aa05619ac0ac8899dec0d6492d
chisel:large_tile/purpur	ctm	chisel:block/large_tile/purpur	block/cube_all	chisel:block/ctm/large_tile/purpur/0	chisel:block/ctm/large_tile/purpur/1	chisel:block/ctm/large_tile/purpur/4	chisel:block/ctm/large_tile/purpur/2	chisel:block/ctm/large_tile/purpur/3	b47da3f1c10dc6cbcc5df350465afc6d8466c9ff645244128834579fb04197c2
chisel:large_tile/quartz	ctm	chisel:block/large_tile/quartz	block/cube_all	chisel:block/ctm/large_tile/quartz/0	chisel:block/ctm/large_tile/quartz/1	chisel:block/ctm/large_tile/quartz/4	chisel:block/ctm/large_tile/quartz/2	chisel:block/ctm/large_tile/quartz/3	d060c0ff4b0c469ba4140b018d55a8f34c6c6648ff6f4e1c26ff3e719ffc9113
chisel:large_tile/red_concrete	ctm	chisel:block/large_tile/red_concrete	block/cube_all	chisel:block/ctm/large_tile/red_concrete/0	chisel:block/ctm/large_tile/red_concrete/1	chisel:block/ctm/large_tile/red_concrete/4	chisel:block/ctm/large_tile/red_concrete/2	chisel:block/ctm/large_tile/red_concrete/3	42e345eba2e0485398fcd554a148713c7566492489b62a5b7a8f06ae2e3e118d
chisel:large_tile/red_sandstone	ctm	chisel:block/large_tile/red_sandstone	block/cube_all	chisel:block/ctm/large_tile/red_sandstone/0	chisel:block/ctm/large_tile/red_sandstone/1	chisel:block/ctm/large_tile/red_sandstone/4	chisel:block/ctm/large_tile/red_sandstone/2	chisel:block/ctm/large_tile/red_sandstone/3	fb45133368d365bd20de98668023a89a32195b428f9a1f8cb2a5effd10946ab1
chisel:large_tile/redstone_block	ctm	chisel:block/large_tile/redstone_block	block/cube_all	chisel:block/ctm/large_tile/redstone_block/0	chisel:block/ctm/large_tile/redstone_block/1	chisel:block/ctm/large_tile/redstone_block/4	chisel:block/ctm/large_tile/redstone_block/2	chisel:block/ctm/large_tile/redstone_block/3	ba4eed317150595626b67ef33390acc7dcf783b26ec1d1b853049cf12898b477
chisel:large_tile/sandstone	ctm	chisel:block/large_tile/sandstone	block/cube_all	chisel:block/ctm/large_tile/sandstone/0	chisel:block/ctm/large_tile/sandstone/1	chisel:block/ctm/large_tile/sandstone/4	chisel:block/ctm/large_tile/sandstone/2	chisel:block/ctm/large_tile/sandstone/3	52e3105b9f04b5592abe94ed5345d1674e32edb1c377356d95200a3563febd98
chisel:large_tile/stone	ctm	chisel:block/large_tile/stone	block/cube_all	chisel:block/ctm/large_tile/stone/0	chisel:block/ctm/large_tile/stone/1	chisel:block/ctm/large_tile/stone/4	chisel:block/ctm/large_tile/stone/2	chisel:block/ctm/large_tile/stone/3	e75a7f38e9a0fec628676ac446e80ed38f42f95b47391c2959adfcb728df51da
chisel:large_tile/white_concrete	ctm	chisel:block/large_tile/white_concrete	block/cube_all	chisel:block/ctm/large_tile/white_concrete/0	chisel:block/ctm/large_tile/white_concrete/1	chisel:block/ctm/large_tile/white_concrete/4	chisel:block/ctm/large_tile/white_concrete/2	chisel:block/ctm/large_tile/white_concrete/3	b97b966b5542a1e856d2f57e6d64e4f45ec9fe61496d342e5de94066eb033e7f
chisel:large_tile/yellow_concrete	ctm	chisel:block/large_tile/yellow_concrete	block/cube_all	chisel:block/ctm/large_tile/yellow_concrete/0	chisel:block/ctm/large_tile/yellow_concrete/1	chisel:block/ctm/large_tile/yellow_concrete/4	chisel:block/ctm/large_tile/yellow_concrete/2	chisel:block/ctm/large_tile/yellow_concrete/3	05251efdfcbc0f1afac67141a938937afcf358d10f28421ed6c474c4b8992ba7
chisel:legacy/black_wool	ctm	chisel:block/legacy/black_wool	block/cube_all	chisel:block/ctm/legacy/black_wool/0	chisel:block/ctm/legacy/black_wool/1	chisel:block/ctm/legacy/black_wool/4	chisel:block/ctm/legacy/black_wool/2	chisel:block/ctm/legacy/black_wool/3	9e3227c3f720a3c415df4a79e204ca01aa494ce2972012c499bf2337f83ff6cc
chisel:legacy/blue_wool	ctm	chisel:block/legacy/blue_wool	block/cube_all	chisel:block/ctm/legacy/blue_wool/0	chisel:block/ctm/legacy/blue_wool/1	chisel:block/ctm/legacy/blue_wool/4	chisel:block/ctm/legacy/blue_wool/2	chisel:block/ctm/legacy/blue_wool/3	85d26628c81f8a20262145c24beb8dc4bb59edbd17ced5a1b0d6cc29aae65fe0
chisel:legacy/brown_wool	ctm	chisel:block/legacy/brown_wool	block/cube_all	chisel:block/ctm/legacy/brown_wool/0	chisel:block/ctm/legacy/brown_wool/1	chisel:block/ctm/legacy/brown_wool/4	chisel:block/ctm/legacy/brown_wool/2	chisel:block/ctm/legacy/brown_wool/3	eef88bf6231ef4ebfc57b6fe6bc5e143f4aba7083592b6f7eb01fd494b128cae
chisel:legacy/cyan_wool	ctm	chisel:block/legacy/cyan_wool	block/cube_all	chisel:block/ctm/legacy/cyan_wool/0	chisel:block/ctm/legacy/cyan_wool/1	chisel:block/ctm/legacy/cyan_wool/4	chisel:block/ctm/legacy/cyan_wool/2	chisel:block/ctm/legacy/cyan_wool/3	e515121711dee7142d94c0764d9423faca7623d62c7b7367ee22334838c18e57
chisel:legacy/gray_wool	ctm	chisel:block/legacy/gray_wool	block/cube_all	chisel:block/ctm/legacy/gray_wool/0	chisel:block/ctm/legacy/gray_wool/1	chisel:block/ctm/legacy/gray_wool/4	chisel:block/ctm/legacy/gray_wool/2	chisel:block/ctm/legacy/gray_wool/3	246af2f63d8f596d043d2ee30538b75d3b6d88a8fe193db06443f28d290f832d
chisel:legacy/green_wool	ctm	chisel:block/legacy/green_wool	block/cube_all	chisel:block/ctm/legacy/green_wool/0	chisel:block/ctm/legacy/green_wool/1	chisel:block/ctm/legacy/green_wool/4	chisel:block/ctm/legacy/green_wool/2	chisel:block/ctm/legacy/green_wool/3	daf618441906fe2a51ee0f31f27a2caa6e740aa0a3902d4e2d96dff4eabf3d57
chisel:legacy/light_blue_wool	ctm	chisel:block/legacy/light_blue_wool	block/cube_all	chisel:block/ctm/legacy/light_blue_wool/0	chisel:block/ctm/legacy/light_blue_wool/1	chisel:block/ctm/legacy/light_blue_wool/4	chisel:block/ctm/legacy/light_blue_wool/2	chisel:block/ctm/legacy/light_blue_wool/3	5af520ad503d5babddf8f10ba8876405040469e5c2957994742194d420a16ba6
chisel:legacy/light_gray_wool	ctm	chisel:block/legacy/light_gray_wool	block/cube_all	chisel:block/ctm/legacy/light_gray_wool/0	chisel:block/ctm/legacy/light_gray_wool/1	chisel:block/ctm/legacy/light_gray_wool/4	chisel:block/ctm/legacy/light_gray_wool/2	chisel:block/ctm/legacy/light_gray_wool/3	947fe238373347e85863886776436be966ffe3c47535b79af7f4a0544c9dfe33
chisel:legacy/lime_wool	ctm	chisel:block/legacy/lime_wool	block/cube_all	chisel:block/ctm/legacy/lime_wool/0	chisel:block/ctm/legacy/lime_wool/1	chisel:block/ctm/legacy/lime_wool/4	chisel:block/ctm/legacy/lime_wool/2	chisel:block/ctm/legacy/lime_wool/3	f5b950fbd8f59c86cca43b72835fbb4ea7f791db2a6d72c6097500036b282894
chisel:legacy/magenta_wool	ctm	chisel:block/legacy/magenta_wool	block/cube_all	chisel:block/ctm/legacy/magenta_wool/0	chisel:block/ctm/legacy/magenta_wool/1	chisel:block/ctm/legacy/magenta_wool/4	chisel:block/ctm/legacy/magenta_wool/2	chisel:block/ctm/legacy/magenta_wool/3	75fb6b5ff138f7bc66e56438130de5c367ead28504bd42cda0c7c679b8d5e7a3
chisel:legacy/orange_wool	ctm	chisel:block/legacy/orange_wool	block/cube_all	chisel:block/ctm/legacy/orange_wool/0	chisel:block/ctm/legacy/orange_wool/1	chisel:block/ctm/legacy/orange_wool/4	chisel:block/ctm/legacy/orange_wool/2	chisel:block/ctm/legacy/orange_wool/3	4b062ca35a4925c3754913878df1be1745f9dfc19f60046eaa57059d76d5c353
chisel:legacy/pink_wool	ctm	chisel:block/legacy/pink_wool	block/cube_all	chisel:block/ctm/legacy/pink_wool/0	chisel:block/ctm/legacy/pink_wool/1	chisel:block/ctm/legacy/pink_wool/4	chisel:block/ctm/legacy/pink_wool/2	chisel:block/ctm/legacy/pink_wool/3	82c94062bf940291801e35a14d74fef60427ac435a662fb45757e8604d0690be
chisel:legacy/purple_wool	ctm	chisel:block/legacy/purple_wool	block/cube_all	chisel:block/ctm/legacy/purple_wool/0	chisel:block/ctm/legacy/purple_wool/1	chisel:block/ctm/legacy/purple_wool/4	chisel:block/ctm/legacy/purple_wool/2	chisel:block/ctm/legacy/purple_wool/3	053aeb787a79b9c9ca6fc8ac0f4a57f2a7f975dea7b4fa4354725bdab2feeb09
chisel:legacy/red_wool	ctm	chisel:block/legacy/red_wool	block/cube_all	chisel:block/ctm/legacy/red_wool/0	chisel:block/ctm/legacy/red_wool/1	chisel:block/ctm/legacy/red_wool/4	chisel:block/ctm/legacy/red_wool/2	chisel:block/ctm/legacy/red_wool/3	e871a36d5300191d0fc18c9a3b91d520ffa063a19324cb0813f83a2d7db78a05
chisel:legacy/white_wool	ctm	chisel:block/legacy/white_wool	block/cube_all	chisel:block/ctm/legacy/white_wool/0	chisel:block/ctm/legacy/white_wool/1	chisel:block/ctm/legacy/white_wool/4	chisel:block/ctm/legacy/white_wool/2	chisel:block/ctm/legacy/white_wool/3	c67c48f496543f7b618d78174eeb1d26caf82e8938be85ba13dd6720ce3985d6
chisel:legacy/yellow_wool	ctm	chisel:block/legacy/yellow_wool	block/cube_all	chisel:block/ctm/legacy/yellow_wool/0	chisel:block/ctm/legacy/yellow_wool/1	chisel:block/ctm/legacy/yellow_wool/4	chisel:block/ctm/legacy/yellow_wool/2	chisel:block/ctm/legacy/yellow_wool/3	d9266318ef724b14d0b337aebd648a05bfa0fe38c1609206a2cb68b1df7b3756
chisel:light/glass	ctm	chisel:block/light/glass	block/cube_all	chisel:block/ctm/light/glass/0	chisel:block/ctm/light/glass/1	chisel:block/ctm/light/glass/4	chisel:block/ctm/light/glass/2	chisel:block/ctm/light/glass/3	b1ab28e54e173a85339c8c5d258b3aa77ac33e3c7f96afaa2aa2fda5cac6f413
chisel:llama/black_wool	ctm	chisel:block/llama/black_wool	block/cube_all	chisel:block/ctm/llama/black_wool/0	chisel:block/ctm/llama/black_wool/1	chisel:block/ctm/llama/black_wool/4	chisel:block/ctm/llama/black_wool/2	chisel:block/ctm/llama/black_wool/3	788143791b9601f7632a42ff0c54de60f448610de4ae0a276b22e0a94de073fb
chisel:llama/blue_wool	ctm	chisel:block/llama/blue_wool	block/cube_all	chisel:block/ctm/llama/blue_wool/0	chisel:block/ctm/llama/blue_wool/1	chisel:block/ctm/llama/blue_wool/4	chisel:block/ctm/llama/blue_wool/2	chisel:block/ctm/llama/blue_wool/3	3f7718f0b665fa69cfaffa6894f4b73907ba81109b926362a351349fc47ce1cb
chisel:llama/brown_wool	ctm	chisel:block/llama/brown_wool	block/cube_all	chisel:block/ctm/llama/brown_wool/0	chisel:block/ctm/llama/brown_wool/1	chisel:block/ctm/llama/brown_wool/4	chisel:block/ctm/llama/brown_wool/2	chisel:block/ctm/llama/brown_wool/3	b6fb5fc156bd1d0254d2b15d06c53e9de53c5f76edab83ea2b875d4ad40a5cf9
chisel:llama/cyan_wool	ctm	chisel:block/llama/cyan_wool	block/cube_all	chisel:block/ctm/llama/cyan_wool/0	chisel:block/ctm/llama/cyan_wool/1	chisel:block/ctm/llama/cyan_wool/4	chisel:block/ctm/llama/cyan_wool/2	chisel:block/ctm/llama/cyan_wool/3	8f5ae0f9e51f57ebf047a0ff71616a651de7e4304a09f8a645ae1df0e076975c
chisel:llama/gray_wool	ctm	chisel:block/llama/gray_wool	block/cube_all	chisel:block/ctm/llama/gray_wool/0	chisel:block/ctm/llama/gray_wool/1	chisel:block/ctm/llama/gray_wool/4	chisel:block/ctm/llama/gray_wool/2	chisel:block/ctm/llama/gray_wool/3	11447c5007c7fcfd893f83d941584712d7dfc14c8c8762283f75ac83053a8a77
chisel:llama/green_wool	ctm	chisel:block/llama/green_wool	block/cube_all	chisel:block/ctm/llama/green_wool/0	chisel:block/ctm/llama/green_wool/1	chisel:block/ctm/llama/green_wool/4	chisel:block/ctm/llama/green_wool/2	chisel:block/ctm/llama/green_wool/3	48e2d4faeffd58ebb8e9c9cae5439e27e9d8fea08496e3b6a55bd84b650ffe3d
chisel:llama/light_blue_wool	ctm	chisel:block/llama/light_blue_wool	block/cube_all	chisel:block/ctm/llama/light_blue_wool/0	chisel:block/ctm/llama/light_blue_wool/1	chisel:block/ctm/llama/light_blue_wool/4	chisel:block/ctm/llama/light_blue_wool/2	chisel:block/ctm/llama/light_blue_wool/3	26a6c1d801a7d8dba8dbd2b78ad119ebe15ab9583dcd0207e6e48c2779c2e4c5
chisel:llama/light_gray_wool	ctm	chisel:block/llama/light_gray_wool	block/cube_all	chisel:block/ctm/llama/light_gray_wool/0	chisel:block/ctm/llama/light_gray_wool/1	chisel:block/ctm/llama/light_gray_wool/4	chisel:block/ctm/llama/light_gray_wool/2	chisel:block/ctm/llama/light_gray_wool/3	b8c91eec4ff79475aeac52a548889d161232a0d2a2b0ac1b3406a7e36ac0e960
chisel:llama/lime_wool	ctm	chisel:block/llama/lime_wool	block/cube_all	chisel:block/ctm/llama/lime_wool/0	chisel:block/ctm/llama/lime_wool/1	chisel:block/ctm/llama/lime_wool/4	chisel:block/ctm/llama/lime_wool/2	chisel:block/ctm/llama/lime_wool/3	dc95c88e77a0a1ff6013480a865bb45a0be961ba8dde70a3bd5ff8426e0059d9
chisel:llama/magenta_wool	ctm	chisel:block/llama/magenta_wool	block/cube_all	chisel:block/ctm/llama/magenta_wool/0	chisel:block/ctm/llama/magenta_wool/1	chisel:block/ctm/llama/magenta_wool/4	chisel:block/ctm/llama/magenta_wool/2	chisel:block/ctm/llama/magenta_wool/3	d2eff0af8083f86d7958a6d915e4e1f917b3f6f742355b2ddb24edce059377e8
chisel:llama/orange_wool	ctm	chisel:block/llama/orange_wool	block/cube_all	chisel:block/ctm/llama/orange_wool/0	chisel:block/ctm/llama/orange_wool/1	chisel:block/ctm/llama/orange_wool/4	chisel:block/ctm/llama/orange_wool/2	chisel:block/ctm/llama/orange_wool/3	7a1b458a40918ae51f1e62fe7d39c489f1975633dec392752fd4eef42b6c6505
chisel:llama/pink_wool	ctm	chisel:block/llama/pink_wool	block/cube_all	chisel:block/ctm/llama/pink_wool/0	chisel:block/ctm/llama/pink_wool/1	chisel:block/ctm/llama/pink_wool/4	chisel:block/ctm/llama/pink_wool/2	chisel:block/ctm/llama/pink_wool/3	fc4796dbecb8344954f03b138ce23f6c10463d17437e9c9f6b6540c410b76f9d
chisel:llama/purple_wool	ctm	chisel:block/llama/purple_wool	block/cube_all	chisel:block/ctm/llama/purple_wool/0	chisel:block/ctm/llama/purple_wool/1	chisel:block/ctm/llama/purple_wool/4	chisel:block/ctm/llama/purple_wool/2	chisel:block/ctm/llama/purple_wool/3	352d741429d87d2903e81ed8126b1bd93aeb53f2e8fdaab77a53113536629f32
chisel:llama/red_wool	ctm	chisel:block/llama/red_wool	block/cube_all	chisel:block/ctm/llama/red_wool/0	chisel:block/ctm/llama/red_wool/1	chisel:block/ctm/llama/red_wool/4	chisel:block/ctm/llama/red_wool/2	chisel:block/ctm/llama/red_wool/3	f7aab546d134cdb37cc029d54d0e37f702927261b9ca13a5f9f10ebda0304cde
chisel:llama/white_wool	ctm	chisel:block/llama/white_wool	block/cube_all	chisel:block/ctm/llama/white_wool/0	chisel:block/ctm/llama/white_wool/1	chisel:block/ctm/llama/white_wool/4	chisel:block/ctm/llama/white_wool/2	chisel:block/ctm/llama/white_wool/3	0c1dab1754dacee40f99d84c105c832f02f6eba3aefd5bccd09471f8285aacb8
chisel:llama/yellow_wool	ctm	chisel:block/llama/yellow_wool	block/cube_all	chisel:block/ctm/llama/yellow_wool/0	chisel:block/ctm/llama/yellow_wool/1	chisel:block/ctm/llama/yellow_wool/4	chisel:block/ctm/llama/yellow_wool/2	chisel:block/ctm/llama/yellow_wool/3	69dc099a2c22521bed3c5523950ce824c7650857efa1b1bb88c83b4604b7ae16
chisel:log_bordered/acacia_planks	ctm	chisel:block/log_bordered/acacia_planks	block/cube_all	chisel:block/ctm/log_bordered/acacia_planks/0	chisel:block/ctm/log_bordered/acacia_planks/1	chisel:block/ctm/log_bordered/acacia_planks/4	chisel:block/ctm/log_bordered/acacia_planks/2	chisel:block/ctm/log_bordered/acacia_planks/3	941d585025e72f110d4097ff59a0cd7ae6825031f32ec77e2bd43fb0007e2670
chisel:log_bordered/birch_planks	ctm	chisel:block/log_bordered/birch_planks	block/cube_all	chisel:block/ctm/log_bordered/birch_planks/0	chisel:block/ctm/log_bordered/birch_planks/1	chisel:block/ctm/log_bordered/birch_planks/4	chisel:block/ctm/log_bordered/birch_planks/2	chisel:block/ctm/log_bordered/birch_planks/3	6df3371e9f28e2d65053d2bb61f106e4fa0e0a936fa7bbf0dfe514f1a2bb9a38
chisel:log_bordered/crimson_planks	ctm	chisel:block/log_bordered/crimson_planks	block/cube_all	chisel:block/ctm/log_bordered/crimson_planks/0	chisel:block/ctm/log_bordered/crimson_planks/1	chisel:block/ctm/log_bordered/crimson_planks/4	chisel:block/ctm/log_bordered/crimson_planks/2	chisel:block/ctm/log_bordered/crimson_planks/3	59c376faef5ce192968405a956ade4abe6da14a2adc42ec4b126f9f6dc03e249
chisel:log_bordered/dark_oak_planks	ctm	chisel:block/log_bordered/dark_oak_planks	block/cube_all	chisel:block/ctm/log_bordered/dark_oak_planks/0	chisel:block/ctm/log_bordered/dark_oak_planks/1	chisel:block/ctm/log_bordered/dark_oak_planks/4	chisel:block/ctm/log_bordered/dark_oak_planks/2	chisel:block/ctm/log_bordered/dark_oak_planks/3	fd378260b1036bb355724a9409db1e78d9a24a2db82524cdc6d63c475b311ff2
chisel:log_bordered/jungle_planks	ctm	chisel:block/log_bordered/jungle_planks	block/cube_all	chisel:block/ctm/log_bordered/jungle_planks/0	chisel:block/ctm/log_bordered/jungle_planks/1	chisel:block/ctm/log_bordered/jungle_planks/4	chisel:block/ctm/log_bordered/jungle_planks/2	chisel:block/ctm/log_bordered/jungle_planks/3	ded11e708e42e9d1f8d142d1210624747d1c4763a111fc95a7dde5c73a326129
chisel:log_bordered/oak_planks	ctm	chisel:block/log_bordered/oak_planks	block/cube_all	chisel:block/ctm/log_bordered/oak_planks/0	chisel:block/ctm/log_bordered/oak_planks/1	chisel:block/ctm/log_bordered/oak_planks/4	chisel:block/ctm/log_bordered/oak_planks/2	chisel:block/ctm/log_bordered/oak_planks/3	5b6245ffede955b7061842d7f84a499d2663919e7c408e3a9ec13503a983256a
chisel:log_bordered/spruce_planks	ctm	chisel:block/log_bordered/spruce_planks	block/cube_all	chisel:block/ctm/log_bordered/spruce_planks/0	chisel:block/ctm/log_bordered/spruce_planks/1	chisel:block/ctm/log_bordered/spruce_planks/4	chisel:block/ctm/log_bordered/spruce_planks/2	chisel:block/ctm/log_bordered/spruce_planks/3	ff057928548370cb12155e4fe7b8ed3dad4225d6b5173307b1378a7743e5f1c1
chisel:masonry/coal_block	giant	chisel:block/masonry/coal_block	block/cube_all	chisel:block/masonry/coal_block	chisel:block/ctm/masonry/coal_block/0	chisel:block/ctm/masonry/coal_block/1	chisel:block/ctm/masonry/coal_block/2	chisel:block/ctm/masonry/coal_block/3	19f67e631c499e10ad25a177f825e30c2a88ce63dfdc2df683ba52b8ac671e5c
chisel:masonry/emerald_block	giant	chisel:block/masonry/emerald_block	block/cube_all	chisel:block/masonry/emerald_block	chisel:block/ctm/masonry/emerald_block/0	chisel:block/ctm/masonry/emerald_block/1	chisel:block/ctm/masonry/emerald_block/2	chisel:block/ctm/masonry/emerald_block/3	468a76577c82fc84b1df6316f36e181905e4168129dc7b99b60845c0ed379034
chisel:masonry/lapis_block	giant	chisel:block/masonry/lapis_block	block/cube_all	chisel:block/masonry/lapis_block	chisel:block/ctm/masonry/lapis_block/0	chisel:block/ctm/masonry/lapis_block/1	chisel:block/ctm/masonry/lapis_block/2	chisel:block/ctm/masonry/lapis_block/3	cae99faf34c566bbbdc56007fac552fd9622ad3a5d1e42cbe4426f8d221aea35
chisel:mosaic/andesite	ctm	chisel:block/mosaic/andesite	block/cube_all	chisel:block/ctm/mosaic/andesite/0	chisel:block/ctm/mosaic/andesite/1	chisel:block/ctm/mosaic/andesite/4	chisel:block/ctm/mosaic/andesite/2	chisel:block/ctm/mosaic/andesite/3	bc9bdd9ac67635dce1cb1f9090151662b2dfbddadee56c4c49827ad65403ce3b
chisel:mosaic/black_concrete	ctm	chisel:block/mosaic/black_concrete	block/cube_all	chisel:block/ctm/mosaic/black_concrete/0	chisel:block/ctm/mosaic/black_concrete/1	chisel:block/ctm/mosaic/black_concrete/4	chisel:block/ctm/mosaic/black_concrete/2	chisel:block/ctm/mosaic/black_concrete/3	c44a43b0513ff43b46218dbc10beb566bdae4a7faa484d7d69489e6a5137a072
chisel:mosaic/blue_concrete	ctm	chisel:block/mosaic/blue_concrete	block/cube_all	chisel:block/ctm/mosaic/blue_concrete/0	chisel:block/ctm/mosaic/blue_concrete/1	chisel:block/ctm/mosaic/blue_concrete/4	chisel:block/ctm/mosaic/blue_concrete/2	chisel:block/ctm/mosaic/blue_concrete/3	889fa64f1eed41a668db27be39d345a464a1aa804c3ec494029f47edd45145e6
chisel:mosaic/bricks	ctm	chisel:block/mosaic/bricks	block/cube_all	chisel:block/ctm/mosaic/bricks/0	chisel:block/ctm/mosaic/bricks/1	chisel:block/ctm/mosaic/bricks/4	chisel:block/ctm/mosaic/bricks/2	chisel:block/ctm/mosaic/bricks/3	ec572ae8874ee565392e7f83e2c9980e9b671e0748cc54824e08a1fee3a81eb6
chisel:mosaic/brown_concrete	ctm	chisel:block/mosaic/brown_concrete	block/cube_all	chisel:block/ctm/mosaic/brown_concrete/0	chisel:block/ctm/mosaic/brown_concrete/1	chisel:block/ctm/mosaic/brown_concrete/4	chisel:block/ctm/mosaic/brown_concrete/2	chisel:block/ctm/mosaic/brown_concrete/3	0729e669be0f381b3d01653900bd2ca320670f8272d7e94fc3de8246f4321ede
chisel:mosaic/coal_block	ctm	chisel:block/mosaic/coal_block	block/cube_all	chisel:block/ctm/mosaic/coal_block/0	chisel:block/ctm/mosaic/coal_block/1	chisel:block/ctm/mosaic/coal_block/4	chisel:block/ctm/mosaic/coal_block/2	chisel:block/ctm/mosaic/coal_block/3	56e9bb0d53816417f356973b3fb35cdd621d0954f1ed882c12ec4b37d39e4cd2
chisel:mosaic/cobblestone	ctm	chisel:block/mosaic/cobblestone	block/cube_all	chisel:block/ctm/mosaic/cobblestone/0	chisel:block/ctm/mosaic/cobblestone/1	chisel:block/ctm/mosaic/cobblestone/4	chisel:block/ctm/mosaic/cobblestone/2	chisel:block/ctm/mosaic/cobblestone/3	440fbfab1c004b8d529753329150414086d972e0229cd52d577b6da6006a62e3
chisel:mosaic/cyan_concrete	ctm	chisel:block/mosaic/cyan_concrete	block/cube_all	chisel:block/ctm/mosaic/cyan_concrete/0	chisel:block/ctm/mosaic/cyan_concrete/1	chisel:block/ctm/mosaic/cyan_concrete/4	chisel:block/ctm/mosaic/cyan_concrete/2	chisel:block/ctm/mosaic/cyan_concrete/3	a23ec31be46ada4257d54fbf4bdeae76d72cbd2f455dd1f37f847590a9a37a07
chisel:mosaic/deepslate	ctm	chisel:block/mosaic/deepslate	block/cube_all	chisel:block/ctm/mosaic/deepslate/0	chisel:block/ctm/mosaic/deepslate/1	chisel:block/ctm/mosaic/deepslate/4	chisel:block/ctm/mosaic/deepslate/2	chisel:block/ctm/mosaic/deepslate/3	4b6ba4af603300154929f7eb2a59f1388eb5bd2f3f2eea8f7f6f69e3eb2070f9
chisel:mosaic/diorite	ctm	chisel:block/mosaic/diorite	block/cube_all	chisel:block/ctm/mosaic/diorite/0	chisel:block/ctm/mosaic/diorite/1	chisel:block/ctm/mosaic/diorite/4	chisel:block/ctm/mosaic/diorite/2	chisel:block/ctm/mosaic/diorite/3	f8c7e281e28fb786206ae7b864299b66c401d29fca3878ce0a8aa678cf002280
chisel:mosaic/end_stone	ctm	chisel:block/mosaic/end_stone	block/cube_all	chisel:block/ctm/mosaic/end_stone/0	chisel:block/ctm/mosaic/end_stone/1	chisel:block/ctm/mosaic/end_stone/4	chisel:block/ctm/mosaic/end_stone/2	chisel:block/ctm/mosaic/end_stone/3	6fdd233d53a4e6125990896c28eacf0bd5fb3290b54e16f0985217cf83f7404d
chisel:mosaic/glowstone	ctm	chisel:block/mosaic/glowstone	block/cube_all	chisel:block/ctm/mosaic/glowstone/0	chisel:block/ctm/mosaic/glowstone/1	chisel:block/ctm/mosaic/glowstone/4	chisel:block/ctm/mosaic/glowstone/2	chisel:block/ctm/mosaic/glowstone/3	8ef97ff33a9cd3c3e042fde7f81a442c474e061f112a27515dd8f380ad159730
chisel:mosaic/granite	ctm	chisel:block/mosaic/granite	block/cube_all	chisel:block/ctm/mosaic/granite/0	chisel:block/ctm/mosaic/granite/1	chisel:block/ctm/mosaic/granite/4	chisel:block/ctm/mosaic/granite/2	chisel:block/ctm/mosaic/granite/3	c677351267b8bb3f6b7542ddb834673da06bb20f8172982a713332c5a06955fc
chisel:mosaic/gray_concrete	ctm	chisel:block/mosaic/gray_concrete	block/cube_all	chisel:block/ctm/mosaic/gray_concrete/0	chisel:block/ctm/mosaic/gray_concrete/1	chisel:block/ctm/mosaic/gray_concrete/4	chisel:block/ctm/mosaic/gray_concrete/2	chisel:block/ctm/mosaic/gray_concrete/3	02fab32bcadf772abe7357ac85847d36599d22cbb0d36fb34fdcc7ee94a0a9ad
chisel:mosaic/green_concrete	ctm	chisel:block/mosaic/green_concrete	block/cube_all	chisel:block/ctm/mosaic/green_concrete/0	chisel:block/ctm/mosaic/green_concrete/1	chisel:block/ctm/mosaic/green_concrete/4	chisel:block/ctm/mosaic/green_concrete/2	chisel:block/ctm/mosaic/green_concrete/3	41308426a8ede092eaf3a180f692c90bd1cf47ed9c93c0ed9fdf6e0ea0ee76c3
chisel:mosaic/ice	ctm	chisel:block/mosaic/ice	block/cube_all	chisel:block/ctm/mosaic/ice/0	chisel:block/ctm/mosaic/ice/1	chisel:block/ctm/mosaic/ice/4	chisel:block/ctm/mosaic/ice/2	chisel:block/ctm/mosaic/ice/3	c8c721626707f5adde4e6346327c28fda475cf0617ebee27f530af13ecffd299
chisel:mosaic/light_blue_concrete	ctm	chisel:block/mosaic/light_blue_concrete	block/cube_all	chisel:block/ctm/mosaic/light_blue_concrete/0	chisel:block/ctm/mosaic/light_blue_concrete/1	chisel:block/ctm/mosaic/light_blue_concrete/4	chisel:block/ctm/mosaic/light_blue_concrete/2	chisel:block/ctm/mosaic/light_blue_concrete/3	c489d4d9f7441e40a1cc9de959e4427af51501daa8ce9c51b83ee25589fa573d
chisel:mosaic/light_gray_concrete	ctm	chisel:block/mosaic/light_gray_concrete	block/cube_all	chisel:block/ctm/mosaic/light_gray_concrete/0	chisel:block/ctm/mosaic/light_gray_concrete/1	chisel:block/ctm/mosaic/light_gray_concrete/4	chisel:block/ctm/mosaic/light_gray_concrete/2	chisel:block/ctm/mosaic/light_gray_concrete/3	b057d8a1962584859e862bd984dcff4701a189af0c5cf6d0e9f91c0aadd4be82
chisel:mosaic/lime_concrete	ctm	chisel:block/mosaic/lime_concrete	block/cube_all	chisel:block/ctm/mosaic/lime_concrete/0	chisel:block/ctm/mosaic/lime_concrete/1	chisel:block/ctm/mosaic/lime_concrete/4	chisel:block/ctm/mosaic/lime_concrete/2	chisel:block/ctm/mosaic/lime_concrete/3	6006671e943d1ab00be524d33bde69cefa235fbf7bd17e6e5b4bb597e1ffb510
chisel:mosaic/magenta_concrete	ctm	chisel:block/mosaic/magenta_concrete	block/cube_all	chisel:block/ctm/mosaic/magenta_concrete/0	chisel:block/ctm/mosaic/magenta_concrete/1	chisel:block/ctm/mosaic/magenta_concrete/4	chisel:block/ctm/mosaic/magenta_concrete/2	chisel:block/ctm/mosaic/magenta_concrete/3	6a58ee83832f9fab0da53c374ff350e2812ef42f9a56d35d2d7df7fdd240729c
chisel:mosaic/nether_brick	ctm	chisel:block/mosaic/nether_brick	block/cube_all	chisel:block/ctm/mosaic/nether_brick/0	chisel:block/ctm/mosaic/nether_brick/1	chisel:block/ctm/mosaic/nether_brick/4	chisel:block/ctm/mosaic/nether_brick/2	chisel:block/ctm/mosaic/nether_brick/3	9d13f2a89d59a21d3c2f4178125584ee0d32e2e242f3021e7a8be8c00ba730ea
chisel:mosaic/orange_concrete	ctm	chisel:block/mosaic/orange_concrete	block/cube_all	chisel:block/ctm/mosaic/orange_concrete/0	chisel:block/ctm/mosaic/orange_concrete/1	chisel:block/ctm/mosaic/orange_concrete/4	chisel:block/ctm/mosaic/orange_concrete/2	chisel:block/ctm/mosaic/orange_concrete/3	39be21c544c395aa4d347d36d9be8e89ec2b54a18cf5b8c19f5ba730538ef87b
chisel:mosaic/pink_concrete	ctm	chisel:block/mosaic/pink_concrete	block/cube_all	chisel:block/ctm/mosaic/pink_concrete/0	chisel:block/ctm/mosaic/pink_concrete/1	chisel:block/ctm/mosaic/pink_concrete/4	chisel:block/ctm/mosaic/pink_concrete/2	chisel:block/ctm/mosaic/pink_concrete/3	f2b8a1b9be705ddd355fdcb3def1a88bd82a064bb00dc424518624b229cefcf4
chisel:mosaic/prismarine	ctm	chisel:block/mosaic/prismarine	block/cube_all	chisel:block/ctm/mosaic/prismarine/0	chisel:block/ctm/mosaic/prismarine/1	chisel:block/ctm/mosaic/prismarine/4	chisel:block/ctm/mosaic/prismarine/2	chisel:block/ctm/mosaic/prismarine/3	d8629824674f2de8c720830a69ec11b05f285bc8b81b05a160bbc386f4bbc323
chisel:mosaic/purple_concrete	ctm	chisel:block/mosaic/purple_concrete	block/cube_all	chisel:block/ctm/mosaic/purple_concrete/0	chisel:block/ctm/mosaic/purple_concrete/1	chisel:block/ctm/mosaic/purple_concrete/4	chisel:block/ctm/mosaic/purple_concrete/2	chisel:block/ctm/mosaic/purple_concrete/3	71220f7f52b3913ed3ab40e30d4c536c4412f9d6de7dd7d1b307be75e9a49a06
chisel:mosaic/purpur	ctm	chisel:block/mosaic/purpur	block/cube_all	chisel:block/ctm/mosaic/purpur/0	chisel:block/ctm/mosaic/purpur/1	chisel:block/ctm/mosaic/purpur/4	chisel:block/ctm/mosaic/purpur/2	chisel:block/ctm/mosaic/purpur/3	7fc84280056d8bb05d1bb7f9d18d6da3bcd15d214b6c1de9cff4b7c0090a153f
chisel:mosaic/quartz	ctm	chisel:block/mosaic/quartz	block/cube_all	chisel:block/ctm/mosaic/quartz/0	chisel:block/ctm/mosaic/quartz/1	chisel:block/ctm/mosaic/quartz/4	chisel:block/ctm/mosaic/quartz/2	chisel:block/ctm/mosaic/quartz/3	dbe4ca5ac6bc163bf1a2d89d51c4c6ec2ad539ee8dee18feb619a9111a401b98
chisel:mosaic/red_concrete	ctm	chisel:block/mosaic/red_concrete	block/cube_all	chisel:block/ctm/mosaic/red_concrete/0	chisel:block/ctm/mosaic/red_concrete/1	chisel:block/ctm/mosaic/red_concrete/4	chisel:block/ctm/mosaic/red_concrete/2	chisel:block/ctm/mosaic/red_concrete/3	b9b098b28ef343dbe54a59f3f556448202e53434ba5edc4115e1887743788539
chisel:mosaic/red_sandstone	ctm	chisel:block/mosaic/red_sandstone	block/cube_all	chisel:block/ctm/mosaic/red_sandstone/0	chisel:block/ctm/mosaic/red_sandstone/1	chisel:block/ctm/mosaic/red_sandstone/4	chisel:block/ctm/mosaic/red_sandstone/2	chisel:block/ctm/mosaic/red_sandstone/3	33ee7acdb4cdfd5eed1eeee31e1c405478b68abf05978f8543e72ea8b5c0d38f
chisel:mosaic/redstone_block	ctm	chisel:block/mosaic/redstone_block	block/cube_all	chisel:block/ctm/mosaic/redstone_block/0	chisel:block/ctm/mosaic/redstone_block/1	chisel:block/ctm/mosaic/redstone_block/4	chisel:block/ctm/mosaic/redstone_block/2	chisel:block/ctm/mosaic/redstone_block/3	7ac8667a6596df0ba6228711e31c4f478340aa1e8aa0a2dc0ad69c737719ecd4
chisel:mosaic/sandstone	ctm	chisel:block/mosaic/sandstone	block/cube_all	chisel:block/ctm/mosaic/sandstone/0	chisel:block/ctm/mosaic/sandstone/1	chisel:block/ctm/mosaic/sandstone/4	chisel:block/ctm/mosaic/sandstone/2	chisel:block/ctm/mosaic/sandstone/3	dcccb209350ccd93507bb0e4563bb1f8060fdd7a5ba29e418064bec2b1926c40
chisel:mosaic/stone	ctm	chisel:block/mosaic/stone	block/cube_all	chisel:block/ctm/mosaic/stone/0	chisel:block/ctm/mosaic/stone/1	chisel:block/ctm/mosaic/stone/4	chisel:block/ctm/mosaic/stone/2	chisel:block/ctm/mosaic/stone/3	9dcbe69eaada9fded96a5b4af7d72e017934834737e2e2141d5688b303979068
chisel:mosaic/white_concrete	ctm	chisel:block/mosaic/white_concrete	block/cube_all	chisel:block/ctm/mosaic/white_concrete/0	chisel:block/ctm/mosaic/white_concrete/1	chisel:block/ctm/mosaic/white_concrete/4	chisel:block/ctm/mosaic/white_concrete/2	chisel:block/ctm/mosaic/white_concrete/3	e40eaccf564bcf75ca96aae94e32316e2c3e51b73474a2f1de28ec484da96fcb
chisel:mosaic/yellow_concrete	ctm	chisel:block/mosaic/yellow_concrete	block/cube_all	chisel:block/ctm/mosaic/yellow_concrete/0	chisel:block/ctm/mosaic/yellow_concrete/1	chisel:block/ctm/mosaic/yellow_concrete/4	chisel:block/ctm/mosaic/yellow_concrete/2	chisel:block/ctm/mosaic/yellow_concrete/3	ef880001629184ac615e081f1e570c500866785f5ac0fbb61d402a9d6e65e714
chisel:noborder/glass	ctm	chisel:block/noborder/glass	block/cube_all	chisel:block/ctm/noborder/glass/0	chisel:block/ctm/noborder/glass/1	chisel:block/ctm/noborder/glass/4	chisel:block/ctm/noborder/glass/2	chisel:block/ctm/noborder/glass/3	d0cf68d1c92d75b6f2b311e2866222e3b94946287815bf50d07c65024f737b0a
chisel:ornatesteel/glass	ctm	chisel:block/ornatesteel/glass	block/cube_all	chisel:block/ctm/ornatesteel/glass/0	chisel:block/ctm/ornatesteel/glass/1	chisel:block/ctm/ornatesteel/glass/4	chisel:block/ctm/ornatesteel/glass/2	chisel:block/ctm/ornatesteel/glass/3	6550c884b7f669de9a80952b4b4b96e13ea71836f05999b5e9374e7243563c99
chisel:paneling/acacia_planks	ctm	chisel:block/paneling/acacia_planks	block/cube_all	chisel:block/ctm/paneling/acacia_planks/0	chisel:block/ctm/paneling/acacia_planks/1	chisel:block/ctm/paneling/acacia_planks/4	chisel:block/ctm/paneling/acacia_planks/2	chisel:block/ctm/paneling/acacia_planks/3	044843e0c3f89b017da12e242140859f5dc57f4a1784decea850af3f18fbc31f
chisel:paneling/birch_planks	ctm	chisel:block/paneling/birch_planks	block/cube_all	chisel:block/ctm/paneling/birch_planks/0	chisel:block/ctm/paneling/birch_planks/1	chisel:block/ctm/paneling/birch_planks/4	chisel:block/ctm/paneling/birch_planks/2	chisel:block/ctm/paneling/birch_planks/3	97d3420352052d40a6844f3d840f32a91961bf6804bc20fd13cc90481da23ff0
chisel:paneling/crimson_planks	ctm	chisel:block/paneling/crimson_planks	block/cube_all	chisel:block/ctm/paneling/crimson_planks/0	chisel:block/ctm/paneling/crimson_planks/1	chisel:block/ctm/paneling/crimson_planks/4	chisel:block/ctm/paneling/crimson_planks/2	chisel:block/ctm/paneling/crimson_planks/3	6218278ae8e6f8e2ad88fb39c618d73447f874b755ce1cff80759b436134821c
chisel:paneling/dark_oak_planks	ctm	chisel:block/paneling/dark_oak_planks	block/cube_all	chisel:block/ctm/paneling/dark_oak_planks/0	chisel:block/ctm/paneling/dark_oak_planks/1	chisel:block/ctm/paneling/dark_oak_planks/4	chisel:block/ctm/paneling/dark_oak_planks/2	chisel:block/ctm/paneling/dark_oak_planks/3	ee2a5d0f1279cc631fd152e39be5187017bfcab1092c3c6be5fa38df38ca2857
chisel:paneling/jungle_planks	ctm	chisel:block/paneling/jungle_planks	block/cube_all	chisel:block/ctm/paneling/jungle_planks/0	chisel:block/ctm/paneling/jungle_planks/1	chisel:block/ctm/paneling/jungle_planks/4	chisel:block/ctm/paneling/jungle_planks/2	chisel:block/ctm/paneling/jungle_planks/3	5784c888f4fc51655da043c7087a7e8d177fbd96c74df66add5a0b78bdc45dfe
chisel:paneling/oak_planks	ctm	chisel:block/paneling/oak_planks	block/cube_all	chisel:block/ctm/paneling/oak_planks/0	chisel:block/ctm/paneling/oak_planks/1	chisel:block/ctm/paneling/oak_planks/4	chisel:block/ctm/paneling/oak_planks/2	chisel:block/ctm/paneling/oak_planks/3	686faa625cfc5edfa66bc945a044528c3828522ba2f563fd41d28b199816080b
chisel:paneling/spruce_planks	ctm	chisel:block/paneling/spruce_planks	block/cube_all	chisel:block/ctm/paneling/spruce_planks/0	chisel:block/ctm/paneling/spruce_planks/1	chisel:block/ctm/paneling/spruce_planks/4	chisel:block/ctm/paneling/spruce_planks/2	chisel:block/ctm/paneling/spruce_planks/3	2eb9fe430ed7f5207f07abbb1d07c737a5450b7183c2edd794315e101dff13d8
chisel:reinforced/dirt	ctm	chisel:block/reinforced/dirt	block/cube_all	chisel:block/ctm/reinforced/dirt/0	chisel:block/ctm/reinforced/dirt/1	chisel:block/ctm/reinforced/dirt/4	chisel:block/ctm/reinforced/dirt/2	chisel:block/ctm/reinforced/dirt/3	9ac6e4404e8701935833ddbb3bd10edb80a10325a717e91a9332f6e207a49c9c
chisel:reinforcedcobble/dirt	ctm	chisel:block/reinforcedcobble/dirt	block/cube_all	chisel:block/ctm/reinforcedcobble/dirt/0	chisel:block/ctm/reinforcedcobble/dirt/1	chisel:block/ctm/reinforcedcobble/dirt/4	chisel:block/ctm/reinforcedcobble/dirt/2	chisel:block/ctm/reinforcedcobble/dirt/3	f60f03385446bd860ad5026ce3b15c0839c2bfde55bdb765309fb7c4af2ff7e5
chisel:shale/glass	ctm	chisel:block/shale/glass	block/cube_all	chisel:block/ctm/shale/glass/0	chisel:block/ctm/shale/glass/1	chisel:block/ctm/shale/glass/4	chisel:block/ctm/shale/glass/2	chisel:block/ctm/shale/glass/3	8b37a5fb74bb581b0869cd2b471496fe14e42a972a95d6fc9c74ea4931c238ba
chisel:shipping_crate/acacia_planks	ctm	chisel:block/shipping_crate/acacia_planks	block/cube_all	chisel:block/ctm/shipping_crate/acacia_planks/0	chisel:block/ctm/shipping_crate/acacia_planks/1	chisel:block/ctm/shipping_crate/acacia_planks/4	chisel:block/ctm/shipping_crate/acacia_planks/2	chisel:block/ctm/shipping_crate/acacia_planks/3	2c58794b1a5ea7daeced2c7286ccdcb800f7ac42560b5d03757fc09d8edbb61c
chisel:shipping_crate/birch_planks	ctm	chisel:block/shipping_crate/birch_planks	block/cube_all	chisel:block/ctm/shipping_crate/birch_planks/0	chisel:block/ctm/shipping_crate/birch_planks/1	chisel:block/ctm/shipping_crate/birch_planks/4	chisel:block/ctm/shipping_crate/birch_planks/2	chisel:block/ctm/shipping_crate/birch_planks/3	8717da03e56229004bbe8b2eb6b254b8168ea21a75bfd0fab9c0aa5d6adfabe3
chisel:shipping_crate/crimson_planks	ctm	chisel:block/shipping_crate/crimson_planks	block/cube_all	chisel:block/ctm/shipping_crate/crimson_planks/0	chisel:block/ctm/shipping_crate/crimson_planks/1	chisel:block/ctm/shipping_crate/crimson_planks/4	chisel:block/ctm/shipping_crate/crimson_planks/2	chisel:block/ctm/shipping_crate/crimson_planks/3	0c9802a3d5a4ed8a705a920bf941e1a66ac67dc37d62102b23c4c22adec8d419
chisel:shipping_crate/dark_oak_planks	ctm	chisel:block/shipping_crate/dark_oak_planks	block/cube_all	chisel:block/ctm/shipping_crate/dark_oak_planks/0	chisel:block/ctm/shipping_crate/dark_oak_planks/1	chisel:block/ctm/shipping_crate/dark_oak_planks/4	chisel:block/ctm/shipping_crate/dark_oak_planks/2	chisel:block/ctm/shipping_crate/dark_oak_planks/3	3cbf428eb4d6a850f0d787e2f18983abf04a6e3397edb1bbcc4788dcd46de76e
chisel:shipping_crate/jungle_planks	ctm	chisel:block/shipping_crate/jungle_planks	block/cube_all	chisel:block/ctm/shipping_crate/jungle_planks/0	chisel:block/ctm/shipping_crate/jungle_planks/1	chisel:block/ctm/shipping_crate/jungle_planks/4	chisel:block/ctm/shipping_crate/jungle_planks/2	chisel:block/ctm/shipping_crate/jungle_planks/3	813ca2df1a55faccf06b4fd4e80ade32fc79995f222f5ffe2a6206ef40f908e8
chisel:shipping_crate/oak_planks	ctm	chisel:block/shipping_crate/oak_planks	block/cube_all	chisel:block/ctm/shipping_crate/oak_planks/0	chisel:block/ctm/shipping_crate/oak_planks/1	chisel:block/ctm/shipping_crate/oak_planks/4	chisel:block/ctm/shipping_crate/oak_planks/2	chisel:block/ctm/shipping_crate/oak_planks/3	846b514512c4abf1579d72034e940f7945ccbc0f2fb3b28701ad223c25055bfc
chisel:shipping_crate/spruce_planks	ctm	chisel:block/shipping_crate/spruce_planks	block/cube_all	chisel:block/ctm/shipping_crate/spruce_planks/0	chisel:block/ctm/shipping_crate/spruce_planks/1	chisel:block/ctm/shipping_crate/spruce_planks/4	chisel:block/ctm/shipping_crate/spruce_planks/2	chisel:block/ctm/shipping_crate/spruce_planks/3	49c083914bd98ab12aeb28ae7daaa6ecc40ac7465768c078e20d426a16624a62
chisel:slant/andesite	giant	chisel:block/slant/andesite	block/cube_all	chisel:block/slant/andesite	chisel:block/ctm/slant/andesite/0	chisel:block/ctm/slant/andesite/1	chisel:block/ctm/slant/andesite/2	chisel:block/ctm/slant/andesite/3	81cf401a6e9370a1b04402daaca667fd30c52ec007329c796376328c74f305f5
chisel:slant/black_concrete	giant	chisel:block/slant/black_concrete	block/cube_all	chisel:block/slant/black_concrete	chisel:block/ctm/slant/black_concrete/0	chisel:block/ctm/slant/black_concrete/1	chisel:block/ctm/slant/black_concrete/2	chisel:block/ctm/slant/black_concrete/3	05296088bcc106467e45306a9134e5c714b9adc468a6da2eb6a191df9f13dcc8
chisel:slant/blue_concrete	giant	chisel:block/slant/blue_concrete	block/cube_all	chisel:block/slant/blue_concrete	chisel:block/ctm/slant/blue_concrete/0	chisel:block/ctm/slant/blue_concrete/1	chisel:block/ctm/slant/blue_concrete/2	chisel:block/ctm/slant/blue_concrete/3	db5cca8a749322bbc68ead754750cbadd7ce6caf2b4f1fa473dcacc1e7902ba5
chisel:slant/bricks	giant	chisel:block/slant/bricks	block/cube_all	chisel:block/slant/bricks	chisel:block/ctm/slant/bricks/0	chisel:block/ctm/slant/bricks/1	chisel:block/ctm/slant/bricks/2	chisel:block/ctm/slant/bricks/3	b0165d00aaf0eec65a6b0fd6c85fccdbb1a2b406a219db44af964e416bee43be
chisel:slant/brown_concrete	giant	chisel:block/slant/brown_concrete	block/cube_all	chisel:block/slant/brown_concrete	chisel:block/ctm/slant/brown_concrete/0	chisel:block/ctm/slant/brown_concrete/1	chisel:block/ctm/slant/brown_concrete/2	chisel:block/ctm/slant/brown_concrete/3	6190c8a23b958dde26c52f31e0a9b3db8cae43977158b0378241f6e9d2f6d58a
chisel:slant/coal_block	giant	chisel:block/slant/coal_block	block/cube_all	chisel:block/slant/coal_block	chisel:block/ctm/slant/coal_block/0	chisel:block/ctm/slant/coal_block/1	chisel:block/ctm/slant/coal_block/2	chisel:block/ctm/slant/coal_block/3	bdd6f157d6c6c20ff94faa71926af5f710ec655ed81c541148588e9799fd5f30
chisel:slant/cobblestone	giant	chisel:block/slant/cobblestone	block/cube_all	chisel:block/slant/cobblestone	chisel:block/ctm/slant/cobblestone/0	chisel:block/ctm/slant/cobblestone/1	chisel:block/ctm/slant/cobblestone/2	chisel:block/ctm/slant/cobblestone/3	4f76ac2c0be6d182f0e1d7326ae36ddfa739896c981f994e11647db5b6801efe
chisel:slant/cyan_concrete	giant	chisel:block/slant/cyan_concrete	block/cube_all	chisel:block/slant/cyan_concrete	chisel:block/ctm/slant/cyan_concrete/0	chisel:block/ctm/slant/cyan_concrete/1	chisel:block/ctm/slant/cyan_concrete/2	chisel:block/ctm/slant/cyan_concrete/3	a4b5d5cf6320cb0004d65528e13e06fe147102268c53d31f0fa1f075b02a41a6
chisel:slant/deepslate	giant	chisel:block/slant/deepslate	block/cube_all	chisel:block/slant/deepslate	chisel:block/ctm/slant/deepslate/0	chisel:block/ctm/slant/deepslate/1	chisel:block/ctm/slant/deepslate/2	chisel:block/ctm/slant/deepslate/3	1fdc0e59719adbf753576fe42e07266c71a6a6368379298bd4bc7031dbd5a846
chisel:slant/diorite	giant	chisel:block/slant/diorite	block/cube_all	chisel:block/slant/diorite	chisel:block/ctm/slant/diorite/0	chisel:block/ctm/slant/diorite/1	chisel:block/ctm/slant/diorite/2	chisel:block/ctm/slant/diorite/3	5e50d6b34be7a11decb5d91086a111d678e3d974f9a385bdea1fe4c4a3568b79
chisel:slant/end_stone	giant	chisel:block/slant/end_stone	block/cube_all	chisel:block/slant/end_stone	chisel:block/ctm/slant/end_stone/0	chisel:block/ctm/slant/end_stone/1	chisel:block/ctm/slant/end_stone/2	chisel:block/ctm/slant/end_stone/3	c2f3c8a42be64d92eda22fa6c2066b829f05cfcbb4806a54a9863ceb43116de0
chisel:slant/glowstone	giant	chisel:block/slant/glowstone	block/cube_all	chisel:block/slant/glowstone	chisel:block/ctm/slant/glowstone/0	chisel:block/ctm/slant/glowstone/1	chisel:block/ctm/slant/glowstone/2	chisel:block/ctm/slant/glowstone/3	cb93d0a2476c7ce8bf7ae8c48f33a3356c9ce7e69dbca3e312bec0c5e87d6772
chisel:slant/granite	giant	chisel:block/slant/granite	block/cube_all	chisel:block/slant/granite	chisel:block/ctm/slant/granite/0	chisel:block/ctm/slant/granite/1	chisel:block/ctm/slant/granite/2	chisel:block/ctm/slant/granite/3	368b80d6903d54c1143744baa24c4def703e2a9042e095a20b51d2fd8b65496a
chisel:slant/gray_concrete	giant	chisel:block/slant/gray_concrete	block/cube_all	chisel:block/slant/gray_concrete	chisel:block/ctm/slant/gray_concrete/0	chisel:block/ctm/slant/gray_concrete/1	chisel:block/ctm/slant/gray_concrete/2	chisel:block/ctm/slant/gray_concrete/3	14298fb2ce8b971a09a3f47b8acd706aff4e2f9793db16833dacf20d1241a484
chisel:slant/green_concrete	giant	chisel:block/slant/green_concrete	block/cube_all	chisel:block/slant/green_concrete	chisel:block/ctm/slant/green_concrete/0	chisel:block/ctm/slant/green_concrete/1	chisel:block/ctm/slant/green_concrete/2	chisel:block/ctm/slant/green_concrete/3	d2ba7030721f1f162652424e545523a4e901283b4712c9e58c039edb8d2ca1e3
chisel:slant/ice	giant	chisel:block/slant/ice	block/cube_all	chisel:block/slant/ice	chisel:block/ctm/slant/ice/0	chisel:block/ctm/slant/ice/1	chisel:block/ctm/slant/ice/2	chisel:block/ctm/slant/ice/3	aaaece7d5bf125ea8a31cdd9ddfc0b13f77dd90aa2b503df9a83775f2aaebbb4
chisel:slant/light_blue_concrete	giant	chisel:block/slant/light_blue_concrete	block/cube_all	chisel:block/slant/light_blue_concrete	chisel:block/ctm/slant/light_blue_concrete/0	chisel:block/ctm/slant/light_blue_concrete/1	chisel:block/ctm/slant/light_blue_concrete/2	chisel:block/ctm/slant/light_blue_concrete/3	eacfa62d5c286bf228be09fe5ef5eab47b6dfe89bfed8f55ddef607533beb643
chisel:slant/light_gray_concrete	giant	chisel:block/slant/light_gray_concrete	block/cube_all	chisel:block/slant/light_gray_concrete	chisel:block/ctm/slant/light_gray_concrete/0	chisel:block/ctm/slant/light_gray_concrete/1	chisel:block/ctm/slant/light_gray_concrete/2	chisel:block/ctm/slant/light_gray_concrete/3	92a79969d43be4b73c5af218082da18b408d160dfe9941d3d1b0842b1b860cea
chisel:slant/lime_concrete	giant	chisel:block/slant/lime_concrete	block/cube_all	chisel:block/slant/lime_concrete	chisel:block/ctm/slant/lime_concrete/0	chisel:block/ctm/slant/lime_concrete/1	chisel:block/ctm/slant/lime_concrete/2	chisel:block/ctm/slant/lime_concrete/3	4180835f01cb9385911153fe2a7841dbc724cbbec90baee4094ec0082171fa69
chisel:slant/magenta_concrete	giant	chisel:block/slant/magenta_concrete	block/cube_all	chisel:block/slant/magenta_concrete	chisel:block/ctm/slant/magenta_concrete/0	chisel:block/ctm/slant/magenta_concrete/1	chisel:block/ctm/slant/magenta_concrete/2	chisel:block/ctm/slant/magenta_concrete/3	5a06af2fe8e4d6dd429eb64fbfe5c729f433fbafe6dc764337075607b3bffed5
chisel:slant/nether_brick	giant	chisel:block/slant/nether_brick	block/cube_all	chisel:block/slant/nether_brick	chisel:block/ctm/slant/nether_brick/0	chisel:block/ctm/slant/nether_brick/1	chisel:block/ctm/slant/nether_brick/2	chisel:block/ctm/slant/nether_brick/3	042538d4df4fed29930b1c7fb53c4fec9f31f4411f67cb71ae96bdd6d4015158
chisel:slant/orange_concrete	giant	chisel:block/slant/orange_concrete	block/cube_all	chisel:block/slant/orange_concrete	chisel:block/ctm/slant/orange_concrete/0	chisel:block/ctm/slant/orange_concrete/1	chisel:block/ctm/slant/orange_concrete/2	chisel:block/ctm/slant/orange_concrete/3	89065c242e52f840264c7e2e5cc7e05ac0255ad57a6a4c353634a7ea766cc9e3
chisel:slant/pink_concrete	giant	chisel:block/slant/pink_concrete	block/cube_all	chisel:block/slant/pink_concrete	chisel:block/ctm/slant/pink_concrete/0	chisel:block/ctm/slant/pink_concrete/1	chisel:block/ctm/slant/pink_concrete/2	chisel:block/ctm/slant/pink_concrete/3	ebc4b4bc2910007f2469b6cee5b2808e7085801b40f0ea5579d11b770eb8c457
chisel:slant/prismarine	giant	chisel:block/slant/prismarine	block/cube_all	chisel:block/slant/prismarine	chisel:block/ctm/slant/prismarine/0	chisel:block/ctm/slant/prismarine/1	chisel:block/ctm/slant/prismarine/2	chisel:block/ctm/slant/prismarine/3	993eaca24ab0e8d75ee85d83d3dcdf3dd536232d18b7f396792a1d1b8efc9f2f
chisel:slant/purple_concrete	giant	chisel:block/slant/purple_concrete	block/cube_all	chisel:block/slant/purple_concrete	chisel:block/ctm/slant/purple_concrete/0	chisel:block/ctm/slant/purple_concrete/1	chisel:block/ctm/slant/purple_concrete/2	chisel:block/ctm/slant/purple_concrete/3	66d56737c2111c2362176fed64837836c642a09d69be874d8bba83b48920d6fe
chisel:slant/purpur	giant	chisel:block/slant/purpur	block/cube_all	chisel:block/slant/purpur	chisel:block/ctm/slant/purpur/0	chisel:block/ctm/slant/purpur/1	chisel:block/ctm/slant/purpur/2	chisel:block/ctm/slant/purpur/3	fcd66a8b415a4c480232f11d48c3ff5899e79dd3674b4c2a8b9e32b8f3da7041
chisel:slant/quartz	giant	chisel:block/slant/quartz	block/cube_all	chisel:block/slant/quartz	chisel:block/ctm/slant/quartz/0	chisel:block/ctm/slant/quartz/1	chisel:block/ctm/slant/quartz/2	chisel:block/ctm/slant/quartz/3	afe997f952ad66ad4e65d83e6902b256cf6332ade8f4599bd456d885a63fdc29
chisel:slant/red_concrete	giant	chisel:block/slant/red_concrete	block/cube_all	chisel:block/slant/red_concrete	chisel:block/ctm/slant/red_concrete/0	chisel:block/ctm/slant/red_concrete/1	chisel:block/ctm/slant/red_concrete/2	chisel:block/ctm/slant/red_concrete/3	458e14957c9d310793e8aeff8659faba0f69e8332ab42d1482ec27d1bf373b64
chisel:slant/red_sandstone	giant	chisel:block/slant/red_sandstone	block/cube_all	chisel:block/slant/red_sandstone	chisel:block/ctm/slant/red_sandstone/0	chisel:block/ctm/slant/red_sandstone/1	chisel:block/ctm/slant/red_sandstone/2	chisel:block/ctm/slant/red_sandstone/3	419f73a0de6822a741c1f42d1c1d4c30a45da577d5fe495994a79f4a7b67a88b
chisel:slant/redstone_block	giant	chisel:block/slant/redstone_block	block/cube_all	chisel:block/slant/redstone_block	chisel:block/ctm/slant/redstone_block/0	chisel:block/ctm/slant/redstone_block/1	chisel:block/ctm/slant/redstone_block/2	chisel:block/ctm/slant/redstone_block/3	9a20d743708c559b692ed65b22ff1dab430c4a12502ec14e8ca806a4578b7494
chisel:slant/sandstone	giant	chisel:block/slant/sandstone	block/cube_all	chisel:block/slant/sandstone	chisel:block/ctm/slant/sandstone/0	chisel:block/ctm/slant/sandstone/1	chisel:block/ctm/slant/sandstone/2	chisel:block/ctm/slant/sandstone/3	ffb73554ae9d737d3ba2f3e78f7eef072328c451237908a97660e35e437b468f
chisel:slant/stone	giant	chisel:block/slant/stone	block/cube_all	chisel:block/slant/stone	chisel:block/ctm/slant/stone/0	chisel:block/ctm/slant/stone/1	chisel:block/ctm/slant/stone/2	chisel:block/ctm/slant/stone/3	55d20138b67baa55e61eef3bf01890f346eaabb2bb169c9ba3695d590a06bb63
chisel:slant/white_concrete	giant	chisel:block/slant/white_concrete	block/cube_all	chisel:block/slant/white_concrete	chisel:block/ctm/slant/white_concrete/0	chisel:block/ctm/slant/white_concrete/1	chisel:block/ctm/slant/white_concrete/2	chisel:block/ctm/slant/white_concrete/3	284dcb1b805d5f7c285efab0ede59296698ebeb781b920c65629bc7462d72471
chisel:slant/yellow_concrete	giant	chisel:block/slant/yellow_concrete	block/cube_all	chisel:block/slant/yellow_concrete	chisel:block/ctm/slant/yellow_concrete/0	chisel:block/ctm/slant/yellow_concrete/1	chisel:block/ctm/slant/yellow_concrete/2	chisel:block/ctm/slant/yellow_concrete/3	e0a349b0e356f362c560c24bf7151d51e0bcca8eaff8633c53d62cda8d630852
chisel:smooth/acacia_planks	ctm	chisel:block/smooth/acacia_planks	block/cube_all	chisel:block/ctm/smooth/acacia_planks/0	chisel:block/ctm/smooth/acacia_planks/1	chisel:block/ctm/smooth/acacia_planks/4	chisel:block/ctm/smooth/acacia_planks/2	chisel:block/ctm/smooth/acacia_planks/3	0867f198553748bf0a16fffdca0422df91b12c0764ab4ad327310c41484434ae
chisel:smooth/birch_planks	ctm	chisel:block/smooth/birch_planks	block/cube_all	chisel:block/ctm/smooth/birch_planks/0	chisel:block/ctm/smooth/birch_planks/1	chisel:block/ctm/smooth/birch_planks/4	chisel:block/ctm/smooth/birch_planks/2	chisel:block/ctm/smooth/birch_planks/3	8cb7eac928f2a67edd3756bde5fad885ebfd8db01e7e94206ae2d1119ea6e680
chisel:smooth/crimson_planks	ctm	chisel:block/smooth/crimson_planks	block/cube_all	chisel:block/ctm/smooth/crimson_planks/0	chisel:block/ctm/smooth/crimson_planks/1	chisel:block/ctm/smooth/crimson_planks/4	chisel:block/ctm/smooth/crimson_planks/2	chisel:block/ctm/smooth/crimson_planks/3	496ceeb66c07225e3452808fadc754b413cdbc82908f322df837c83dab949fba
chisel:smooth/dark_oak_planks	ctm	chisel:block/smooth/dark_oak_planks	block/cube_all	chisel:block/ctm/smooth/dark_oak_planks/0	chisel:block/ctm/smooth/dark_oak_planks/1	chisel:block/ctm/smooth/dark_oak_planks/4	chisel:block/ctm/smooth/dark_oak_planks/2	chisel:block/ctm/smooth/dark_oak_planks/3	8f484c27b05b4ddad089d355c419034fa7bc0004fbde992a369538bf9b8e4e18
chisel:smooth/jungle_planks	ctm	chisel:block/smooth/jungle_planks	block/cube_all	chisel:block/ctm/smooth/jungle_planks/0	chisel:block/ctm/smooth/jungle_planks/1	chisel:block/ctm/smooth/jungle_planks/4	chisel:block/ctm/smooth/jungle_planks/2	chisel:block/ctm/smooth/jungle_planks/3	aae1bf807ff3d762d06b1b8216819777ed3260608af1c0e002a7fb0781ef92ab
chisel:smooth/oak_planks	ctm	chisel:block/smooth/oak_planks	block/cube_all	chisel:block/ctm/smooth/oak_planks/0	chisel:block/ctm/smooth/oak_planks/1	chisel:block/ctm/smooth/oak_planks/4	chisel:block/ctm/smooth/oak_planks/2	chisel:block/ctm/smooth/oak_planks/3	c76716727f321f84623a82b7fc62dfebc925f4166cc991a655e53ea8057964c2
chisel:smooth/spruce_planks	ctm	chisel:block/smooth/spruce_planks	block/cube_all	chisel:block/ctm/smooth/spruce_planks/0	chisel:block/ctm/smooth/spruce_planks/1	chisel:block/ctm/smooth/spruce_planks/4	chisel:block/ctm/smooth/spruce_planks/2	chisel:block/ctm/smooth/spruce_planks/3	fa855c759a918c4f36a6e2063f930a43f9986a5725af7fd1ce1318c3283037ef
chisel:steelframe/glass	ctm	chisel:block/steelframe/glass	block/cube_all	chisel:block/ctm/steelframe/glass/0	chisel:block/ctm/steelframe/glass/1	chisel:block/ctm/steelframe/glass/4	chisel:block/ctm/steelframe/glass/2	chisel:block/ctm/steelframe/glass/3	c89c104add26162ac9e77ee015e1c2560d4f1a73948cc161f9f767b24ed5513f
chisel:stone/glass	ctm	chisel:block/stone/glass	block/cube_all	chisel:block/ctm/stone/glass/0	chisel:block/ctm/stone/glass/1	chisel:block/ctm/stone/glass/4	chisel:block/ctm/stone/glass/2	chisel:block/ctm/stone/glass/3	7ce6e89be5f369febbe1c041b206bba92aff9a9a98a8705a968bc7a37da7765a
chisel:sunken/deepslate	ctm	chisel:block/sunken/deepslate	block/cube_all	chisel:block/ctm/sunken/deepslate/0	chisel:block/ctm/sunken/deepslate/1	chisel:block/ctm/sunken/deepslate/4	chisel:block/ctm/sunken/deepslate/2	chisel:block/ctm/sunken/deepslate/3	8e0afe3f39480fdba9ae13ace25e4da1e11b0c44b8000aba368bae3384edd754
chisel:sunken/stone	ctm	chisel:block/sunken/stone	block/cube_all	chisel:block/ctm/sunken/stone/0	chisel:block/ctm/sunken/stone/1	chisel:block/ctm/sunken/stone/4	chisel:block/ctm/sunken/stone/2	chisel:block/ctm/sunken/stone/3	0a5d65cdc75f43b6865a527c47d1707d4dc73d70fdcfc7dbd1031921a2daf4c7
chisel:weaver/andesite	ctm	chisel:block/weaver/andesite	block/cube_all	chisel:block/ctm/weaver/andesite/0	chisel:block/ctm/weaver/andesite/1	chisel:block/ctm/weaver/andesite/4	chisel:block/ctm/weaver/andesite/2	chisel:block/ctm/weaver/andesite/3	da37968c0da475c92497910cf2120bcd93885a3c4204cd4b14a451fe6c098211
chisel:weaver/black_concrete	ctm	chisel:block/weaver/black_concrete	block/cube_all	chisel:block/ctm/weaver/black_concrete/0	chisel:block/ctm/weaver/black_concrete/1	chisel:block/ctm/weaver/black_concrete/4	chisel:block/ctm/weaver/black_concrete/2	chisel:block/ctm/weaver/black_concrete/3	2549f075e2a9c3d616a8b4277daf4e67deaeb495313128b7e60a1cfe791d39fa
chisel:weaver/blue_concrete	ctm	chisel:block/weaver/blue_concrete	block/cube_all	chisel:block/ctm/weaver/blue_concrete/0	chisel:block/ctm/weaver/blue_concrete/1	chisel:block/ctm/weaver/blue_concrete/4	chisel:block/ctm/weaver/blue_concrete/2	chisel:block/ctm/weaver/blue_concrete/3	0dde48a3bc20f2d498e2accfc36c833daa8fac15b37b9570cec70b41c744d85b
chisel:weaver/bricks	ctm	chisel:block/weaver/bricks	block/cube_all	chisel:block/ctm/weaver/bricks/0	chisel:block/ctm/weaver/bricks/1	chisel:block/ctm/weaver/bricks/4	chisel:block/ctm/weaver/bricks/2	chisel:block/ctm/weaver/bricks/3	ddffed0abb1eb464b27583edeebb8b9ba7284d1bf1fa20e048005050d77829a6
chisel:weaver/brown_concrete	ctm	chisel:block/weaver/brown_concrete	block/cube_all	chisel:block/ctm/weaver/brown_concrete/0	chisel:block/ctm/weaver/brown_concrete/1	chisel:block/ctm/weaver/brown_concrete/4	chisel:block/ctm/weaver/brown_concrete/2	chisel:block/ctm/weaver/brown_concrete/3	075782ae69d58804404a3596bc50773000507b9ccf6a120492801e998807131f
chisel:weaver/coal_block	ctm	chisel:block/weaver/coal_block	block/cube_all	chisel:block/ctm/weaver/coal_block/0	chisel:block/ctm/weaver/coal_block/1	chisel:block/ctm/weaver/coal_block/4	chisel:block/ctm/weaver/coal_block/2	chisel:block/ctm/weaver/coal_block/3	5735f6d2cb90c0d54f97204c3d763c695396e584fef6eb1319695d34377e1a33
chisel:weaver/cobblestone	ctm	chisel:block/weaver/cobblestone	block/cube_all	chisel:block/ctm/weaver/cobblestone/0	chisel:block/ctm/weaver/cobblestone/1	chisel:block/ctm/weaver/cobblestone/4	chisel:block/ctm/weaver/cobblestone/2	chisel:block/ctm/weaver/cobblestone/3	077581f463c3e71698b2364fdbbbafc0f6969cf761c411d7df2f646e929145b8
chisel:weaver/cyan_concrete	ctm	chisel:block/weaver/cyan_concrete	block/cube_all	chisel:block/ctm/weaver/cyan_concrete/0	chisel:block/ctm/weaver/cyan_concrete/1	chisel:block/ctm/weaver/cyan_concrete/4	chisel:block/ctm/weaver/cyan_concrete/2	chisel:block/ctm/weaver/cyan_concrete/3	95fc472c58da176088081948dbbbc9804c52ef054102cddf625b6a03c134c978
chisel:weaver/deepslate	ctm	chisel:block/weaver/deepslate	block/cube_all	chisel:block/ctm/weaver/deepslate/0	chisel:block/ctm/weaver/deepslate/1	chisel:block/ctm/weaver/deepslate/4	chisel:block/ctm/weaver/deepslate/2	chisel:block/ctm/weaver/deepslate/3	c8bb51c553768859fe6496a69fbabff78e8b458c6c90d55d4eeafcc97c7b1281
chisel:weaver/diorite	ctm	chisel:block/weaver/diorite	block/cube_all	chisel:block/ctm/weaver/diorite/0	chisel:block/ctm/weaver/diorite/1	chisel:block/ctm/weaver/diorite/4	chisel:block/ctm/weaver/diorite/2	chisel:block/ctm/weaver/diorite/3	fad1ff69dbd25656fb5e8322c666537e875d005e7f8daa44807f6a99ccc0d58a
chisel:weaver/end_stone	ctm	chisel:block/weaver/end_stone	block/cube_all	chisel:block/ctm/weaver/end_stone/0	chisel:block/ctm/weaver/end_stone/1	chisel:block/ctm/weaver/end_stone/4	chisel:block/ctm/weaver/end_stone/2	chisel:block/ctm/weaver/end_stone/3	86ee2c0fe740cf7bf684c9db03518b37bcdfc6f41ea0b231fa6fa019e0d5750f
chisel:weaver/granite	ctm	chisel:block/weaver/granite	block/cube_all	chisel:block/ctm/weaver/granite/0	chisel:block/ctm/weaver/granite/1	chisel:block/ctm/weaver/granite/4	chisel:block/ctm/weaver/granite/2	chisel:block/ctm/weaver/granite/3	b1ed10f3b232eed7b68290333011e26913b54b874faef73c065c4243d442c31c
chisel:weaver/gray_concrete	ctm	chisel:block/weaver/gray_concrete	block/cube_all	chisel:block/ctm/weaver/gray_concrete/0	chisel:block/ctm/weaver/gray_concrete/1	chisel:block/ctm/weaver/gray_concrete/4	chisel:block/ctm/weaver/gray_concrete/2	chisel:block/ctm/weaver/gray_concrete/3	777d9a854682692ab0dda0cbd8a983ce9003c480cb26265d9b87fcfa1b93fca2
chisel:weaver/green_concrete	ctm	chisel:block/weaver/green_concrete	block/cube_all	chisel:block/ctm/weaver/green_concrete/0	chisel:block/ctm/weaver/green_concrete/1	chisel:block/ctm/weaver/green_concrete/4	chisel:block/ctm/weaver/green_concrete/2	chisel:block/ctm/weaver/green_concrete/3	a7c10dc4c539afb5bce77637b41dc777cf7549e7201595746e331606b974e4c8
chisel:weaver/ice	ctm	chisel:block/weaver/ice	block/cube_all	chisel:block/ctm/weaver/ice/0	chisel:block/ctm/weaver/ice/1	chisel:block/ctm/weaver/ice/4	chisel:block/ctm/weaver/ice/2	chisel:block/ctm/weaver/ice/3	f48df3d37fe829a9407650d2ab091a331eafa1484e360b651f9ecdcd3497452e
chisel:weaver/light_blue_concrete	ctm	chisel:block/weaver/light_blue_concrete	block/cube_all	chisel:block/ctm/weaver/light_blue_concrete/0	chisel:block/ctm/weaver/light_blue_concrete/1	chisel:block/ctm/weaver/light_blue_concrete/4	chisel:block/ctm/weaver/light_blue_concrete/2	chisel:block/ctm/weaver/light_blue_concrete/3	7a86afe9ddc6ea310bdd8a42753e12b82ab03caa56f7bd5e91cbe44313e99cbc
chisel:weaver/light_gray_concrete	ctm	chisel:block/weaver/light_gray_concrete	block/cube_all	chisel:block/ctm/weaver/light_gray_concrete/0	chisel:block/ctm/weaver/light_gray_concrete/1	chisel:block/ctm/weaver/light_gray_concrete/4	chisel:block/ctm/weaver/light_gray_concrete/2	chisel:block/ctm/weaver/light_gray_concrete/3	d1f2ca81a4f4cb9b6cc382bf3abe85f216f0a3d621af67ee70f77fec41144982
chisel:weaver/lime_concrete	ctm	chisel:block/weaver/lime_concrete	block/cube_all	chisel:block/ctm/weaver/lime_concrete/0	chisel:block/ctm/weaver/lime_concrete/1	chisel:block/ctm/weaver/lime_concrete/4	chisel:block/ctm/weaver/lime_concrete/2	chisel:block/ctm/weaver/lime_concrete/3	1c6f170da5ff6dc629b94806a96849e5c49864d47e66238112b62c4bdb37e496
chisel:weaver/magenta_concrete	ctm	chisel:block/weaver/magenta_concrete	block/cube_all	chisel:block/ctm/weaver/magenta_concrete/0	chisel:block/ctm/weaver/magenta_concrete/1	chisel:block/ctm/weaver/magenta_concrete/4	chisel:block/ctm/weaver/magenta_concrete/2	chisel:block/ctm/weaver/magenta_concrete/3	176a8584bcbe02727fb90fd827b6fb20219be27760d6e4577d1613c994f47bae
chisel:weaver/orange_concrete	ctm	chisel:block/weaver/orange_concrete	block/cube_all	chisel:block/ctm/weaver/orange_concrete/0	chisel:block/ctm/weaver/orange_concrete/1	chisel:block/ctm/weaver/orange_concrete/4	chisel:block/ctm/weaver/orange_concrete/2	chisel:block/ctm/weaver/orange_concrete/3	93b3ed880152c66af0ff4a1cbb1cf56ce008978d346d645ff6f05bfd01e54bd7
chisel:weaver/pink_concrete	ctm	chisel:block/weaver/pink_concrete	block/cube_all	chisel:block/ctm/weaver/pink_concrete/0	chisel:block/ctm/weaver/pink_concrete/1	chisel:block/ctm/weaver/pink_concrete/4	chisel:block/ctm/weaver/pink_concrete/2	chisel:block/ctm/weaver/pink_concrete/3	1efc18a60e57c4021d500ac8105b12e9084c6f08ed83322169805cf536f53f1c
chisel:weaver/prismarine	ctm	chisel:block/weaver/prismarine	block/cube_all	chisel:block/ctm/weaver/prismarine/0	chisel:block/ctm/weaver/prismarine/1	chisel:block/ctm/weaver/prismarine/4	chisel:block/ctm/weaver/prismarine/2	chisel:block/ctm/weaver/prismarine/3	91f41e3d8ed94e44108e87fd2824f76dca86adaaf52f22fdfdf866422381c6e2
chisel:weaver/purple_concrete	ctm	chisel:block/weaver/purple_concrete	block/cube_all	chisel:block/ctm/weaver/purple_concrete/0	chisel:block/ctm/weaver/purple_concrete/1	chisel:block/ctm/weaver/purple_concrete/4	chisel:block/ctm/weaver/purple_concrete/2	chisel:block/ctm/weaver/purple_concrete/3	5aa05ce5fb9e4bff2857a4c7d852fd5af000f01d194aebe616c23b30683601cf
chisel:weaver/purpur	ctm	chisel:block/weaver/purpur	block/cube_all	chisel:block/ctm/weaver/purpur/0	chisel:block/ctm/weaver/purpur/1	chisel:block/ctm/weaver/purpur/4	chisel:block/ctm/weaver/purpur/2	chisel:block/ctm/weaver/purpur/3	f9583512a21ab2503d462a88b6bbfdfab2586dfa6164bab808dcf006e0660963
chisel:weaver/quartz	ctm	chisel:block/weaver/quartz	block/cube_all	chisel:block/ctm/weaver/quartz/0	chisel:block/ctm/weaver/quartz/1	chisel:block/ctm/weaver/quartz/4	chisel:block/ctm/weaver/quartz/2	chisel:block/ctm/weaver/quartz/3	fb1f20e375a9896b41b865764a75551ed853aaadf099f17f16457fd9c648f3f2
chisel:weaver/red_concrete	ctm	chisel:block/weaver/red_concrete	block/cube_all	chisel:block/ctm/weaver/red_concrete/0	chisel:block/ctm/weaver/red_concrete/1	chisel:block/ctm/weaver/red_concrete/4	chisel:block/ctm/weaver/red_concrete/2	chisel:block/ctm/weaver/red_concrete/3	2da6999acac043e56a3ddc4585cf26b5b5197a20c6168f8110871b3855ff1a18
chisel:weaver/red_sandstone	ctm	chisel:block/weaver/red_sandstone	block/cube_all	chisel:block/ctm/weaver/red_sandstone/0	chisel:block/ctm/weaver/red_sandstone/1	chisel:block/ctm/weaver/red_sandstone/4	chisel:block/ctm/weaver/red_sandstone/2	chisel:block/ctm/weaver/red_sandstone/3	dfd65d4ce8a316fd8ef4f2b2dcae1bf167bff4289d7a8c3dd93dbff98d35bb5c
chisel:weaver/sandstone	ctm	chisel:block/weaver/sandstone	block/cube_all	chisel:block/ctm/weaver/sandstone/0	chisel:block/ctm/weaver/sandstone/1	chisel:block/ctm/weaver/sandstone/4	chisel:block/ctm/weaver/sandstone/2	chisel:block/ctm/weaver/sandstone/3	cc465eaea492aa5a9732db542f5163f099006266d39def11d735da5aaad79c70
chisel:weaver/stone	ctm	chisel:block/weaver/stone	block/cube_all	chisel:block/ctm/weaver/stone/0	chisel:block/ctm/weaver/stone/1	chisel:block/ctm/weaver/stone/4	chisel:block/ctm/weaver/stone/2	chisel:block/ctm/weaver/stone/3	bd048f2705d2949bd30b574bf69dcc45652a6d4c2d795cc8461856151a5fadfb
chisel:weaver/white_concrete	ctm	chisel:block/weaver/white_concrete	block/cube_all	chisel:block/ctm/weaver/white_concrete/0	chisel:block/ctm/weaver/white_concrete/1	chisel:block/ctm/weaver/white_concrete/4	chisel:block/ctm/weaver/white_concrete/2	chisel:block/ctm/weaver/white_concrete/3	d2b4f9c6b2cb9a5673209ece44228018fcc3ba70e19764338d79d6fa1a1e59b7
chisel:weaver/yellow_concrete	ctm	chisel:block/weaver/yellow_concrete	block/cube_all	chisel:block/ctm/weaver/yellow_concrete/0	chisel:block/ctm/weaver/yellow_concrete/1	chisel:block/ctm/weaver/yellow_concrete/4	chisel:block/ctm/weaver/yellow_concrete/2	chisel:block/ctm/weaver/yellow_concrete/3	675f23368b694b9908ad1a2f48fe83c02aa53d78ae299ea1de22d67b25e96214
chisel:zag/andesite	giant	chisel:block/zag/andesite	block/cube_all	chisel:block/zag/andesite	chisel:block/ctm/zag/andesite/0	chisel:block/ctm/zag/andesite/1	chisel:block/ctm/zag/andesite/2	chisel:block/ctm/zag/andesite/3	2815a08809499dc0d1ee0945a2c7828e1c6bd2fcc5cbbd79f565457df11aff57
chisel:zag/black_concrete	giant	chisel:block/zag/black_concrete	block/cube_all	chisel:block/zag/black_concrete	chisel:block/ctm/zag/black_concrete/0	chisel:block/ctm/zag/black_concrete/1	chisel:block/ctm/zag/black_concrete/2	chisel:block/ctm/zag/black_concrete/3	a4e52370ba407d459537510517ccf370dffafc84a0e88c696368d4b9b36eda11
chisel:zag/blue_concrete	giant	chisel:block/zag/blue_concrete	block/cube_all	chisel:block/zag/blue_concrete	chisel:block/ctm/zag/blue_concrete/0	chisel:block/ctm/zag/blue_concrete/1	chisel:block/ctm/zag/blue_concrete/2	chisel:block/ctm/zag/blue_concrete/3	059972291dc1eeeea88fe15eb1ca470a7c09cc9899d35c7fdea40fb98ffb6713
chisel:zag/bricks	giant	chisel:block/zag/bricks	block/cube_all	chisel:block/zag/bricks	chisel:block/ctm/zag/bricks/0	chisel:block/ctm/zag/bricks/1	chisel:block/ctm/zag/bricks/2	chisel:block/ctm/zag/bricks/3	89ea1bef00ebfc1ab094dc5951ee8c9101e163326c39cc6504646d929ad88c52
chisel:zag/brown_concrete	giant	chisel:block/zag/brown_concrete	block/cube_all	chisel:block/zag/brown_concrete	chisel:block/ctm/zag/brown_concrete/0	chisel:block/ctm/zag/brown_concrete/1	chisel:block/ctm/zag/brown_concrete/2	chisel:block/ctm/zag/brown_concrete/3	624fdefe75f82ac3593c31b694c9f367088fc6ce11fa40e25fe9902cc345fd7a
chisel:zag/coal_block	giant	chisel:block/zag/coal_block	block/cube_all	chisel:block/zag/coal_block	chisel:block/ctm/zag/coal_block/0	chisel:block/ctm/zag/coal_block/1	chisel:block/ctm/zag/coal_block/2	chisel:block/ctm/zag/coal_block/3	7fde4824e5a0b6d6ee64bbb5f2da5a23e94969f7a475cc396eb5246e36cfc6fc
chisel:zag/cobblestone	giant	chisel:block/zag/cobblestone	block/cube_all	chisel:block/zag/cobblestone	chisel:block/ctm/zag/cobblestone/0	chisel:block/ctm/zag/cobblestone/1	chisel:block/ctm/zag/cobblestone/2	chisel:block/ctm/zag/cobblestone/3	3ea2069639475d7561320b2fd58bb73ce0c62f040b23bf5204ff58db44b6fa6d
chisel:zag/cyan_concrete	giant	chisel:block/zag/cyan_concrete	block/cube_all	chisel:block/zag/cyan_concrete	chisel:block/ctm/zag/cyan_concrete/0	chisel:block/ctm/zag/cyan_concrete/1	chisel:block/ctm/zag/cyan_concrete/2	chisel:block/ctm/zag/cyan_concrete/3	11ccfc927b23e2daa7a6c7fc0f301eb3f742484584ba5ac70ca67d9dcef199be
chisel:zag/deepslate	giant	chisel:block/zag/deepslate	block/cube_all	chisel:block/zag/deepslate	chisel:block/ctm/zag/deepslate/0	chisel:block/ctm/zag/deepslate/1	chisel:block/ctm/zag/deepslate/2	chisel:block/ctm/zag/deepslate/3	99efe1d51c80d7b628edcb07d2a3b2509ab050219fd0fb39b7a6d0c80736c1b9
chisel:zag/diorite	giant	chisel:block/zag/diorite	block/cube_all	chisel:block/zag/diorite	chisel:block/ctm/zag/diorite/0	chisel:block/ctm/zag/diorite/1	chisel:block/ctm/zag/diorite/2	chisel:block/ctm/zag/diorite/3	b8892099e09dbf92938ea2ea82363c70e147b0c07a93f0ed8dd0c1bdd9c50fa3
chisel:zag/end_stone	giant	chisel:block/zag/end_stone	block/cube_all	chisel:block/zag/end_stone	chisel:block/ctm/zag/end_stone/0	chisel:block/ctm/zag/end_stone/1	chisel:block/ctm/zag/end_stone/2	chisel:block/ctm/zag/end_stone/3	8339ff3639c97b71dbeec343b8956ac11d640cba04c14958ab51c92b5f6a39ec
chisel:zag/granite	giant	chisel:block/zag/granite	block/cube_all	chisel:block/zag/granite	chisel:block/ctm/zag/granite/0	chisel:block/ctm/zag/granite/1	chisel:block/ctm/zag/granite/2	chisel:block/ctm/zag/granite/3	69c3dd36c17abf8e12793e5f4c7c2c31a66d38237a9bc2fc152d94637a0b5d21
chisel:zag/gray_concrete	giant	chisel:block/zag/gray_concrete	block/cube_all	chisel:block/zag/gray_concrete	chisel:block/ctm/zag/gray_concrete/0	chisel:block/ctm/zag/gray_concrete/1	chisel:block/ctm/zag/gray_concrete/2	chisel:block/ctm/zag/gray_concrete/3	1f89e6d03e5ac4f41182b644dc19eff0e5848fe6c38a44ccdbd3ff7762c1dba3
chisel:zag/green_concrete	giant	chisel:block/zag/green_concrete	block/cube_all	chisel:block/zag/green_concrete	chisel:block/ctm/zag/green_concrete/0	chisel:block/ctm/zag/green_concrete/1	chisel:block/ctm/zag/green_concrete/2	chisel:block/ctm/zag/green_concrete/3	bd2094e435842ab39067bbf513b71fe7d3416c884296ce8421585cac5f40731d
chisel:zag/ice	giant	chisel:block/zag/ice	block/cube_all	chisel:block/zag/ice	chisel:block/ctm/zag/ice/0	chisel:block/ctm/zag/ice/1	chisel:block/ctm/zag/ice/2	chisel:block/ctm/zag/ice/3	17119a3e4f73a54c12fe4fbb896ce23605ce6dce0d7f3343ac357b22980a4776
chisel:zag/light_blue_concrete	giant	chisel:block/zag/light_blue_concrete	block/cube_all	chisel:block/zag/light_blue_concrete	chisel:block/ctm/zag/light_blue_concrete/0	chisel:block/ctm/zag/light_blue_concrete/1	chisel:block/ctm/zag/light_blue_concrete/2	chisel:block/ctm/zag/light_blue_concrete/3	e0837141159242369e3720eded0126d691efe8ebd6a20b1582fc7760130fa3be
chisel:zag/light_gray_concrete	giant	chisel:block/zag/light_gray_concrete	block/cube_all	chisel:block/zag/light_gray_concrete	chisel:block/ctm/zag/light_gray_concrete/0	chisel:block/ctm/zag/light_gray_concrete/1	chisel:block/ctm/zag/light_gray_concrete/2	chisel:block/ctm/zag/light_gray_concrete/3	785ad95f4d16987ac674b311c66a54f4caea09fde6e6b0217b8253092ad120fd
chisel:zag/lime_concrete	giant	chisel:block/zag/lime_concrete	block/cube_all	chisel:block/zag/lime_concrete	chisel:block/ctm/zag/lime_concrete/0	chisel:block/ctm/zag/lime_concrete/1	chisel:block/ctm/zag/lime_concrete/2	chisel:block/ctm/zag/lime_concrete/3	c7941a9383373d69e3921fef6beb5d2aa91ae2bd551af6a01fe66cf38ab5cb5b
chisel:zag/magenta_concrete	giant	chisel:block/zag/magenta_concrete	block/cube_all	chisel:block/zag/magenta_concrete	chisel:block/ctm/zag/magenta_concrete/0	chisel:block/ctm/zag/magenta_concrete/1	chisel:block/ctm/zag/magenta_concrete/2	chisel:block/ctm/zag/magenta_concrete/3	6fdd8a4a6332ebbbeef95ee0ac6905d8934a677e3d9b0fef0115febd4abdeb20
chisel:zag/orange_concrete	giant	chisel:block/zag/orange_concrete	block/cube_all	chisel:block/zag/orange_concrete	chisel:block/ctm/zag/orange_concrete/0	chisel:block/ctm/zag/orange_concrete/1	chisel:block/ctm/zag/orange_concrete/2	chisel:block/ctm/zag/orange_concrete/3	5b0b3efb9cd6c62dd61b379096d9a5f09cdf0da508bfe71976a9f873525135cf
chisel:zag/pink_concrete	giant	chisel:block/zag/pink_concrete	block/cube_all	chisel:block/zag/pink_concrete	chisel:block/ctm/zag/pink_concrete/0	chisel:block/ctm/zag/pink_concrete/1	chisel:block/ctm/zag/pink_concrete/2	chisel:block/ctm/zag/pink_concrete/3	057b366382b615e62be330717517405dca9a2884309fbd69b60e5dc841d860a0
chisel:zag/prismarine	giant	chisel:block/zag/prismarine	block/cube_all	chisel:block/zag/prismarine	chisel:block/ctm/zag/prismarine/0	chisel:block/ctm/zag/prismarine/1	chisel:block/ctm/zag/prismarine/2	chisel:block/ctm/zag/prismarine/3	65511946f20f0c1946591fe19de99bfe8fd503930e387b3929ffaffd0fe56eec
chisel:zag/purple_concrete	giant	chisel:block/zag/purple_concrete	block/cube_all	chisel:block/zag/purple_concrete	chisel:block/ctm/zag/purple_concrete/0	chisel:block/ctm/zag/purple_concrete/1	chisel:block/ctm/zag/purple_concrete/2	chisel:block/ctm/zag/purple_concrete/3	e179c2422429395d2bf8777ae40cb48dd0243dfc019eedca60c79b9abf8fc30e
chisel:zag/purpur	giant	chisel:block/zag/purpur	block/cube_all	chisel:block/zag/purpur	chisel:block/ctm/zag/purpur/0	chisel:block/ctm/zag/purpur/1	chisel:block/ctm/zag/purpur/2	chisel:block/ctm/zag/purpur/3	f3a9df5105865aa240df890f8e600085bdf7246916a85e4176c49111367ea120
chisel:zag/quartz	giant	chisel:block/zag/quartz	block/cube_all	chisel:block/zag/quartz	chisel:block/ctm/zag/quartz/0	chisel:block/ctm/zag/quartz/1	chisel:block/ctm/zag/quartz/2	chisel:block/ctm/zag/quartz/3	8f056d584c0c1473e33d17486fcaecc6c054a9f0a9a1d405dec803c3520892be
chisel:zag/red_concrete	giant	chisel:block/zag/red_concrete	block/cube_all	chisel:block/zag/red_concrete	chisel:block/ctm/zag/red_concrete/0	chisel:block/ctm/zag/red_concrete/1	chisel:block/ctm/zag/red_concrete/2	chisel:block/ctm/zag/red_concrete/3	f4bba0de18bdf59bd4c9ad09077e6ad1b693f0fe1ad1702eb4f02f79d4a7578f
chisel:zag/red_sandstone	giant	chisel:block/zag/red_sandstone	block/cube_all	chisel:block/zag/red_sandstone	chisel:block/ctm/zag/red_sandstone/0	chisel:block/ctm/zag/red_sandstone/1	chisel:block/ctm/zag/red_sandstone/2	chisel:block/ctm/zag/red_sandstone/3	f1a1197e41a8f893d5baf8355a99470e46f94d8ed6cb20c649e8f0128941bc82
chisel:zag/sandstone	giant	chisel:block/zag/sandstone	block/cube_all	chisel:block/zag/sandstone	chisel:block/ctm/zag/sandstone/0	chisel:block/ctm/zag/sandstone/1	chisel:block/ctm/zag/sandstone/2	chisel:block/ctm/zag/sandstone/3	bd2945b2792c4739dbe3a1361091cd4dbcbd758f5dfd8a64238abbc70e577e36
chisel:zag/stone	giant	chisel:block/zag/stone	block/cube_all	chisel:block/zag/stone	chisel:block/ctm/zag/stone/0	chisel:block/ctm/zag/stone/1	chisel:block/ctm/zag/stone/2	chisel:block/ctm/zag/stone/3	ba3a485dd5f0f758de2807ea43309718c00ed52310f0f3e2fd3ec4ff958b9a07
chisel:zag/white_concrete	giant	chisel:block/zag/white_concrete	block/cube_all	chisel:block/zag/white_concrete	chisel:block/ctm/zag/white_concrete/0	chisel:block/ctm/zag/white_concrete/1	chisel:block/ctm/zag/white_concrete/2	chisel:block/ctm/zag/white_concrete/3	7d0071b4e87a15a2c73665a5a53a72a94d8115593929472e8dd908aba5acfa63
chisel:zag/yellow_concrete	giant	chisel:block/zag/yellow_concrete	block/cube_all	chisel:block/zag/yellow_concrete	chisel:block/ctm/zag/yellow_concrete/0	chisel:block/ctm/zag/yellow_concrete/1	chisel:block/ctm/zag/yellow_concrete/2	chisel:block/ctm/zag/yellow_concrete/3	443a2e7aaf721e43b23517fbeb51889760985a1b23b7b7cc18527a14a320ced6
