assets/chisel/blockstates/array/andesite.json	451	4fadb0f7c4d4433c887bc557d63897dd053d6c1914661407f1ca84f079633a3f
assets/chisel/blockstates/array/black_concrete.json	487	0fa078caa3f2e2e0b57202e1e603658c8a4944ca2e9f56eaee4c91a54a2c2d31
assets/chisel/blockstates/array/blue_concrete.json	481	057bdbe70d950a79bf58cb282031852c8671ffc2e782fd2e50836bc35b2989b7
assets/chisel/blockstates/array/bricks.json	439	1a82c79672720bdb4181b88ddef036864c82314bea6b03e98c816969629fb279
assets/chisel/blockstates/array/brown_concrete.json	487	51cebfaff79d7e043fcd22a0ecf8a3d5d2062f17a2d25d43d8f4718d4c3aee2e
assets/chisel/blockstates/array/coal_block.json	463	bb019d1c2ee279072a6814eafe9985dce7ad9493e0bc6fca87c781a9e086f5c6
assets/chisel/blockstates/array/cobblestone.json	469	746624a9643f8f364fae907d8259526d86528ae3bbd929ced2556486a56e992a
assets/chisel/blockstates/array/cyan_concrete.json	481	15be3293ab9be39da085da03165829f8fc7f2c5449853c7bd3a87af5b5669e3a
assets/chisel/blockstates/array/deepslate.json	457	63dbf4682f5bb4cf6030e2dce99fe394c0c503451e520dd34322f24e24cd2356
assets/chisel/blockstates/array/diorite.json	441	cea991fe5aad1d0115d0489e28c8fe9e50f1bbc5e439f79f932b0bd30c209292
assets/chisel/blockstates/array/end_stone.json	457	11516062c84afec82f3f264fc30d5923efa4971e696c5077f4252cde605d3aa2
assets/chisel/blockstates/array/glowstone.json	457	08ac93789a68633a7f20598d3d51ad9e275c6b0c5a8a09b2d706fbbad11a844a
assets/chisel/blockstates/array/granite.json	441	55943b6e014e212b45b7fab67c729fdc9e880f1c1860932e8c882ed1252d6b21
assets/chisel/blockstates/array/gray_concrete.json	481	a821821b790beac9fdefe205ce0097f2858d95c5fe34faf72b2150adfe2ed41d
assets/chisel/blockstates/array/green_concrete.json	487	85abadcd80fb864ea9015b7384b24707392e9e5dd8dcdb60223547a08eeff99a
assets/chisel/blockstates/array/ice.json	421	214079d01efef517035fcc01f1c3be5e2d24ecddafdcaf6ee705a428190aa6e0
assets/chisel/blockstates/array/light_blue_concrete.json	517	e4f82042aea3d12fb30435f06c19095518765e3791465a00a0c7ae55f7538ce4
assets/chisel/blockstates/array/light_gray_concrete.json	517	adb5c7f04600b543c991703f3725a4ffd0428165758b2cac4a5490611fa61ca2
assets/chisel/blockstates/array/lime_concrete.json	481	6abf66fc9068c46194e980600db6e15f9e1292aa71ae464f50ee2e4134e81469
assets/chisel/blockstates/array/magenta_concrete.json	499	ba1d4659a0c8b7f6d462cdcb6c61a8578dae72108e2845b733610914f176c971
assets/chisel/blockstates/array/orange_concrete.json	493	399cecb38914a23ab89769326b765e2fbc72a83fa4e490cb0950be521123e3e1
assets/chisel/blockstates/array/pink_concrete.json	481	b340777e434368aeb70ef66d932cfcc21626e9fb5157ba68a9fedc9acc9bd30d
assets/chisel/blockstates/array/prismarine.json	463	496d3f8c459a803a2a1b1097f3aef41f5515d6f2921c8d1aa70e38eba96c4def
assets/chisel/blockstates/array/purple_concrete.json	493	498ccfcaa093d8449fd774b0e213d28d2d302bbb9508a7973e88f250e4f21168
assets/chisel/blockstates/array/purpur.json	439	841b91dbe0759f6de4a0f2e74d75f8c0338b4652cc95721a9cf6a39bfeca9f64
assets/chisel/blockstates/array/quartz.json	439	89ea18287c0ed633e764a378e7b1ea36b6710eb4b08e14938ded7e85ceb3b143
assets/chisel/blockstates/array/red_concrete.json	475	6f7c05e5b089909c8e9406435f6a2f3cdbf8ce98369c51812a8e9a083d1b4e40
assets/chisel/blockstates/array/red_sandstone.json	481	34cd48dc48af49cc8f0ef73df2d1b956da908b0a8d3f122fee08497e4c9af98d
assets/chisel/blockstates/array/redstone_block.json	487	841f4073d6420593dfd1365995230285fa9e316bb9f0115f7332b5b455a7f484
assets/chisel/blockstates/array/sandstone.json	457	203f82c4febaa09e0376adf79cad7a7d43324bd0d9e5df20e459b191bbb4f698
assets/chisel/blockstates/array/stone.json	433	316fee8c2418066912c0208aa5542e80b88f11d87e5be7498de79fd154befcaf
assets/chisel/blockstates/array/white_concrete.json	487	1ee006889b137f43732ae986f94bf93d9dd4283925e29d297d0d91856071dbff
assets/chisel/blockstates/array/yellow_concrete.json	493	a2ae8de3e979df172e22fa1e18eddd05a6c453a4f9f3614636442849096d1c35
assets/chisel/blockstates/braid/acacia_planks.json	477	e8128ffeada37b6dcc4e803e4dbba5a1351cc19f87e91e50e3e25fbd660b3cb5
assets/chisel/blockstates/braid/birch_planks.json	471	7c2748ec0bc4c6e882a9ceabe172b5678df6ecdb265db62752b40c5c599e8149
assets/chisel/blockstates/braid/crimson_planks.json	483	2c907e966d8286ad2e0f48e7775790387d9ce4b8ec62182d22fd7c6ae62201b4
assets/chisel/blockstates/braid/dark_oak_planks.json	489	711a00bee9756057058a8fff7c6217bf79a69c6a2684f13247bfd93149780b5c
assets/chisel/blockstates/braid/jungle_planks.json	477	76d192e53039c00f10486acb9f765e93f52cf2e85b3f33e252c54593dfd7e7d2
assets/chisel/blockstates/braid/oak_planks.json	459	b972a5b69265e85ccd4f96e1b52de0f0561c142e537a6c2b0d111d9fa4c016fc
assets/chisel/blockstates/braid/spruce_planks.json	477	dcce0eddef15c7b8569e74d1cee56c4dfb7330f1073eaf968de534a3f2cbeed8
assets/chisel/blockstates/bubble/glass.json	435	6ecb24e5b78befc8111c91a64f26104844624d196adf37498b7b2ce54ab726dd
assets/chisel/blockstates/cells/diamond_block.json	481	7aff7978ef135923fd262f778a5bc4ddeba81544503c29493e45b1865d6dcc67
assets/chisel/blockstates/chrono/glass.json	435	2834cc81f36dc7edf359abd7aa9ddd2b2859eb98a40682e012d32b41db8bcaee
assets/chisel/blockstates/circular/andesite.json	465	ea14715c71f8bba611bf088637a320d16118a5e70ea9b7a7479c9ab2414a0d6b
assets/chisel/blockstates/circular/black_concrete.json	501	252bef5807348bc6b84bacff13a9abd8497f27695cff4c4a3602f0bbb2756726
assets/chisel/blockstates/circular/blue_concrete.json	495	62fba4405a717632631c0fe306f8e85b6f8f9fe1d47a5a0da9ea313cab3b8b82
assets/chisel/blockstates/circular/bricks.json	453	ccea74b02bb2178f394473ad1bdd674c540528f78fc4358375c021f774071928
assets/chisel/blockstates/circular/brown_concrete.json	501	1b8ffe9ab3e9d87bd620d449a75c426fdc124fac6cc13c0ce40757683a02254e
assets/chisel/blockstates/circular/coal_block.json	477	bb7dda6cb9de9f068b75383a8cadc44a6e3df168c86ffd8be6ab6580bed1fdca
assets/chisel/blockstates/circular/cobblestone.json	483	e476d00e7aa11bace005f3f5fca8b150ab07ff86f7a98fe7ddbeffd9231c2459
assets/chisel/blockstates/circular/cyan_concrete.json	495	24a34ebbd69a4c15b03ed22bc53e0960060f3e21e31797a3694a70e95dc5c375
assets/chisel/blockstates/circular/deepslate.json	471	1f6b29aaefab86e0908d66c26ab301c7b31c1da7945953a4f39aeceb540a19d9
assets/chisel/blockstates/circular/diorite.json	459	dfa760a4ca0546a1d41bc07f722b46ec388bf700f1c8560d4413631fc5b39316
assets/chisel/blockstates/circular/end_stone.json	471	8126b9ad4abadc4c36e0685b8c7817251604f9c3b346c4122ee3b56d8e48eca1
assets/chisel/blockstates/circular/granite.json	459	1bc02f0e2d6b8ab4bd048049d2c5ed53df3a240e0913d85b71f3926474bfa535
assets/chisel/blockstates/circular/gray_concrete.json	495	7aaedeb9adc45676116d83266317e8439325c1c6e0a060c13a07d8479df57256
assets/chisel/blockstates/circular/green_concrete.json	501	7a2a0b068ee0b776736ed8d31a90e24883022763d96c469cd25c2647297e1fd0
assets/chisel/blockstates/circular/ice.json	435	33bf2db1feb9548ef251037f071046209c08e892f521142306f86c26fb7e7855
assets/chisel/blockstates/circular/light_blue_concrete.json	531	985758f959cc48f82bd3aeee0dbfa73d25145beb73508e5ddb282f37489936ca
assets/chisel/blockstates/circular/light_gray_concrete.json	531	0dde8b4e5c244d06d1133e3d7e59c25ce6b155430cef51a07e7da9cf510de242
assets/chisel/blockstates/circular/lime_concrete.json	495	6c1ca06617b07470f99965c8f58cf212a65111dc4b3c544daa6f14833ce1997c
assets/chisel/blockstates/circular/magenta_concrete.json	513	a121e2b1f216bc60ddba780983374ec542a9e0952cbf3d0e426d044b96b9b225
assets/chisel/blockstates/circular/orange_concrete.json	507	51e786a09fe01c705aec9f78011d760df1afa4486c16172203bca71822aaf597
assets/chisel/blockstates/circular/pink_concrete.json	495	84cb2d78e5159ca2bcab026356b3ecedfd99d1f9af107f49fbd7d057b4b59c2a
assets/chisel/blockstates/circular/prismarine.json	477	162abd46a39972425790a4c0ce71d6b41978e655f98675efade772f84e16cad0
assets/chisel/blockstates/circular/purple_concrete.json	507	910ff2d01ac2db1f4c6a0c37b65fd118377207e1e6d1e99f2370fc8762fbad6b
assets/chisel/blockstates/circular/purpur.json	453	0117b8cac81e8904383e37e3b0edd574a0fc28bd87f110e04ae8c492ebcbd05c
assets/chisel/blockstates/circular/quartz.json	453	4e77e8b0248f702fe756f2823f27a34e57ca549a044e87edf875ebdb88e47e12
assets/chisel/blockstates/circular/red_concrete.json	489	750d19e6f6f7595312941cb85a66547e6145392b37f8f60cf7d20b98779b4522
assets/chisel/blockstates/circular/red_sandstone.json	495	e8013582fc866f4cbe1c8dc95b19d79a3f4615d38b1ca93613ccc78bb86da44a
assets/chisel/blockstates/circular/sandstone.json	471	e8b3c82678f63140d74a7cd586c2ae02c12679d1c0fd16ce98a1a592de806e93
assets/chisel/blockstates/circular/stone.json	447	e983991598cfb940aecc892257d1bd769a139aa8b3de7f8ea219b26dc2b8b17f
assets/chisel/blockstates/circular/white_concrete.json	501	f45adb8c844dfd5646840abe04524d9478f783b4680f0629b52144ab48c19f7b
assets/chisel/blockstates/circular/yellow_concrete.json	507	9121ddc41f47b617adefbcba4129cf7433f924cde8d7af737d929a62ed68bebd
assets/chisel/blockstates/cobble/dirt.json	429	a7b0e3445000395b78fa158c645afb6fc10e258639549bd0e84a299201a1021b
assets/chisel/blockstates/crude_horizontal/acacia_planks.json	543	8a03cd730998547f04e9694db74966a7eeb3733fa356bdef40cbbcd8caec23cd
assets/chisel/blockstates/dent/andesite.json	441	aa50469a610152b326ee72824cb7c2f2e3daa744df1ea66ec4edd0931f4c41be
assets/chisel/blockstates/dent/black_concrete.json	477	d057d975088cc87228bc505b69c7b382af5f58421d7ff71bbfe92d4dfb736dc5
assets/chisel/blockstates/dent/blue_concrete.json	471	dd8dc55f788982f6b407b29d1769ff18f85e6e595c4e79dea6a492832a692243
assets/chisel/blockstates/dent/bricks.json	429	4149a97dc41ef8bdad6d7bb07e9d0e483861f08e7a0cb3d86f931f69b9526f19
assets/chisel/blockstates/dent/brown_concrete.json	477	dfbacd9757d811296bc5182602e41792d1673a0843dba4fde2d9560e9ba7c5a4
assets/chisel/blockstates/dent/coal_block.json	453	bf77872d85d01621dc97d2fedbb02c849bcb02d7cb139fbaecc85d2d6aef59c4
assets/chisel/blockstates/dent/cobblestone.json	459	2664fb980719049a6fb27b79466bbe778b5cdd956142e34e8910183f150c6952
assets/chisel/blockstates/dent/cyan_concrete.json	471	e9bc5c96c2e5f3de031f967c4b92ffbe0db7e9832ecf540ef0808323f410fab2
assets/chisel/blockstates/dent/deepslate.json	447	a51a25462b18bc7b1d0886d57aa1bb9ab97fdfffea93d4d82090a81500254b4f
assets/chisel/blockstates/dent/diorite.json	435	aa2840a790b6c60e4248aafa378f9ccbd71d6892b0691db2b792bded858324e9
assets/chisel/blockstates/dent/end_stone.json	447	d1f5e505683bcba91c770a56a3db10bad0cfaf5964f249745cfa15f0947878d6
assets/chisel/blockstates/dent/glowstone.json	447	ab06609ab82c0533a88588ae348af2d30ad7b781546ada280db89d61cb91b5a9
assets/chisel/blockstates/dent/granite.json	435	9aa7a009f8315162e7043c57350025f528f9a2f3bca70d767b5ea2563ddd86c5
assets/chisel/blockstates/dent/gray_concrete.json	471	56eab3ab36f9d861b5c9577e231798834edbade9323e365b30ecb5be44218196
assets/chisel/blockstates/dent/green_concrete.json	477	f38ada6ec5dcf5f7b3f0e318410211351b231c7e8b9443a2e58c93eaf1e42426
assets/chisel/blockstates/dent/ice.json	411	5387408881a9a914bf2973e6f6e78562338c39546f7a114a7d549d57d5a982b9
assets/chisel/blockstates/dent/light_blue_concrete.json	507	8291e355fa5c157068012343b8b79126e7006632145004340a94ca385ff2c091
assets/chisel/blockstates/dent/light_gray_concrete.json	507	8fc76c97365271ff8db47f9252e313cc839f431d713eb052b6354ccde5b615ea
assets/chisel/blockstates/dent/lime_concrete.json	471	8b0cd363c1102a5d4ce98f593afd75d2db83982fe19ff045e984aa7dfbf4486a
assets/chisel/blockstates/dent/magenta_concrete.json	489	940f7a190efd442fa5f2a334a61f3d0bda3e0c9ce8794ee8bab710289a20dfe7
assets/chisel/blockstates/dent/orange_concrete.json	483	3187905053dce777a497ca334d3ad888d722f19976f23b81708f819983993e8d
assets/chisel/blockstates/dent/pink_concrete.json	471	6b2685f0162278430ecff62df0d07bcaeec7c311c39ee9fba5b4a8d18745d7b4
assets/chisel/blockstates/dent/prismarine.json	453	9f377e9c5263f29aeb891f75de1bbcc13053b1af8844e48a9cdd79595f27fbc5
assets/chisel/blockstates/dent/purple_concrete.json	483	bceeb99f36b08a6489533ac9b27a3422c138a100ccba309072605566f2eb1ae3
assets/chisel/blockstates/dent/purpur.json	429	6c65f4a1a7678fb9f05f3f94d18df076affcd36eb203771520f49c61f09ec579
assets/chisel/blockstates/dent/quartz.json	429	103aded2e667d786eb3cb03343278cb0419db37f081b71970f0f1e1b195d379f
assets/chisel/blockstates/dent/red_concrete.json	465	1bb0dd20b2468f97219fa49d0e194b23cd25e0df3d1f4666bab92d75fe1b8e41
assets/chisel/blockstates/dent/red_sandstone.json	471	834269cd60347b12d62b9256fed7d97245b9e9d99abfff994ed940cc7e6d60ed
assets/chisel/blockstates/dent/redstone_block.json	477	98180657b49a461f61a7e5a7635ef26538fb7a1e957aad73ad7c39dfaf7a01d0
assets/chisel/blockstates/dent/sandstone.json	447	05732a4ac5e6f7c3ad67833cec195c410a33058d20008b2e765df920a7ed6fe3
assets/chisel/blockstates/dent/stone.json	423	38b9cf79ee6f495d2a7c22f414482cc53de69060a3a1927f2c4f8149d836f1b4
assets/chisel/blockstates/dent/white_concrete.json	477	da3cd66730cd74c10aa483aff1e6b32ebc05a3e5043de7eb1b750aaa3fe272c3
assets/chisel/blockstates/dent/yellow_concrete.json	483	bd20394b17d92b2f6258bdcae154a3ed0ed24e8c86be57bd7f8a963cea6aefb4
assets/chisel/blockstates/encased/acacia_planks.json	489	d59602b9b9a774616bd90b43c205358a2b6591c424f03a07da8f20eca474cd7f
assets/chisel/blockstates/encased/birch_planks.json	483	92b694959edc22f8812c3bb633c393f8aaa72f43099fbf3bd93a206c7e12b678
assets/chisel/blockstates/encased/crimson_planks.json	495	d5f7b4fd9c593372953d9d25687c934a7a8fe227a648433ee4b480b90bc363b5
assets/chisel/blockstates/encased/dark_oak_planks.json	501	8bcdb67e91c200c008929b4d9a2d1254c81752d11ba3b6ca612438bbeb067c30
assets/chisel/blockstates/encased/jungle_planks.json	489	98fab744e5ef3435a96bf92437bb776a87121a34a2cc4ad98f3c039e6514d766
assets/chisel/blockstates/encased/oak_planks.json	471	d057e12c5ba068074444eec3f5404b8154fdaa82e7d56eaa88c7a1f5e42cf2f2
assets/chisel/blockstates/encased/spruce_planks.json	489	038f187b5deb8a5d47b8f95b29ba2300bd5ece4f5f75df3197469db18e292423
assets/chisel/blockstates/encased_bricks/andesite.json	501	971b9fef5dcd75bba228ed096294ae6123d89841692f66ace9629fa2db4300ff
assets/chisel/blockstates/encased_bricks/black_concrete.json	537	5527eb2e125950512f6cd767e34e22678008d8bc0cd11820201aa7f235d04b87
assets/chisel/blockstates/encased_bricks/blue_concrete.json	531	18b288d6ce3089a40379d996593934c9a1d64b49b21fb71cb2f25d7754ac94d2
assets/chisel/blockstates/encased_bricks/bricks.json	489	877e037b93f3166770679b77d598edb2f1e9b838c6989b76dd98b3a05843489d
assets/chisel/blockstates/encased_bricks/brown_concrete.json	537	92a79e8440015168523a965640cbde12276c57305430723dbaec8ab82c949ec7
assets/chisel/blockstates/encased_bricks/coal_block.json	513	e35b46165f03892ac63aa9f27ce3fa08addd5a1064b102589f81e7a404d61161
assets/chisel/blockstates/encased_bricks/cobblestone.json	519	9097e8a3171f2f2e12c7de4f6b8c4a1e634559f063974f18fa70c0a15cb917d9
assets/chisel/blockstates/encased_bricks/cyan_concrete.json	531	0680495c5d8c3519a7aa3547527618d5d9ce48841454065424b4930d40625710
assets/chisel/blockstates/encased_bricks/deepslate.json	507	877212dbb77a986cbf6f4f0e0718e2854311e791d5c1f304b4c83b5ea832e593
assets/chisel/blockstates/encased_bricks/diorite.json	495	b76405d307a63619285e82ddfea2f2ce4cf713fa25cd15ba7cd101d601dc1b6b
assets/chisel/blockstates/encased_bricks/end_stone.json	507	894ae6645a976dadad546ad7c5dde0b301da13b640e3e5ccc3b30c88ce9783a5
assets/chisel/blockstates/encased_bricks/glowstone.json	507	ed9aa4119c2aeca6a12c2f7841370236682edc39e376c417f25f81a5131c8c52
assets/chisel/blockstates/encased_bricks/granite.json	495	66c23e795d4dd65451f8ffdcddcc0f3f69c71fd4c7d35baf47ec8b5b4095621b
assets/chisel/blockstates/encased_bricks/gray_concrete.json	531	e60dcc6ba4b10ef54987572e77861c201ce8a9189b9a4a6d49c4d20a063f9644
assets/chisel/blockstates/encased_bricks/green_concrete.json	537	277ec7d6d21b63b9ab83e9d2db96a0f46a7b260c1a98740e0d09d8696604384f
assets/chisel/blockstates/encased_bricks/ice.json	471	11ad8f3243ce000225615a7b749572403ae0a7a855af1f08e80a76fcfd4550ae
assets/chisel/blockstates/encased_bricks/light_blue_concrete.json	567	202bd6e1053d51c6e46c01f6afc162e7596264035fe7c8b07decaf58a6271ef8
assets/chisel/blockstates/encased_bricks/light_gray_concrete.json	567	6927dbea82a48325410cc21c23bfe5768443c662ef7f1a9fc6981fa0084d1f5c
assets/chisel/blockstates/encased_bricks/lime_concrete.json	531	91156281484bf6048f4ca8c01237f22a0b6a75fe3ac4b9948b8aa4dcdc6ab44f
assets/chisel/blockstates/encased_bricks/magenta_concrete.json	549	1efec41d34376fd64320af6610099b6f64099fce49c71b68d9208bded710fcbc
assets/chisel/blockstates/encased_bricks/orange_concrete.json	543	2f442b558e44fe53a42a6ebf720ede41d3e0cf808fda391a2eb077b3ac0a6e4a
assets/chisel/blockstates/encased_bricks/pink_concrete.json	531	e5e1e6f7c12a2ef1785c11dee717ee0051fa68a95fd4418e1a1f19af711dbb5d
assets/chisel/blockstates/encased_bricks/prismarine.json	513	66858bcb8ee6dce6960fb710f83de8971e15eddb3a31151bd874c7d1aa7ec6ef
assets/chisel/blockstates/encased_bricks/purple_concrete.json	543	f4a9eaf5efa5465710c45e424e02f321f8561c2a730dff8b33c0dd9d00013f4e
assets/chisel/blockstates/encased_bricks/purpur.json	489	ac1d65041ce5de2bc434045085749e8840611b4778636b08f1ddc1f1a5a34946
assets/chisel/blockstates/encased_bricks/quartz.json	489	de7c0f3c9ec3846cbfd0524bea923107a5589e0fb09b03639bc2358d574cca5f
assets/chisel/blockstates/encased_bricks/red_concrete.json	525	876fe7e9bdc3ad5e606a409234de3d1676793880422de11b498b67571ba4a49b
assets/chisel/blockstates/encased_bricks/red_sandstone.json	531	9effe4c45803fc2c522ca170e10d8b1868485105d8e1144bf4b917c4c278b562
assets/chisel/blockstates/encased_bricks/redstone_block.json	537	b38dd798b6b5dbf4212463ba577907e1bb37c42821caa4533ab8e634fa6c663b
assets/chisel/blockstates/encased_bricks/sandstone.json	507	bd2ec93baeaf52c98b32cbb9c1e14576fce3b43514a63e2b64af5a95cfd3e52a
assets/chisel/blockstates/encased_bricks/stone.json	483	ee627d9e9072ebf3680fb222a9996f3be67eab2acf6185aa2780467e4265055e
assets/chisel/blockstates/encased_bricks/white_concrete.json	537	83cb50d0bfe5d616152467bea41506c6ccefe1e4409b20f6d71c2ca461fd5d69
assets/chisel/blockstates/encased_bricks/yellow_concrete.json	543	a3763f23d7feace958145c5c4fedefa02e36235397b7cf9f2d1eb885e145afa9
assets/chisel/blockstates/encased_large/acacia_planks.json	525	345e974511184c78b57892098897e5c7d1bf6a7a4e3f0e4eb9459edefeaddd9f
assets/chisel/blockstates/encased_large/birch_planks.json	519	3b8ae6e05e1d16abd540378a0097fcbe1503d89b89ddbc72e90ee2726849e426
assets/chisel/blockstates/encased_large/crimson_planks.json	531	6248d3b79b611c7e998a821e13ea7e0ec90dd0f8d891cd6f1542014491ca36b6
assets/chisel/blockstates/encased_large/dark_oak_planks.json	537	97be677bb8db0c913e6149e49af2a1df8a9ffd5f8f4f708ff60cc986e6131fd8
assets/chisel/blockstates/encased_large/jungle_planks.json	525	1d0bfe9c8b8af18a7668e8f659d0f7f8ca730ef05ff3183d42860f749a3dce12
assets/chisel/blockstates/encased_large/oak_planks.json	507	ba00e0fda6fe457bf4d515f5f6f01e76bd4325c61eaf41abcd6cfca94b22957c
assets/chisel/blockstates/encased_large/spruce_planks.json	525	537c34f21cfb38c2607621a80543b31936238dbbe27f3a1a92a3ab16f9d1fcb4
assets/chisel/blockstates/encased_smooth/acacia_planks.json	531	4ed5cd9a3258f2ac20c4921ce86076b684729e35adf5c69dc791a86a8f698abe
assets/chisel/blockstates/encased_smooth/birch_planks.json	525	47933912bcfd8423d1e1f7e892ebe299f94af7dff999991bba245eeba554dec7
assets/chisel/blockstates/encased_smooth/crimson_planks.json	537	b2047f55b4f916c1a7459329d71b8862acf7658f75c27caa40316c9c6bd2843b
assets/chisel/blockstates/encased_smooth/dark_oak_planks.json	543	a3d5ee7b3c1f215eef9dff4f63b1de6ddf03a6f12f48ce8227656a548574584a
assets/chisel/blockstates/encased_smooth/jungle_planks.json	531	edc5ce64f0b440d112227779dec9336184c5d18dfdadb7c995a65a8adba5acc2
assets/chisel/blockstates/encased_smooth/oak_planks.json	513	db4b64e7ee44cd427c820127d1256c167af4ab57aff5c5ead89ebcc8b14afadc
assets/chisel/blockstates/encased_smooth/spruce_planks.json	531	e6b6bf8dd6610ab47ebe5b00a921ed10ba23dd3650a8deb4c568bbb4145f785e
assets/chisel/blockstates/jellybean/andesite.json	475	7a2d36fcaa31c579d9fbf2b856110dd6846afde709bcfee4e7f427100c28dfe7
assets/chisel/blockstates/jellybean/black_concrete.json	511	2dda94937c0e31fd14919eec4fefe7dade8080a1c9f879a76230e53dddab3e1b
assets/chisel/blockstates/jellybean/blue_concrete.json	505	49d20837feaa267e42b9cd238d827939c7acb274d039e29076a78a7667e89245
assets/chisel/blockstates/jellybean/bricks.json	463	f16f6f970ec231f44a799e59ec0eaa6973a816bc5d1342b4b6c43e8d0f81e96a
assets/chisel/blockstates/jellybean/brown_concrete.json	511	6e3dcbbb0992557379e717d3644ea1a216e0f0efbcf3ccd6d4e4c4f605c451e5
assets/chisel/blockstates/jellybean/coal_block.json	487	ee77b3cddf0f57f378d9a6afdd2fe2cf200893ca95ad3fac286c754f1eb7b4ce
assets/chisel/blockstates/jellybean/cobblestone.json	493	f44e41f5b6da721b3b73a838b3149db65656c3c8525130ba17eb40cf7e45afe3
assets/chisel/blockstates/jellybean/cyan_concrete.json	505	a9d132a6e250cddf5c642409a4ddacef09961f993012c2663ec6346f0f61959e
assets/chisel/blockstates/jellybean/deepslate.json	481	b3eeadcdcf01088cd8c51ed9dbaee99d37f9fcb38710d8e645cb6b39d5bb15d3
assets/chisel/blockstates/jellybean/diorite.json	469	f6b1725262e5a771d9a387a9544aa7ba901ca75886ef5eb3696d666122ed2ee2
assets/chisel/blockstates/jellybean/end_stone.json	481	41ad11a8833397731522354ccd7578e4e81c873ae2ffe7bfdd06a6d44dfee721
assets/chisel/blockstates/jellybean/glowstone.json	481	c2fefc9f014a7ffd9572cb5a2eefa1b1d706bf902239b1274d8d01c20b7f8305
assets/chisel/blockstates/jellybean/granite.json	469	10e3c872ca93ad4f9c123ec1b4cafbd9a47da721be2ee39325a6a9928825c739
assets/chisel/blockstates/jellybean/gray_concrete.json	505	f460af3dcc6e54581c85303334abe7c357088147ca44351015261a7fad76af3c
assets/chisel/blockstates/jellybean/green_concrete.json	511	316e9a2d0537ae4a0f200e09a2753c7e0f1a20bd2d26d4dbe5e9b8efd2aa036a
assets/chisel/blockstates/jellybean/ice.json	445	f7b6d903831572fe8382af26ff5051da9e70ebf5aacc9dcf8bc2ed08550d56ec
assets/chisel/blockstates/jellybean/light_blue_concrete.json	541	7c70b2d1939375caa3f10cce0bd2bd22a84ee3d01a86fee57bfadff1c7cb992b
assets/chisel/blockstates/jellybean/light_gray_concrete.json	541	c4b9a3ca0c7fc6f8353faad99414bbc996b062cfa00ca2e24221356abeb58173
assets/chisel/blockstates/jellybean/lime_concrete.json	505	10caaf20135a330cb10e48a7926e23c37910e373c16a93d35221b73abdb1acfe
assets/chisel/blockstates/jellybean/magenta_concrete.json	523	5e84db10e1878d204c482a53a996519b2fc7b437d0aa5550af08eccdf8fd3a05
assets/chisel/blockstates/jellybean/orange_concrete.json	517	3d9ed7999f08c4c396bc9c1eba895576c6eb5ff824436566f8c07410d15b6cc1
assets/chisel/blockstates/jellybean/pink_concrete.json	505	26ed48fe25892303523c4ac3503c2cc917ab3b50a48f2110fabb2e55a31eafc4
assets/chisel/blockstates/jellybean/prismarine.json	487	c975f3c575dd3df94073b6133b451eadc93cbac7ef2d61aee7b4d86d57e68321
assets/chisel/blockstates/jellybean/purple_concrete.json	517	b9ba164e865647ed76f0ad7285caadcc904efd24847df0c176db7d0a43a7cded
assets/chisel/blockstates/jellybean/purpur.json	463	165e083ab2aa7dc1713c5811c937986ad275ca5bc3a57a01502bcea4c20141a8
assets/chisel/blockstates/jellybean/quartz.json	463	08de88359e36c2984cea24bfecc3ad4f1f3ba493529b0538370ed25dba14fc7a
assets/chisel/blockstates/jellybean/red_concrete.json	499	eff6872a33e06cff7585630c37e4e3cf51376129cd85ad7f9ec15e494a8cbd09
assets/chisel/blockstates/jellybean/red_sandstone.json	505	366bfefb4581b8b283507e511f6acdfddcd561d285d3a4a2292c161a736fcfb2
assets/chisel/blockstates/jellybean/redstone_block.json	511	ee952a204da1f798cdf92952483972846a66bc41587dd93f8926e88b355650b5
assets/chisel/blockstates/jellybean/sandstone.json	481	0ed044a48a71d4a7cb046fc8dcb9f7a978b6c1e5872cab6ba82789b06f5584d7
assets/chisel/blockstates/jellybean/stone.json	457	ad1cba3e9663ac5dcda29c2f68fc9195957f27d90e83569b11849b7171962d2e
assets/chisel/blockstates/jellybean/white_concrete.json	511	91e9b2074cea1caa441dd4a7b17fbe90443dc49ea421bad20b94b63ea477e56a
assets/chisel/blockstates/jellybean/yellow_concrete.json	517	9f4bf7dd52216b5c2f6da6d0b646288a8baeca871b8f717dd39c4eec755df6ab
assets/chisel/blockstates/large/acacia_planks.json	477	b27ba65cfe7caea82409f21ec90ceed7716632e07a6ab93099255b89ef494c42
assets/chisel/blockstates/large/birch_planks.json	471	6be8318dbb522aae3a417eefdce9ceb857f3a293451567241e665d1e507af8da
assets/chisel/blockstates/large/crimson_planks.json	483	47806a3485838e03736c593716c6c91beee609d5ae7cfcbd79ef872b06373bc8
assets/chisel/blockstates/large/dark_oak_planks.json	489	36efcd55f55c73956710e2fa8411a4489923857b9125016caed1fcc77a1180a5
assets/chisel/blockstates/large/jungle_planks.json	477	ec3570ec0e61b550f0774fa79d802f76c7b72152c5a07758358ea0f04640372c
assets/chisel/blockstates/large/oak_planks.json	459	04af7bdddf4be9e8811aaef098ff5f6e43e197fb0c927f297054c78e068dde53
assets/chisel/blockstates/large/spruce_planks.json	477	27717ce58c983a5894956d003f1afde44e5eaa6d4b01f8ca09874a8bc0d8a11c
assets/chisel/blockstates/large_tile/andesite.json	477	2c9879fd959c52c12ee6b2cb1169501ab8ec12681e505d46ce5b9cb3088e22e9
assets/chisel/blockstates/large_tile/black_concrete.json	513	857098369a31cd119e4b806f82bf627af4255e84b55ee3a12c0d11659da8dc96
assets/chisel/blockstates/large_tile/blue_concrete.json	507	317470f0cff97ffab6ad7a369f7442a15879309803fc2cc53311ff10310ddb65
assets/chisel/blockstates/large_tile/bricks.json	465	23f38ed3192df64aa2fd99c70b5b785de4c0a398e32d8a2e366186427a7582fb
assets/chisel/blockstates/large_tile/brown_concrete.json	513	d4866341eb3be23a1e6e8928ce65804c9d46accbdd886570cf031839da8ae706
assets/chisel/blockstates/large_tile/coal_block.json	489	dfab2da62313591938c41b161a387bfadbd88fef524e053f3b3c24a9ee2d8920
assets/chisel/blockstates/large_tile/cobblestone.json	495	e069a32651fd1eef93e5058e0ad2abaa0d471f648220e9f672fb814a4373ea60
assets/chisel/blockstates/large_tile/cyan_concrete.json	507	aefdca831995f24bec593583f6158f69dee377c75f53f9b94bb67fdf872a12a1
assets/chisel/blockstates/large_tile/deepslate.json	483	abc68a0d0df7b27177cc1c9096a923edbbdca68b31560e895f9b82f8197a0b43
assets/chisel/blockstates/large_tile/diorite.json	471	b0a6cc31e1fc84309e13050e7a2b7dc39ea702faca2b69a8ac3fabe76157ca30
assets/chisel/blockstates/large_tile/end_stone.json	483	255baeeaca7fe97a9d047c580727a048179386392e80c658dd40766cd18a6361
assets/chisel/blockstates/large_tile/glowstone.json	483	fd4a52389c4fcdbdaf0d3e4e31079fa66099164301af8ddc204a7ab078ef1223
assets/chisel/blockstates/large_tile/granite.json	471	af45f4b28ce7366f6a107daf1f49cd3196a36c60bee393cace065b975ca96e1a
assets/chisel/blockstates/large_tile/gray_concrete.json	507	6720ecb2e6a48d695c494351d2d79dc324b7402f0774becda653569bf42f2b55
assets/chisel/blockstates/large_tile/green_concrete.json	513	ee61843ea77382d12b515c06056dcbac20e54de981d77076199a03953c5326ef
assets/chisel/blockstates/large_tile/ice.json	447	f186650872ee9c458736ddcc842c38b1c5d74ce3930e0765fd6a691e2acdf33f
assets/chisel/blockstates/large_tile/light_blue_concrete.json	543	1dd30f6feb4846b249d88c4e5e7885bb3a27dd3166b560775009e0819eff4add
assets/chisel/blockstates/large_tile/light_gray_concrete.json	543	121dd892538c7596d17d0f7878fac631d25a9c52e8385656d1e373e67a66756a
assets/chisel/blockstates/large_tile/lime_concrete.json	507	75644f593e0ff24dea740f3475ddb94d7829cfdbccc8d8ec4a82d2c731449e8d
assets/chisel/blockstates/large_tile/magenta_concrete.json	525	19291fd376273f7c6774033bb07c3954b2c75bf03912a58183d27a36dd89f1fa
assets/chisel/blockstates/large_tile/orange_concrete.json	519	48cef4a52bb622fd2aa5b9593dff5582c491d21586d242a50db0e1445b52189a
assets/chisel/blockstates/large_tile/pink_concrete.json	507	e530bc8e5c1dde370e5b0cb2a15e5e36bfb4514ba5476749460b7499ad3584f6
assets/chisel/blockstates/large_tile/prismarine.json	489	a610db935a81ed7a1bc191a194e096b9bbcc509882cda891a9282ec394bc7a0a
assets/chisel/blockstates/large_tile/purple_concrete.json	519	19d50901101d7bc27195f3d9a4afe0558e47c7792f1a14b1a056c2dee6a9e373
assets/chisel/blockstates/large_tile/purpur.json	465	4b21317dc265233dc010e6cc412aa409f7b61c0251dedf8f8d5950a91c7f1289
assets/chisel/blockstates/large_tile/quartz.json	465	6043f915a03f96f152414544c18e09d472e1fde284f545717d0dbc168a94d443
assets/chisel/blockstates/large_tile/red_concrete.json	501	a04df52480ce4d755311169f4ea16d1e6d37a78a9b2f86ddad23fc0bda8a65d3
assets/chisel/blockstates/large_tile/red_sandstone.json	507	75544642c9023c96e27aec55333478c0a3c43c8766779db46f9707cc09766a23
assets/chisel/blockstates/large_tile/redstone_block.json	513	00f883f534f8898c4da82a799ccd47ad35484d557d53244ce0579861c43cbe19
assets/chisel/blockstates/large_tile/sandstone.json	483	fcc5c53f057357d6387e01991843418e25ec41c1c0b05dcbeb247b4da565bfc3
assets/chisel/blockstates/large_tile/stone.json	459	1384008a093aa23b063f84ffacb6f9c5a8aef6ffde0f998656c18f6c143017f4
assets/chisel/blockstates/large_tile/white_concrete.json	513	8cd6a787e96bd821955f8e8a13906af805594cadc67b536c4d2870f940eca7d7
assets/chisel/blockstates/large_tile/yellow_concrete.json	519	4478caa8edc82562f688a80277aba4b6133b9fae74f745e525f08a5c602c79f9
assets/chisel/blockstates/legacy/black_wool.json	465	2647712a68a89a87908502098d7bb95789ee3e194ccf633eae143386b960a769
assets/chisel/blockstates/legacy/blue_wool.json	459	f50702e7da2aa9e9b4a3f5371d451651f10672a3082e550f5368f2a27268b453
assets/chisel/blockstates/legacy/brown_wool.json	465	fc6c55de29a3bee9b0103768b88d5725d5350f2ec25c117623a73be2299c16b7
assets/chisel/blockstates/legacy/cyan_wool.json	459	bf84b08c8fa80dc89a48203c33634291a383a3b1d9537727de1ec46cf7c063fb
assets/chisel/blockstates/legacy/gray_wool.json	459	102fc23bf8ace7babea6464f2105391c942b90bc4eb6d001bbd0426a3b23eb98
assets/chisel/blockstates/legacy/green_wool.json	465	aaf8bf052fc4e76bae0f34eb0e6439f056f16b06bd02f7a831edbf0061931b81
assets/chisel/blockstates/legacy/light_blue_wool.json	495	2ca9ef82968905a5bae54ae3f55e146c575cf7ee4c24b4cb0548f60bdfa3a804
assets/chisel/blockstates/legacy/light_gray_wool.json	495	ca16efced786ee1ddd5a4f25da873e45b423c1c5f5ccf42ad57b7ee989aa1d33
assets/chisel/blockstates/legacy/lime_wool.json	459	c6da233eec56786237e99fc49419169012039f8015a98b635adae37a23aa0a56
assets/chisel/blockstates/legacy/magenta_wool.json	477	e6eedfab7808e2ebd085c832a8e062a0fa692bbe03e94c72407c2c95f2a530a3
assets/chisel/blockstates/legacy/orange_wool.json	471	7fa36ea72451ac6bca5b4768896c2c792c3082e091aadbb9df775c481de0d268
assets/chisel/blockstates/legacy/pink_wool.json	459	340402cdfa122e5167d59b90b7d00262fc061219c26a9c58d43103d976093d3d
assets/chisel/blockstates/legacy/purple_wool.json	471	ef3d5274e94a574de00bf52a376a0555508663eccd5801c22d50f314b38c898a
assets/chisel/blockstates/legacy/red_wool.json	453	fea8c09ce50b2bea2039044066089b589562c10c8b2bf4cc6ba4f3f851ef6c74
assets/chisel/blockstates/legacy/white_wool.json	465	4393c5ca39424d4458c078728e7fb88d8d7c6a5b9bea73304efda5bedfe696bc
assets/chisel/blockstates/legacy/yellow_wool.json	471	fa61be0525621ea34d0cb90358ede10797f7be9f9d062ec853bb9bc23fedc657
assets/chisel/blockstates/light/glass.json	429	4476b6d942bfbc9f07f99222f0db91df4d3641cff60c6ed23510d11aad38522b
assets/chisel/blockstates/llama/black_wool.json	459	85f302dbd8b229e805825135644be6e396083be9b00a3f5330f1562135cb2a17
assets/chisel/blockstates/llama/blue_wool.json	453	50705e4105d5fd7838a2125945c5267935e6461f372f94d29451cfd7575f2de2
assets/chisel/blockstates/llama/brown_wool.json	459	32f7e00f88ed9b607aa23c1c01b566e9e04a48a274afcb0f0b5f6e8bea07e318
assets/chisel/blockstates/llama/cyan_wool.json	453	7cbb8605a25f8bf2be28e21216bd147498f36545f2a50dcaf5c811f8f77e7f56
assets/chisel/blockstates/llama/gray_wool.json	453	e3510ece782cd879c14757656dec10deb7b778fbfb01d9bc6688485b8e37f4c9
assets/chisel/blockstates/llama/green_wool.json	459	12f7c064ddb7845db4b19025fcb98c1c31f38176d33e73584914f65f12e6f02b
assets/chisel/blockstates/llama/light_blue_wool.json	489	746b57f58bfa8f143fdcf126ed2269a116993908475bb72d5ff41eb35e229d97
assets/chisel/blockstates/llama/light_gray_wool.json	489	3f70641058eef849ef70a4dcf79c23ab7682af075ca5c9b1444e988ae7dc16d8
assets/chisel/blockstates/llama/lime_wool.json	453	f4681a37e76e03fcea982b2397494b7e572b40ede5a4456389e79cbbfcbe75b1
assets/chisel/blockstates/llama/magenta_wool.json	471	2e5029f5907b64aa3fef8469934153e1688e861f74607877958b8fb931965c7b
assets/chisel/blockstates/llama/orange_wool.json	465	ed23dcc9095cfca40959e1d2bc863a5c3ba29b088744c4ac03078c40f86b2dd1
assets/chisel/blockstates/llama/pink_wool.json	453	c7e9ea99a746ea789449bae717739fe62b343bf3966c150f9994a096a422d7a2
assets/chisel/blockstates/llama/purple_wool.json	465	0afe92167bc6940bf928f23fea95ee6d5c96c94a31e0feb8b3383eae678389c7
assets/chisel/blockstates/llama/red_wool.json	447	cf45190f1f97c4a9c291f0d784051a84afa9166602dbc2c16d0614a111245139
assets/chisel/blockstates/llama/white_wool.json	459	9bf1161c2dc84a885c292c63aa1543b9275881a4756e1b8f8257cd34fd092e2c
assets/chisel/blockstates/llama/yellow_wool.json	465	3050cf1e25f8f0515e007b8775d052af722f5df0625b9c7c4fef72b115fed052
assets/chisel/blockstates/log_bordered/acacia_planks.json	519	4ce5d531f1e726c2c8023d33fb41c8acc74b06c4c23fab9f4b40ced8cc0052a7
assets/chisel/blockstates/log_bordered/birch_planks.json	513	16d774c463f6ab9aa309928d3939022aaf9fe670e2194d06020b000ee63f712a
assets/chisel/blockstates/log_bordered/crimson_planks.json	525	b6bb6b0f18b285bb61e1812fa91bf19a6aee3e1ea5505b8eaf12acdefb0f93fb
assets/chisel/blockstates/log_bordered/dark_oak_planks.json	531	8198efa09c1b4c5337233e925953c044b392bade5067c733fcf0451374c2732a
assets/chisel/blockstates/log_bordered/jungle_planks.json	519	f3c40a5836b2378806c203073616cdd80ff403b9a21ee8a45d4ddd255ee00934
assets/chisel/blockstates/log_bordered/oak_planks.json	501	6f86f946b6343c30aa6c65eace1275327dbd0c4cf45017fe1a9a446c30fee32d
assets/chisel/blockstates/log_bordered/spruce_planks.json	519	2389d201fa83cc35988a373d6e9d1f04e62e7cba2292bf3f2b3a4ace9ddf5cba
assets/chisel/blockstates/masonry/coal_block.json	475	b20bd78e83d8836e48c3167f6bdc625d25a99a621a3f18887d8960e3da76fed4
assets/chisel/blockstates/masonry/emerald_block.json	493	3f956d93b415cc1ab55d79fa7c7e2beae57b4a14bc26e94bb96db1c7b12f8ce3
assets/chisel/blockstates/masonry/lapis_block.json	481	73fcc8cac71bf67685321ed4028681b8b8ae39a3558b8e3af47fe394d2b53bf8
assets/chisel/blockstates/mosaic/andesite.json	453	af96c01c6d5aa38857c2b110e7479ced5c2c725bb2aa7a56f28ef0809ccf434c
assets/chisel/blockstates/mosaic/black_concrete.json	489	fbcd848aa7c2d540e8a48e3a568f87b32ddd449e7364de970ae69fb09a181337
assets/chisel/blockstates/mosaic/blue_concrete.json	483	7d692a4a6c091dff48167ed354b30bb738ef53af817a415f077b0aee5ab273ca
assets/chisel/blockstates/mosaic/bricks.json	441	6274d1eb3b25e56cad56ddf759b4efbd4ccb4c5f657646f3699c36ede6e9cef3
assets/chisel/blockstates/mosaic/brown_concrete.json	489	315a4d67f574a34bf5e722989893575aeacc0d981ee7140d2b5945e5fa7caa57
assets/chisel/blockstates/mosaic/coal_block.json	465	d1abebf9de26dabb44c31348af3441d17bcf37194c55d5f15a1b86f4bd02376c
assets/chisel/blockstates/mosaic/cobblestone.json	471	2ab6e6f4c394fb9b1a156751ff52a55f338512e555d86b5d2f54916b4e4fc25f
assets/chisel/blockstates/mosaic/cyan_concrete.json	483	2ea48132a110ef49032e8669ee643c8cbb8e61b8e6866fb33d6cc5507dda15c9
assets/chisel/blockstates/mosaic/deepslate.json	459	1b9eb9bf1ef2b60b1c0c79b9a2b9bdca7dceb1462da22cb06ba9694d210b2bc8
assets/chisel/blockstates/mosaic/diorite.json	447	01c37c4b5a209239913e19ab2f1d6cb53f543470d24729bffcf4266db75eea21
assets/chisel/blockstates/mosaic/end_stone.json	459	8940c6f7c1dba4acf0cdf80e75adbbc4e3cdda65a60e062bcb9291a5dad5459d
assets/chisel/blockstates/mosaic/glowstone.json	459	2440aee6c3a8da9884cf77cce9c6b1a55da3307368ba065e7a5c33a9a2a879a2
assets/chisel/blockstates/mosaic/granite.json	447	c0e8561cad658f8a7585c348b20da2a9d8b7b56a8f2bd0bc296fd06a862c5d07
assets/chisel/blockstates/mosaic/gray_concrete.json	483	3ad98df2a3137aba25b5aae7a182126509a9d82ab02dc9d01e39744b3e0aac59
assets/chisel/blockstates/mosaic/green_concrete.json	489	35c9ce0d442a9f82ead4ad2005a22a5362a4ed3cf0973ddf7cb48825ef1935ec
assets/chisel/blockstates/mosaic/ice.json	423	c5631e842d147a34af82c98deffe3843413d109f4ea4599a44ae48f6aac8ce09
assets/chisel/blockstates/mosaic/light_blue_concrete.json	519	be7cc7164ef7f3ca2832d5bdf861e51c4d25ed0194172c423574289e826d7418
assets/chisel/blockstates/mosaic/light_gray_concrete.json	519	e82249e9771faf09742717ffb6759eabee8563bb8804f34c43c0a87007825ab3
assets/chisel/blockstates/mosaic/lime_concrete.json	483	0e56f9751b4d53e18f40e9e109a59cea7811ac9b3eef0872519550683ceda3db
assets/chisel/blockstates/mosaic/magenta_concrete.json	501	d7f04cc1adc9d51463c7e76982d23db03046e37564aa8e0946bd3b823b3b3b76
assets/chisel/blockstates/mosaic/nether_brick.json	477	13c14f0b5b23c26bb313655424dd5d88a0fb35e1bea90284df82b18e43fa3326
assets/chisel/blockstates/mosaic/orange_concrete.json	495	bd6c6d0136a469bcd1fa02c23a2eaf274431b6bc6b23c151c4073f250d9e494a
assets/chisel/blockstates/mosaic/pink_concrete.json	483	ab7e316fdcbd5fd416eafdf742d6bc431f65984bbc75fa28cb7232d1bfb5105b
assets/chisel/blockstates/mosaic/prismarine.json	465	5cdf15c85bc6edac4e62b61c37f61df245cc193fe6efe69c3b3e83065bebb98f
assets/chisel/blockstates/mosaic/purple_concrete.json	495	9aafb5be189f4a40a38aeb41bb7d657ef155709607f79d53f756455f91d96858
assets/chisel/blockstates/mosaic/purpur.json	441	a765a4748fe1230374a3d2366b18d5d13b62b609a006a40f7adb7904e50822de
assets/chisel/blockstates/mosaic/quartz.json	441	eafe1e756a95d14173489645a5e9ea865faa3dbe585eab432fc76d4c948f979e
assets/chisel/blockstates/mosaic/red_concrete.json	477	f8b2fb9c43f145542573bedaabc3cb12a0685836f9260e8bbccc8d0e30247c47
assets/chisel/blockstates/mosaic/red_sandstone.json	483	4d14410aeacf87d3c1e77d77ce675208a8f28636e3981b0336d6a78d2bcb2fd1
assets/chisel/blockstates/mosaic/redstone_block.json	489	b1491c6ad3cc3b75f3b13590594145db9dd0a3a50876ebb88cd587a82ff8ab14
assets/chisel/blockstates/mosaic/sandstone.json	459	828395008d197ccdbdc7a49af94d752cddc2d587d76526ec02c2f710248f73ab
assets/chisel/blockstates/mosaic/stone.json	435	dcb9cca60fdfc203a22d563f0f83444f5048a13b528ee99f01400510b6d847a7
assets/chisel/blockstates/mosaic/white_concrete.json	489	ca57a49a57c45bbf905edeb5969ede62b1887cb159c32bad725be2bf0b2e4b3b
assets/chisel/blockstates/mosaic/yellow_concrete.json	495	bce02fd4d191eede3bf92a1d365261e78f60b3deb99fcec76347d191f0ae45fb
assets/chisel/blockstates/noborder/glass.json	447	0f7993f7e6d64784d9c2fb1feb15812dc0c34b1f490f80c186b193b9dd1b1a48
assets/chisel/blockstates/ornatesteel/glass.json	465	329bdd39d0f1127747f463470f19a31bade2828cdeab53951402194e07c2d34a
assets/chisel/blockstates/paneling/acacia_planks.json	495	0b7fcaa875aa9c9479a372112401c375207b9362a08b633d77cc0204a726a28b
assets/chisel/blockstates/paneling/birch_planks.json	489	4f61a967bb4f1470a71b66bd98433db8519cf27e3254bb2c6aaad9db37c2bdac
assets/chisel/blockstates/paneling/crimson_planks.json	501	6c0d32b638506fa0b12c7251eadc80f9c518ac4aa7be66e1fa5384a4b277bd3c
assets/chisel/blockstates/paneling/dark_oak_planks.json	507	34cae247aac0b35df8d93472907eed6d0dbf041ff16df388e88253a89bb1a543
assets/chisel/blockstates/paneling/jungle_planks.json	495	2390b83536108d4191d1c09d33c19c3c799ef1c1b99c89097897c8cadf57f0e6
assets/chisel/blockstates/paneling/oak_planks.json	477	71850ce7c9c99116db6b0d1aee0b19b051840a3744ff5d0293040efa34cedeed
assets/chisel/blockstates/paneling/spruce_planks.json	495	36caa02da48ab61bfacf9309e4ff6857e4b45e82003a576f552a8ada9e26ee85
assets/chisel/blockstates/reinforced/dirt.json	453	0f3d3bc5ddcdea0864bcc729f0877b74c5990c2bfefb4603016c444c033aa005
assets/chisel/blockstates/reinforcedcobble/dirt.json	489	dff2f08773ac7476d8e03b6b9b03be1a8bfeab6bf3a5d29bffcee07cc6c21d00
assets/chisel/blockstates/shale/glass.json	429	6f04f6f0efe9ac4520de6bb88b35e52822a5aa17a7bd4f2d14a952314e52cbc4
assets/chisel/blockstates/shipping_crate/acacia_planks.json	531	b23f6a48f12ada5a9ab7957e74a396e06c38ae6a9db592e9e83dfd66a2703984
assets/chisel/blockstates/shipping_crate/birch_planks.json	525	d83cf1ae5b51c5dd064313559431229f86f1cfae32aaebbf3464faab7b1caff3
assets/chisel/blockstates/shipping_crate/crimson_planks.json	537	7212c6023034cfa6fb16e52b67bd2c8155ba6b7cfbd316590cb3de2d2ba1ea1f
assets/chisel/blockstates/shipping_crate/dark_oak_planks.json	543	bdc764e8e2e15fb553085fddc9d6227571363bb86a33d3d568d9669ebd36b054
assets/chisel/blockstates/shipping_crate/jungle_planks.json	531	24df17b648d753f77fbee8c0df79e26d314f3e39c8207535e699e1d656f11a3d
assets/chisel/blockstates/shipping_crate/oak_planks.json	513	ffe8eea24ed6d05757b935112139b2483e0f2a8f9f690493b554f5faaf7da942
assets/chisel/blockstates/shipping_crate/spruce_planks.json	531	643a9f96f0c2e37e64b97b509a1fabbdc75fa67ff5ea95179bc1d803179e8a6e
assets/chisel/blockstates/slant/andesite.json	451	a91f4dc01baef83c4d04d305df3001ad1ccae2f1a6c972cbb7ec66310f1f7b7a
assets/chisel/blockstates/slant/black_concrete.json	487	7339328fd7b3bbffccd1e3230d978a553463ef7b0453037174cc359f3c0a7126
assets/chisel/blockstates/slant/blue_concrete.json	481	c60f4a941f9671a8759252a6a80619326c681176a20474bae2b86e4de67769fc
assets/chisel/blockstates/slant/bricks.json	439	8c990653b67ceb234841e68d9828aec905eaf1e7bab0d4326fd50885b731b1ed
assets/chisel/blockstates/slant/brown_concrete.json	487	e10a6641229b6cd98b07243b3b30586493580c1b3f06563f9b8c7ac629b75e4c
assets/chisel/blockstates/slant/coal_block.json	463	b1a80cbfde17ea759f607ec560ef359a21d2fa4bc45e00b924864f5168213bde
assets/chisel/blockstates/slant/cobblestone.json	469	ae5bdd4dc0b905d6e5f3bcfe20760e2646da0977764e16659d1e0f2bdec3d3f5
assets/chisel/blockstates/slant/cyan_concrete.json	481	d9aa4fd4a9471fa36ec28592afe57fc295810493bd97e4bb4348b9bba52db1eb
assets/chisel/blockstates/slant/deepslate.json	457	e256e5340ca37fca716c586b497cb6844885a21de7e1f27ef801b01e2a7be524
assets/chisel/blockstates/slant/diorite.json	445	e156e8a207329b85c1dbee1845e58403620531c8a58b44649f174237b9941d89
assets/chisel/blockstates/slant/end_stone.json	457	12673ced6183213e7d164678c5ca16d17c7a8cca457383c4ef224be4a731a01f
assets/chisel/blockstates/slant/glowstone.json	457	86493f6eac622f1c1afddd79fcee5a09de6722df1a7f60b4d271a35bb7427796
assets/chisel/blockstates/slant/granite.json	445	8c45ecbdcd1cd3aee35cef6c8e8cb7a2dc4e114815e20da7c506fedf9282d5e2
assets/chisel/blockstates/slant/gray_concrete.json	481	53314dc4ae369039e0af41bfdb3e3b828abd645db3f31751e75c894fd869c9f6
assets/chisel/blockstates/slant/green_concrete.json	487	00c24abd939da102c138a30d3b47801b151bcc6599e17570a47176c6c1c259ab
assets/chisel/blockstates/slant/ice.json	421	baa308c2d472491c818b49dd2c74d20a34e1e3d5f2dca1fb0a6babe5b3625e5c
assets/chisel/blockstates/slant/light_blue_concrete.json	517	c1aab656226d367c663c5308c44fa86dbbd82eed9422bb66bc9b60ba39252592
assets/chisel/blockstates/slant/light_gray_concrete.json	517	b27572a02657bb0a07f742d853723fc8634fc2221e7cf8cd653e79939415d3b6
assets/chisel/blockstates/slant/lime_concrete.json	481	1ae9137ce345651e73d6f6d64582d94309ef49190d214af83cd4e8169b841dc0
assets/chisel/blockstates/slant/magenta_concrete.json	499	ed5340b9a40a6562d9d741d50e6523bf634c7890a6556e0a8c0ff206fd72d43c
assets/chisel/blockstates/slant/nether_brick.json	475	f8a833056d99cb421a4414598b117a9dae90e8fc4c6bf4be5df300761f7fdfed
assets/chisel/blockstates/slant/orange_concrete.json	493	a2dc6e4a69ae862392ea2837c3c9d0b62f853d0619a3e1e9091f5e6623fdd0a0
assets/chisel/blockstates/slant/pink_concrete.json	481	ccf552c6a130132d2b14aae62f4da3c4cca0a3f23beadd68593618188e3998ba
assets/chisel/blockstates/slant/prismarine.json	463	ddab81464e5384b6c86426792c61f57524ddca193f47e306374f25c98d55ec03
assets/chisel/blockstates/slant/purple_concrete.json	493	58e076ff3e2fdc5b9b94cda95ec995f24553022d94f428ba47f9b9b3008d592a
assets/chisel/blockstates/slant/purpur.json	439	f15cc7a941b44dce55f66edd811eebfbdbb28b3f232ea2ecc741ae01763c2b53
assets/chisel/blockstates/slant/quartz.json	439	f048efd96d1b08530ba4d7e666b22b995d619c78959770978d3fb96e81ae70dd
assets/chisel/blockstates/slant/red_concrete.json	475	4ec48cd5a791f1df57cf55d1dd8f81e8cdd403699d22055cb4f516c751b9bb9a
assets/chisel/blockstates/slant/red_sandstone.json	481	0be38f3c9d309de6921745f266bb745b54efdcf852a79c136707ae2f43b36c37
assets/chisel/blockstates/slant/redstone_block.json	487	99af9280fdddf6f3df71031e00e1cb64e3e60abced9896748d1344422a9d90da
assets/chisel/blockstates/slant/sandstone.json	457	b5cbd6d2675ad295cf2167fc5e8a92e0e0b7b00cefe995120ffa0991fd57859d
assets/chisel/blockstates/slant/stone.json	433	93dfc15ebf33a17396382ab1550c77dc612a8658e3446afae10235557de72083
assets/chisel/blockstates/slant/white_concrete.json	487	01289ef59783758f5a4a5568eec8c44bb33eff9aeebf362f647796fc046c9e19
assets/chisel/blockstates/slant/yellow_concrete.json	493	e224b8d63b02eb566f5d559f2f407593729907c8986093cf3b5ba9dfe4957231
assets/chisel/blockstates/smooth/acacia_planks.json	483	c2bb35d32d5aeebc9cc1659956a3c228191d303e153407f4a9787d32925032e3
assets/chisel/blockstates/smooth/birch_planks.json	477	dff923f0a824dfc54b4179e45b9341740df8546930be8343ad6f7e3abffec558
assets/chisel/blockstates/smooth/crimson_planks.json	489	4a64056d782f11283c54dfb4a3533d23850e77659317e0aaf3410f127355e913
assets/chisel/blockstates/smooth/dark_oak_planks.json	495	b10662aee67d6c7a36b3fc9453e90de856674cced6e31e97fcd714d30b7bb6c9
assets/chisel/blockstates/smooth/jungle_planks.json	483	e904b5b2229b34dec43839b6c0ada591e54eafa0c98aeac9eff81e7c48f8237e
assets/chisel/blockstates/smooth/oak_planks.json	465	9ba1a0458b9b234c808a20d75e26a9e48a82b9b31d0b9c1cae33da1c36098907
assets/chisel/blockstates/smooth/spruce_planks.json	483	b126b6868be6c791f02f681ca862bc6351bf3b0af52d2df425af0f9d518743b3
assets/chisel/blockstates/steelframe/glass.json	459	8af8683b2ed9e846d54554088e65f7ba490d6289f702db323ac97fae3d42a3e9
assets/chisel/blockstates/stone/glass.json	429	33aa4143f7a4b31c87e7a0760dee24fe8f7eb1a45164cd8fb7f6030a7a2a1add
assets/chisel/blockstates/sunken/deepslate.json	459	2280197c16641b37d786fa137414b1cddc84f3ba7a3d608eb7328d196cd84f84
assets/chisel/blockstates/sunken/stone.json	435	f1f56cb1e8ae453f6db081cdf8926f54768c1899603c51b7e879cba4f9414dc9
assets/chisel/blockstates/weaver/andesite.json	453	68663764fa580d000b54e8cfbc65fd4ee4c22e8f0750e2a04da193a85a414efe
assets/chisel/blockstates/weaver/black_concrete.json	489	e24fb10623b187b431b615117651a0175b8edb0c28aeea65c3407671a330a995
assets/chisel/blockstates/weaver/blue_concrete.json	483	3ef1c5c82548bf9289e50a4dc0383b78677afb85c48e50a5346d0ee97c25bf26
assets/chisel/blockstates/weaver/bricks.json	441	b448e50d8a30cc70a32ada053272beab865fccd18154eca47aca33b11e1abe57
assets/chisel/blockstates/weaver/brown_concrete.json	489	059c5da85dcbb61a20d0cc45fe0e5316904aeed2cc1d4f24f237b9cd435ab8c6
assets/chisel/blockstates/weaver/coal_block.json	465	bdd9d999a17e6d5e898f3fafd0fc9dc2b0b51df1fc5687d30632d35fbe10d5b6
assets/chisel/blockstates/weaver/cobblestone.json	471	4a7437bf03139ba375d3196a61a646ea7810d6f9b9be29ec9acce69f8d4838ee
assets/chisel/blockstates/weaver/cyan_concrete.json	483	917ce4d93edea58dcd27e7d8b1434713c73ab1c175ca98ea2c572e754c669449
assets/chisel/blockstates/weaver/deepslate.json	459	84dae02bd8fa6e8fb567e8aa0420e1503083d6b00061e59836ad41883532e2c4
assets/chisel/blockstates/weaver/diorite.json	447	9450420168d1e2b5132a7029ccd7c8acb93337cbcf33a0477eb5cbec5686143f
assets/chisel/blockstates/weaver/end_stone.json	459	b26d7f1635c96276eed137c591da2b47fd53dadc0d17d68995768b593ff9a88b
assets/chisel/blockstates/weaver/granite.json	447	047cb65fa07a7d245492fa4881c417c57ae7b982c0577fe9e4e27601c36897dc
assets/chisel/blockstates/weaver/gray_concrete.json	483	dc12e81b8bb58da2b332349e19fb565f690ea797b970c7d9ea8f5161604a8299
assets/chisel/blockstates/weaver/green_concrete.json	489	b597ba1f02e39447ac13dcd5d1291d6ec748f5535ac7cb87f1feeda575f2ef35
assets/chisel/blockstates/weaver/ice.json	423	df0c4f357d92251ead8a13689ed511b9f40e14762a016dad18d0b0701b88b797
assets/chisel/blockstates/weaver/light_blue_concrete.json	519	a9eaaba4165084d3382ecc5cae1d0e4fca843b244626533dd5780ab90fb8c24b
assets/chisel/blockstates/weaver/light_gray_concrete.json	519	4d9e5a5666c42d88e10f11def72aba98f370ab57a68a6ba6309a7b413edf6adf
assets/chisel/blockstates/weaver/lime_concrete.json	483	5caffa6e97512a65ffa9c6021bde2101b951db41268b17febca80e013c788a38
assets/chisel/blockstates/weaver/magenta_concrete.json	501	29b8ae734981478965ef722013a5be07a79897f0c1bbab861d94e645d4e03119
assets/chisel/blockstates/weaver/orange_concrete.json	495	a06ff1a3c5c2f202223bb61827be91c0b9f1fc0fc946b8bfa930cef37573cd36
assets/chisel/blockstates/weaver/pink_concrete.json	483	4176377d15ad9d5b828c87e73cf2c5cc81636492205762bf3140ce631fdd10d3
assets/chisel/blockstates/weaver/prismarine.json	465	7d198959d5f3d5cca4c546521bdc531aef496ccaa5ccf25b0f4b0d5f2e785b7c
assets/chisel/blockstates/weaver/purple_concrete.json	495	c597e480e3fa7e7acefb744464f7c8db7ffcca09a502877d308806f627906587
assets/chisel/blockstates/weaver/purpur.json	441	8cf25e3cf45d8380d4bf7f22eb0caf4609f99484e76a1569173557e4f18055ee
assets/chisel/blockstates/weaver/quartz.json	441	6aace40e0b554ea0c34f32f949da5c30646d30f8be7097f313168058804cf5ab
assets/chisel/blockstates/weaver/red_concrete.json	477	1675f1fcc759a61aa2b0cdfd93ec9faea17a8977f3f6ac0bb995e3ba72e9a398
assets/chisel/blockstates/weaver/red_sandstone.json	483	ff0a3d00d481d4d998dea68d3f288c66f1e658c7503f42a9d43080f0ca515c38
assets/chisel/blockstates/weaver/sandstone.json	459	2a5fb3e571d762ce7b9693d5027375eb2e43e05357943f583fbf22b67ec5843b
assets/chisel/blockstates/weaver/stone.json	435	d7b73555928a7028c3e8f748242a2b6500afc8c75deb94abc095e253684654d2
assets/chisel/blockstates/weaver/white_concrete.json	489	d8bc6231b923c358e8850c8e0986f63b1851537e3186d9e535b4f2402e8c8d3e
assets/chisel/blockstates/weaver/yellow_concrete.json	495	bf6d0006ea61d55f832483b298fe561f9a67e6e7a433da13f8c44ec6f0fac274
assets/chisel/blockstates/zag/andesite.json	439	7aa6f282b58cae6eedbd6208d6998ea44c26c7005ec33638ac73d7573f634208
assets/chisel/blockstates/zag/black_concrete.json	475	2f554958a23c3ead3bdf807634435674f0cbc43070e555b1c8b644a409224f09
assets/chisel/blockstates/zag/blue_concrete.json	469	81484014e1804813d48f4378b110545229d22654294cbe15a81b6a861114b41a
assets/chisel/blockstates/zag/bricks.json	427	36ff60baf3e944d51a8e95555d30e982bbd3adbb409e3f665762defd11187369
assets/chisel/blockstates/zag/brown_concrete.json	475	e8a083829d14f3456dacc4f9fbb88b3cadcf559443ab2ce21dea3d3ab0ee5770
assets/chisel/blockstates/zag/coal_block.json	451	507c39c0c692766e5469cf5d0633276ef8f508302c72be0f8f6b7f9dcf303b0c
assets/chisel/blockstates/zag/cobblestone.json	457	172f700f3bee9dece8ffacf0c53510d000eca76c6ec7cea8febb4e569d94fd89
assets/chisel/blockstates/zag/cyan_concrete.json	469	6083e58c208ef66fd35f6e00eb602a03193df179ed81f8f412ef36a0403922e3
assets/chisel/blockstates/zag/deepslate.json	445	247c2d82e1251519807e5768483e71a3d8d7d867f80f66185099a477adc390a8
assets/chisel/blockstates/zag/diorite.json	433	9a6232ef3cd131056baa0ed7d48009266346857aa1025a62663f04d30814a86a
assets/chisel/blockstates/zag/end_stone.json	445	1230e5108eee8873f3e66137f1839d732280f5618a3d63864f8713da5094d4c9
assets/chisel/blockstates/zag/granite.json	433	fc0e4d409f4defa6dd83d08942f89e9ddf220173e6dde0bb657ff95cd30c3712
assets/chisel/blockstates/zag/gray_concrete.json	469	5ef13b740dab4eaa5ca2918ec0e649f178ceac68b000a324c02e80691847e42b
assets/chisel/blockstates/zag/green_concrete.json	475	f0538fd9852efbd61155d66e044fe2107284fe277633d34f7320e5a59553207b
assets/chisel/blockstates/zag/ice.json	409	4fba6ff8b277dcf101e79d56a5f657ff3db1d13e1b27020f91054701e204cc99
assets/chisel/blockstates/zag/light_blue_concrete.json	505	9e6fc3630efd688c4bf3353da0038e0764ebed8093b67c676edfc83b7b469c59
assets/chisel/blockstates/zag/light_gray_concrete.json	505	92aff2643b14c86b42c4c4b5a15e0434696878137053a551dcc755ebe129ca58
assets/chisel/blockstates/zag/lime_concrete.json	469	60d8aa1d6c4ed2e716138387a9d7e97c6e7ce72abc4213ed6f681991c5fe15d4
assets/chisel/blockstates/zag/magenta_concrete.json	487	e51c5f5cc7576f5e16bef2d8330986a3b3c7668aa2241ffeefed67e7ca24439b
assets/chisel/blockstates/zag/orange_concrete.json	481	81a2695cf23033dbc7c95019106478248ad81df7dca58a8626305fbe29fceeea
assets/chisel/blockstates/zag/pink_concrete.json	469	209b3b964717fa363e847914069994332efbc28c10b1262c76721461ae408d73
assets/chisel/blockstates/zag/prismarine.json	451	572bdf729080f69ce149894a80dcbdebffb56e22919621ac04bee503010a57f5
assets/chisel/blockstates/zag/purple_concrete.json	481	2f807ae242082f0ab919ea2fdc2ee103b3d2fa71c58f83081f2627bbc27532c5
assets/chisel/blockstates/zag/purpur.json	427	a96592f930b7b09e9c96cfccfc9b11543ca6fe830dabe3f55e89db4f9a486cd2
assets/chisel/blockstates/zag/quartz.json	427	09a567e8c89888d8a451ae32f0bc30625dec25344d97f13f2e4949db9adf9b0c
assets/chisel/blockstates/zag/red_concrete.json	463	1b2ffd3ecd4d568b6232618a656706c1775cfc894d9321c46939c0dde542bbc1
assets/chisel/blockstates/zag/red_sandstone.json	469	5817960ba378c93dadb03877f1276cf3aed88404d9f56d7ca0b65c47ee2b0f0a
assets/chisel/blockstates/zag/sandstone.json	445	1bf8f2180d5452f9a68b2a433963ac97de984924fe977f20660357b85a9c0b74
assets/chisel/blockstates/zag/stone.json	421	d1399d3df8b25dfc8210034cb6a1d9d956d6f1e5526a942981644bed769e85a4
assets/chisel/blockstates/zag/white_concrete.json	475	1737c83b07424d23757785d124cb2004d190b3bcbb02f0b447b823e3368333a7
assets/chisel/blockstates/zag/yellow_concrete.json	481	bdd175d41e584d8be9bbf69d3229e56407dfdaf22fb9319de4949aab23bd6b49
assets/chisel/models/block/array/andesite.json	94	9ebba666546082ef54eb778a2e41062d53a96693c1466b249149a655e5af54ed
assets/chisel/models/block/array/black_concrete.json	100	f408a6d14e71ebc51713724f61a33770fbae33d4f1a7033b15cf48c3e36effa9
assets/chisel/models/block/array/blue_concrete.json	99	a858ab5de57e0db9ae2803bbe0111cb1649ff6ce4309f9b0ed33d7890bf38a6e
assets/chisel/models/block/array/bricks.json	92	15b32d0e015a0671f7df7eb871e7ba7121101c26d2fe895be66d878515bb7bab
assets/chisel/models/block/array/brown_concrete.json	100	6e8ace43c5b408705f6add3379eebfa86773c0b3fa6038b4cbc55f8a37e67beb
assets/chisel/models/block/array/coal_block.json	96	1d5b7f525a17fe1aa421b0f95eb2004edce062b3b5e02edbbd7bf1ac13a4e1ca
assets/chisel/models/block/array/cobblestone.json	97	ccbd40dd7b23fb49b88c068cfbff855ff827f95994d15f8c0df6de7ce28d9f55
assets/chisel/models/block/array/cyan_concrete.json	99	de66e5892628290e8d8912b5a3a1f7df2c5ffae344afa13a9ed6df8f58dee629
assets/chisel/models/block/array/deepslate.json	95	38e1e493d29c23705122d156e97b01443fa78e31b2350c0b43f796d0c15acee1
assets/chisel/models/block/array/diorite.json	93	24cc0c94bd0f0582ca2a763220cd84896826ca614c34548cb7afd9ed1653d690
assets/chisel/models/block/array/end_stone.json	95	b85a793cabfdfcbf9db1250f73c49a628c4a616390ec0f36b24896d177ac24b3
assets/chisel/models/block/array/glowstone.json	95	2837a2c8dc23e8e5e0b5bb456c589f2f85460e5e5ab973f076607df076e518a8
assets/chisel/models/block/array/granite.json	93	86d7a77f59ee8f88721a0c699879870362049a28ad5a273678da7758d4f5e3cc
assets/chisel/models/block/array/gray_concrete.json	99	cb7e1d6615945189570586369e52f5442eb3533269b33e88763db2db501a9b1f
assets/chisel/models/block/array/green_concrete.json	100	60a588e80042f19c398cfdeecc988d233c3a0f4b6ad02cc707f96a11e226b1aa
assets/chisel/models/block/array/ice.json	89	461e2d5353dbc8632021d9a5a355d2ace907e82dabc7af71c028017cda625f4f
assets/chisel/models/block/array/light_blue_concrete.json	105	1917a20602450f13c2777d22224eda799268d346ad2caafdd4463c74d60705cc
assets/chisel/models/block/array/light_gray_concrete.json	105	ad2656829e898bd55e78b694f0e07dd1553821c19d134218fb0188719044fcc9
assets/chisel/models/block/array/lime_concrete.json	99	5cb8e9070373ba5ea13077f5de38ae807cb40f79cca8f8b4b2c732c97e4faf6b
assets/chisel/models/block/array/magenta_concrete.json	102	b0055816e4a8ca9f9c7720e8f91554b8960485b00c487a8367e2cfab8198a008
assets/chisel/models/block/array/orange_concrete.json	101	c2ffded90358ca68fa3670e571fdb9473335cf90d4e966ec5074135e9c921b04
assets/chisel/models/block/array/pink_concrete.json	99	615075047c090aef9ef5187603e3e6ddcdb532e2f3dc0e1fa4f219fb0d1bf39b
assets/chisel/models/block/array/prismarine.json	96	010d279dcf7370a00465e1ae6b37162c5b192d92bc21a1cc8d5f1593a2861378
assets/chisel/models/block/array/purple_concrete.json	101	e57816f3131cb10fc9d9f4b087ebaba0d35e3be68902c0de47423211f1fa50d6
assets/chisel/models/block/array/purpur.json	92	6634c64ca20d39184fe2b0b2a134cea5bca7724520f830790e58032e243af665
assets/chisel/models/block/array/quartz.json	92	264fc8b67080b9452d754ac37db6b5237f75ae1409776b151c0b9fef687a8efd
assets/chisel/models/block/array/red_concrete.json	98	94ae79800ea753ad8a00d97f8ec266042f41c5423ca442842c18ad16a537b434
assets/chisel/models/block/array/red_sandstone.json	99	d382045348d8e4107e10a968c3a9ef9febc886076cc007debfb96dff2bdb1eb9
assets/chisel/models/block/array/redstone_block.json	100	8593a341f724dee6867c5bff43940dfcdabd710b8a1c9b1797e14e8423cca4e4
assets/chisel/models/block/array/sandstone.json	95	b4862ed5253ccf4d4555ef16031cb9a0a5f97bed40327c6e650462109f9a7011
assets/chisel/models/block/array/stone.json	91	25bc88c281f817c7d81af4ba6a752a2ed2f681d044481adc768b3bcec6169a2d
assets/chisel/models/block/array/white_concrete.json	100	bf9e6918cd8986a0412a9e9d8ed2aa4a72bd7ce57bc8a7bf278bb4464399ff55
assets/chisel/models/block/array/yellow_concrete.json	101	3f68f7137d63eaffe74d3103387602fd5667e24703a96aba44bc05fa16b594e8
assets/chisel/models/block/braid/acacia_planks.json	99	c166d141b3f6cb160f7c24e3764769749b0ea4a4ff3783a6749c0f71ddd58ad0
assets/chisel/models/block/braid/birch_planks.json	98	1500b63e7c6b42a092635404e5389f0df1b7874f858bc00db0f348b3c692980a
assets/chisel/models/block/braid/crimson_planks.json	100	874344efb6ed20141bd6037fd0e54bc28b7a9e6af01746542f6b9c368ee071f6
assets/chisel/models/block/braid/dark_oak_planks.json	101	2b19f6c5333ab8dc1b098510fc581995866bbc9d844a4a457bfc09bc2d11277a
assets/chisel/models/block/braid/jungle_planks.json	99	50b31b117dd64d6616d4a8fdb6064fe9f0622eb16e257a1d2c0cdb6313221b33
assets/chisel/models/block/braid/oak_planks.json	96	4f54db5e37a0dd394bc470a4fc0478256fe40c3ebddf4835cc42ac95afd3a185
assets/chisel/models/block/braid/spruce_planks.json	99	031baf3ac22a76b9b3251ad32dfceddcc2cf088e0552f35a093d337d21b1138e
assets/chisel/models/block/bubble/glass.json	92	f75ee5c2aa3bfbc315a450cc75d53756781479cfdee21bd9393346ffbf2c66f1
assets/chisel/models/block/cells/diamond_block.json	99	1066c07ae660887eda33c27d046560bdca42edea45113dc109cff1ce3f85e97a
assets/chisel/models/block/chrono/glass.json	92	447c9344595861029255f3d23518a88ec83f9ccbd3855e1599759d6e2afb449e
assets/chisel/models/block/circular/andesite.json	97	29de5a2b85eb0aa53c158cd1bf9f68481ca730535d9709c765d77fde0c44ba1d
assets/chisel/models/block/circular/black_concrete.json	103	cfbe41b7abd0eb9e53440a95a88419ee926f2a305f318d4f34b7a2b8cbc72dc9
assets/chisel/models/block/circular/blue_concrete.json	102	085364e96a1a8f7078e127c81a3ff59eb75bc29b2474d194baee64687baa050b
assets/chisel/models/block/circular/bricks.json	95	e5af11cf81912bb65cc5bc72330a0192ddefa2aa520853d393cb8dfe2a1c0a3e
assets/chisel/models/block/circular/brown_concrete.json	103	2745e19ad6eec1e2649690f2cf675adf8ac81bb7bce823cc5c7c4a8a5786a490
assets/chisel/models/block/circular/coal_block.json	99	5177b9b6482b17bc6e48b82c70cd1f9c6752b751f3f1f27efc7b3d0a76828df3
assets/chisel/models/block/circular/cobblestone.json	100	d1a9bfb8370fb7aedf8a0857f7df94d4709bcb0fc31d6c82d3777e2b9606f2b0
assets/chisel/models/block/circular/cyan_concrete.json	102	ae5edaa52c89e5473a26c0dc9d88095c3c01aff39e31520a4751942b63e2f94b
assets/chisel/models/block/circular/deepslate.json	98	6b22cb7ea055af781c1257f213ad214adc3af388f1e0baec23d4192657f1d42e
assets/chisel/models/block/circular/diorite.json	96	bbe53e71f085da20d72e2f3a2892f18030634a66246aedf522e2c9b5baac8d22
assets/chisel/models/block/circular/end_stone.json	98	e4b41f210786a51f9a5344d3ffecaec6efc52cc85b43bd2ddec426d78d9adf87
assets/chisel/models/block/circular/granite.json	96	45766df01d04bba4b0a8b500c1468792c805c550f53bdd16ec536970b798c02d
assets/chisel/models/block/circular/gray_concrete.json	102	3242332a36e395e9aa9f7e73140f6a99aaf46f073de1c355025fd52498b2809e
assets/chisel/models/block/circular/green_concrete.json	103	8fe2b5804c6bb846535c8dd6ec3a0be6e3a43afd1c13fd88f3a79411a44d6dfc
assets/chisel/models/block/circular/ice.json	92	006171dccd7f80569fc72615c23a7d9632311ae10b4a3a4cbc601360d5e3fa8a
assets/chisel/models/block/circular/light_blue_concrete.json	108	0fd76bc4318c393bf0a69a07f8f2a6ccd0e22b5986fc80950fab8e56ac8da171
assets/chisel/models/block/circular/light_gray_concrete.json	108	f3d9d821473c47a470f48df7244649b32e8d4022b8aec2eefdadb7cb4d843746
assets/chisel/models/block/circular/lime_concrete.json	102	11de12a89ef127982e1ac4d35fef2a10015dc2c197f156a9cdc698e027ca678d
assets/chisel/models/block/circular/magenta_concrete.json	105	8fec82b22710a0e9741aaa3e4750e197b42d089116ad88ac01570d4021b1d2f0
assets/chisel/models/block/circular/orange_concrete.json	104	70bb04b3b8fae8a50bb6408d197f63c050c04a0a210bc549df468ab860e2e556
assets/chisel/models/block/circular/pink_concrete.json	102	0b0c099b831f50e014aaaceee0972ae541ad1a0cfc1664b560f8de9bd71cf186
assets/chisel/models/block/circular/prismarine.json	99	ddfaccb173e8ade0fe853173575654b2863197bd9d1e777accabadda1b4a1690
assets/chisel/models/block/circular/purple_concrete.json	104	25815e7b04039dd8e773e620fda63ffa0d4ebf682ea8b46efdaebc98bc67b01c
assets/chisel/models/block/circular/purpur.json	95	dbdeed38b7e93b37b7904baf6b4d669b1be8101857e9684cf85ab54d16e176bb
assets/chisel/models/block/circular/quartz.json	95	b1af45e44d2ff6af81a33cadc66322bd82ab252f820852974b838d6a69c71249
assets/chisel/models/block/circular/red_concrete.json	101	9824d7db78b1d331bc45a89c68cb163087e9602f518e14f81e72865ee3bd63a5
assets/chisel/models/block/circular/red_sandstone.json	102	3f3ea7873689a1ad28e856f6f313cf6814c1bd78f5033c35dcd8402f67b9b308
assets/chisel/models/block/circular/sandstone.json	98	ba36d730d9d92f0ea47608b4f26f78c565d9144b893185580cf03524a1704064
assets/chisel/models/block/circular/stone.json	94	30e2b44094cd1d89520682813dd57ad169de1bdbbd2e361a1f1eb41624cee877
assets/chisel/models/block/circular/white_concrete.json	103	5fd91a620351ae66025c6e2d863db45f49596ca700a556432e95fad62407b7c0
assets/chisel/models/block/circular/yellow_concrete.json	104	b6c03d9ea4f0df300c9e52548f0cf5d2a7c5be3c51841cbad83c559c52da8461
assets/chisel/models/block/cobble/dirt.json	91	badc122a1f6053379122ef5220a9abea0ef6f5fb20e4124a92651493d3a1c9ae
assets/chisel/models/block/crude_horizontal/acacia_planks.json	110	9aa33d9a6e830fb03b3644132d258d8b0af8f5691b289733fca229ec2bac5494
assets/chisel/models/block/dent/andesite.json	93	a8816c563c5a260c505c8c9c16b1d767b6ee934f8173b11f4d93fc770226e0c3
assets/chisel/models/block/dent/black_concrete.json	99	058912aef3aec8909a52802db785171508f829b608c8316eee73678231c31efe
assets/chisel/models/block/dent/blue_concrete.json	98	8b330c034ea809c4ffdc4edafb9d8f2b609713563de73d2083a34591a5044054
assets/chisel/models/block/dent/bricks.json	91	3dbe55f6731146f188aa8b716bc76a43e6bf175f734f455e4df3aaf31295b350
assets/chisel/models/block/dent/brown_concrete.json	99	8c8021f5ca169a0fd5f7c896a5c6c1b3a14f73f69252969287e360c29d16d8ca
assets/chisel/models/block/dent/coal_block.json	95	18fc93d7982708c73f4fe2a47bdfb0e27d9c789564e67f155e2b74997b4c3d9d
assets/chisel/models/block/dent/cobblestone.json	96	6d6557f56f6aba025a07c0368046d3754410fc1055e17b27da80c4236ded23c8
assets/chisel/models/block/dent/cyan_concrete.json	98	6964d67486a85b584a597a67295c5f4d7e0c63daf0ec2cd5b028379f6e31b33e
assets/chisel/models/block/dent/deepslate.json	94	f34f371100752b99c7bdf7f73aca67db7d90271531e5f86402848a522a00593f
assets/chisel/models/block/dent/diorite.json	92	23790d3befb04f20f2ac4095475be41aa0d3f5a0cbc1cf548f60589f169defe1
assets/chisel/models/block/dent/end_stone.json	94	65178cdd8beceebe16ae2f4bf6c608ee104a12853b52a0daa19e788618dd547c
assets/chisel/models/block/dent/glowstone.json	94	2d93c2d85fb1f2611f365d335b737e84fded5a7f623d11112706881b2782ef26
assets/chisel/models/block/dent/granite.json	92	b317439845adeff6378e4697a96b6a240bc9c04265ef9471f7b07534d5077434
assets/chisel/models/block/dent/gray_concrete.json	98	0de2aeb0688e7a0e3164687df3ccfe749ef3c2d1008715f5c01b04afc78bb329
assets/chisel/models/block/dent/green_concrete.json	99	79505762a5e746a253a0286eb061f9b81a0b86f07d2e16c077ed1e4a6b3df78c
assets/chisel/models/block/dent/ice.json	88	38c05b505fd8fe8636a1291e246c37464712556a2f8c02c8c8c28460eeb3d23a
assets/chisel/models/block/dent/light_blue_concrete.json	104	65eeb52e76ece4534329adeac4d2f6ac81034bcafe1b3ccb57761548ef19897b
assets/chisel/models/block/dent/light_gray_concrete.json	104	ac478636785fd02d0d570fbee2c46510869f72b6c52e68d54345ba95f80bf728
assets/chisel/models/block/dent/lime_concrete.json	98	fb4182f1a18718faef31ef805b5c5e9e01d41c1870ceb90bbc65fa8f40e08e0f
assets/chisel/models/block/dent/magenta_concrete.json	101	e15e1173a1baa89c2cbd2ed0893264c27b942097595dce50da5307ccfc2bf9a4
assets/chisel/models/block/dent/orange_concrete.json	100	b86fc261834262d6ebc9a74e7f9d8359afdae360885d2907a8995a8a5f7932f6
assets/chisel/models/block/dent/pink_concrete.json	98	42b346b7e0149a0920c6edd8752268bbdb3be991d5d9b92182cf10445f882c52
assets/chisel/models/block/dent/prismarine.json	95	221c3a168ca5a2d36003788431eacd0bc127c0e074847395eb00f1d8d53b0fba
assets/chisel/models/block/dent/purple_concrete.json	100	ac357956ad169ce4a8f70a9bc7b9988406188facfdc077a239e5732f708573ec
assets/chisel/models/block/dent/purpur.json	91	d9fcd5cbb075fb45f928b6e4222371ad54e3d00b2653be38f45f6924e67ab712
assets/chisel/models/block/dent/quartz.json	91	190d790c59ef7c735af98e01f3a049d3af21ea36ed5c06c03b47c02fcafa10e9
assets/chisel/models/block/dent/red_concrete.json	97	6d1c6b279685fe7a21ef46fd6fab8bb5b0ea50e9491ab409703f8d612c3a1ea6
assets/chisel/models/block/dent/red_sandstone.json	98	4193a3baa9ce55098d924955d0424b27cabe4786a474d47619e060f5b86339d8
assets/chisel/models/block/dent/redstone_block.json	99	54e64192c37c4839213ac6f23d1e87f629429ba392741a042ec515d36e439826
assets/chisel/models/block/dent/sandstone.json	94	bed620f17b3d09d537cfebaa6c8db930b244ea8798e8227b25660d43310589b5
assets/chisel/models/block/dent/stone.json	90	88beafc2301a25742aefe738f9e06433c0f9c71fe478d05254e75e03ce7dfbf3
assets/chisel/models/block/dent/white_concrete.json	99	0fd93e3122e92a40af211bd5cb96b6b6afc7cabde04648d28678ba70b5438c8c
assets/chisel/models/block/dent/yellow_concrete.json	100	4de7a6ea1cc692cc99c75344f731b3f8a95a0185b2dce30476ebadf5213a802e
assets/chisel/models/block/encased/acacia_planks.json	101	a3d00c7686ffbe3e27718df5ceae1e70705669bca96b0d1354d8dcbb86e312d4
assets/chisel/models/block/encased/birch_planks.json	100	c577d8096467f90053a092ec5a352113e4688f0d6d4c58cdd80370c6e743e862
assets/chisel/models/block/encased/crimson_planks.json	102	d13db95de7d002945e7108881fcac01c7a6c57f66059772978c8a4c0801679fc
assets/chisel/models/block/encased/dark_oak_planks.json	103	d0aa7f738989fee4efe42110baad8656bc039f29c0068479a8bb4faa0193db34
assets/chisel/models/block/encased/jungle_planks.json	101	edee7c7eb1e318c3cdadaf67be91d93ac00d26844afb384f39bdf5993ee6d013
assets/chisel/models/block/encased/oak_planks.json	98	7765b7a1569b9d1bedf780bf6bb00d6bf52812e18dd8e92cedfb04f85c42fb2a
assets/chisel/models/block/encased/spruce_planks.json	101	96931a2ebbddf551f6b2f3be907b23d3c24d9ba9eda60b81a5a638207ab098d7
assets/chisel/models/block/encased_bricks/andesite.json	103	3ee132d02bc7fabe33017eb6f74ab1f47f4199d028cae06dfc3163388943049e
assets/chisel/models/block/encased_bricks/black_concrete.json	109	dcfc19b9312ef2c05977899bfe9b1660e19e34a2d9845ff82a70e1915691002a
assets/chisel/models/block/encased_bricks/blue_concrete.json	108	37c6120e37d4ab7eda0a48d83cb138eadc29d1bd9c3012209c6b1ca69e856f29
assets/chisel/models/block/encased_bricks/bricks.json	101	fc8678e8131d33eb3c40ef550eabb90593b7c6633b678624d4e167bcc884069e
assets/chisel/models/block/encased_bricks/brown_concrete.json	109	0aa4da837edfc8b0f876a5aea35cdae1d00316bd8981446213a462ac40f81d8f
assets/chisel/models/block/encased_bricks/coal_block.json	105	3857c7f4a23ebb31cc82c921fe0e0ecb45d67846ba4e9528f55767729df8f541
assets/chisel/models/block/encased_bricks/cobblestone.json	106	a8cff150e4f84bdab7b195de14493ed8ffc1d0a5664778cae661840c7b2a8534
assets/chisel/models/block/encased_bricks/cyan_concrete.json	108	1b3170fca6ebb67b7fabfb3ffd04643605b1957a5844c54c6e57d7d591dfd18f
assets/chisel/models/block/encased_bricks/deepslate.json	104	0b81b282d018708844041b11878052407dc5dacc9c330beada32236503ced17a
assets/chisel/models/block/encased_bricks/diorite.json	102	7f8126f07f7655c599a5425a9b931c98dc0b94518a7ee6c8763dcc7081491389
assets/chisel/models/block/encased_bricks/end_stone.json	104	03d3a80030c6d605565d20d888e5e829bdce4a9873df6aaba4dea6d457d11182
assets/chisel/models/block/encased_bricks/glowstone.json	104	8ed4de4d33e33f756d8da7c7f038f363a6b99b7a1825eee08ef4268c2609cb0c
assets/chisel/models/block/encased_bricks/granite.json	102	856bc1ba2a72e35957bc2a2179b7c352c4f6f0c90a4939f41f94715ce651d6e6
assets/chisel/models/block/encased_bricks/gray_concrete.json	108	a9aabbeb4de911098ee655ffdb28f9e26a2c13d8644fccb8980047471d29f609
assets/chisel/models/block/encased_bricks/green_concrete.json	109	52321f100126f3af94689be1fe7255ef4ed99ec72e0821a0f67ec8c70cfd4aba
assets/chisel/models/block/encased_bricks/ice.json	98	8d9b6bbff7b54f4df1158d1a6cc5e9ee7c5aff015a6ece2b8b8c5a089ba5e589
assets/chisel/models/block/encased_bricks/light_blue_concrete.json	114	1a975d07c098640a5ccf55a45301614e8fb31770f53154ffae4455612b4efbf4
assets/chisel/models/block/encased_bricks/light_gray_concrete.json	114	fe09cbfd82b3f910fe5a31518007123d825b16d5b3aa66da60191e5b9f653cf1
assets/chisel/models/block/encased_bricks/lime_concrete.json	108	5522468186ce5e24e34fda4d06c1ac31b4f1cb0c0d211da5a1b15f4347d87e85
assets/chisel/models/block/encased_bricks/magenta_concrete.json	111	d1d0fcd5a952fc3452ec65fb4eeb42973344888dee7287d2ff2c4d8f3a7aa83d
assets/chisel/models/block/encased_bricks/orange_concrete.json	110	8d53cce129a7f15c637b34ce81e4e000c604b6bbc8dfc5c7c651aaf082d22cf4
assets/chisel/models/block/encased_bricks/pink_concrete.json	108	a47517b9de9ed9eae57ad99a851d0f82909f24ff943c97bfb86201910583e4ae
assets/chisel/models/block/encased_bricks/prismarine.json	105	8580b841811aa40ddaaab835bb17f46390988b193aa612265564ea59b6efd638
assets/chisel/models/block/encased_bricks/purple_concrete.json	110	57119e01c6119168245a7a4c80caba2d5b56cd5a0636abeefe8bbb43b88c6277
assets/chisel/models/block/encased_bricks/purpur.json	101	02b51a789844665481d475c6450ecb5bef497792bd42e7c9e7924258b6810f12
assets/chisel/models/block/encased_bricks/quartz.json	101	9189c242db5ed445503b59c67ec7e05d50e2ecbd5f505c07af77d64301b1ad0e
assets/chisel/models/block/encased_bricks/red_concrete.json	107	4e93609cca4e75096a60483b554dd3d1092ec101fbb930896568a1f71ea335ea
assets/chisel/models/block/encased_bricks/red_sandstone.json	108	ea0d5c92a3415f53780f9ba62a54c067b38cf8c2dcc3b3fcf3c86853a2a282bb
assets/chisel/models/block/encased_bricks/redstone_block.json	109	e2ef3dfea042fdc9ddf8080f5072756619afb41160c3ca82642872fec1cc7459
assets/chisel/models/block/encased_bricks/sandstone.json	104	5374a087e307c20da055558f13ea867c94bc973db562693721277ad01bd2ad61
assets/chisel/models/block/encased_bricks/stone.json	100	7ea578ef3dadc8c10d094a5db70d3cd65e9134f971cdcc9bf21d4c95d4ae4b3b
assets/chisel/models/block/encased_bricks/white_concrete.json	109	5ffbaa23c7b6c89c8c7c136dd233cc196ab5fdabe3e8ae49a9d391480a33b978
assets/chisel/models/block/encased_bricks/yellow_concrete.json	110	9c3dce37ee5e71f389fb19b350099537700ed50352037d8a17c1bde935342953
assets/chisel/models/block/encased_large/acacia_planks.json	107	e6c4136cc9fd135772bc29adc217316b5dd36b13c16070b06f9f3c644d19e3d9
assets/chisel/models/block/encased_large/birch_planks.json	106	98a50e9c1ad8c1333660e2e825df89d3127aa47db85593c14e1029c794abc314
assets/chisel/models/block/encased_large/crimson_planks.json	108	399c8fb0bfee3c1d858940681b1274dcb3230aebe5ee9c3b70a065c10bd1fe2d
assets/chisel/models/block/encased_large/dark_oak_planks.json	109	e412f4abcb969e51b520c88c08db909696517819ef7c277608d70e1cb956900d
assets/chisel/models/block/encased_large/jungle_planks.json	107	4e1f5f7e8111e552e92a2361005b44dea0a81aacfd02e57f8cd4ded946af5b49
assets/chisel/models/block/encased_large/oak_planks.json	104	ed5b8e968b878abc4fce2dd189fb09d40e595403adeb5a5eb3ee7cf1ea7f3017
assets/chisel/models/block/encased_large/spruce_planks.json	107	5659c73fd6ceacc809fd5dbcc0a72418e63ef1d42e947a1b517a10c7de4f3dbd
assets/chisel/models/block/encased_smooth/acacia_planks.json	108	335b49df3bf37881d3793c5e17c8ce22a5390a86f52342daf55672f3db4a965e
assets/chisel/models/block/encased_smooth/birch_planks.json	107	821fe04b062957f451183a19f65a50f3ce31005f5c4796c277a6d772e5064199
assets/chisel/models/block/encased_smooth/crimson_planks.json	109	4f3edc79efaa961f1aa88500bb4028e3c186d27267a933568e4c2356361d0692
assets/chisel/models/block/encased_smooth/dark_oak_planks.json	110	80d12ae97f8465922bb5cd175d9db44280ba46ba0beb557ee77dca9af75cca5e
assets/chisel/models/block/encased_smooth/jungle_planks.json	108	627521533624072f758877008b225508e2c9be3960b6da1a0afa429bf38bd999
assets/chisel/models/block/encased_smooth/oak_planks.json	105	6657b76bcfe881c239a362a8cfaa1906c45e42801d46513fef42dac7e1399450
assets/chisel/models/block/encased_smooth/spruce_planks.json	108	3211e9ccc553db653bf3d5f77624329b5743e24a34205a57b2af141af1f48c3a
assets/chisel/models/block/jellybean/andesite.json	98	00949bb32081a3721d905f0e7f5fec4f20366db915f40359d3003a55c0ebe935
assets/chisel/models/block/jellybean/black_concrete.json	104	7d064b0fa8d802d6842c9e209d0d7dae3bccd3fa3e24b828d3d2dcca1e2ce60b
assets/chisel/models/block/jellybean/blue_concrete.json	103	80d4c71300313f46d65e905e1c65cbada9e1cdd77cc2e62c677e668d07e6ed67
assets/chisel/models/block/jellybean/bricks.json	96	c9a0730ebe0a54d24ddaf0805f295de32863ce91764a6147dcbab7fc5e5d68da
assets/chisel/models/block/jellybean/brown_concrete.json	104	da81052e6258fc301abb241e4ac0a94057fbbd476ef8a4abadede36254f62b76
assets/chisel/models/block/jellybean/coal_block.json	100	87f39b4fcfa3f85bc8c5152a03e46026dfd96e47611cde5d2e9304a303077f40
assets/chisel/models/block/jellybean/cobblestone.json	101	d9b42ffa4029fadbe74b326737e63ba0008c19ec393ce0b34e3e84e910555fe9
assets/chisel/models/block/jellybean/cyan_concrete.json	103	62634b4aa06ca49f2f99e393575e71a332e64a324df742c198f93e59fc967446
assets/chisel/models/block/jellybean/deepslate.json	99	461213706851aaf6c8ec6633b2b30d0bee1910eca746b5f137f6032963735516
assets/chisel/models/block/jellybean/diorite.json	97	6778c7195bb95f41bb266806ba6b63b6da29aea6c721ac5c0b1df68b118ffeff
assets/chisel/models/block/jellybean/end_stone.json	99	3545b136eebed3b81f8a810b654b53c81f4462f52e14fb447d683b29f4bf766d
assets/chisel/models/block/jellybean/glowstone.json	99	7e334352d407c751ab2c621977e3eb35320559306bcd45fc1a3a2b01ce4addbc
assets/chisel/models/block/jellybean/granite.json	97	4442027d0c058d81fe9d9137559be497603f5dea41e121f6963be345ca7307a2
assets/chisel/models/block/jellybean/gray_concrete.json	103	f729bbec8ebe9db9417ca4eadd6b402370e7054cf261cfa558c5e3c1b59f49d1
assets/chisel/models/block/jellybean/green_concrete.json	104	482fe106cd6ac414665209701f78c394b94bf3540bf2be1b6a3f1647f800cdf6
assets/chisel/models/block/jellybean/ice.json	93	8cd7738f14389bd6c285f99524b16b8193d06b32b83af4b9381ffd1a5405ce96
assets/chisel/models/block/jellybean/light_blue_concrete.json	109	803e7409f92289e78345f363995fbe7acc144c97ca9a0fcbcf05c8a05617a4b8
assets/chisel/models/block/jellybean/light_gray_concrete.json	109	66071f30a51ec732534af9a5b89053b422b30c815e8fdbd48c6ebcf6db04a9a1
assets/chisel/models/block/jellybean/lime_concrete.json	103	357499d19f6a68d140b14d0c2d53c95fe8c4d3569f4b097734206afdf762e41d
assets/chisel/models/block/jellybean/magenta_concrete.json	106	8956dab822760b04d21a4cf714c4c3656aac5499917c48d67f28d6c319917f00
assets/chisel/models/block/jellybean/orange_concrete.json	105	2d28bf6c0dd4aae2a6430ddc9c9210712fe7f8b6acc9c603b3be6a1229efc787
assets/chisel/models/block/jellybean/pink_concrete.json	103	cb96e748c5fe36856085f5984ded856ebf288c22e6d5ff9c5fcb20a2dd620669
assets/chisel/models/block/jellybean/prismarine.json	100	b732105ff59c65577e498076fab7caa74437bda7e2f84f2d8faf2992d2873282
assets/chisel/models/block/jellybean/purple_concrete.json	105	86c559c1a480a6e16937826b8409b4080df6a414d4a947728f0890d47b78ad95
assets/chisel/models/block/jellybean/purpur.json	96	337c1f051c031d1d3a629c803c0d26608635ce0d785efc1d67a59ade6ada130e
assets/chisel/models/block/jellybean/quartz.json	96	20fc970ab6ab4862e1d1c561122ca107533786886a96a5314721797c66018ef8
assets/chisel/models/block/jellybean/red_concrete.json	102	1afef9883b9a5451b849da49afd1947344fb97a97f4cf3d289cb86c3907d6afc
assets/chisel/models/block/jellybean/red_sandstone.json	103	a5a892b2bc4335c6ae2998669f39ebba686a4357fad74e29a3355dce64cae54e
assets/chisel/models/block/jellybean/redstone_block.json	104	e3241208e2b8ed2c9b331884f12919b0f090ff5864df378d4786c98c8d6408ae
assets/chisel/models/block/jellybean/sandstone.json	99	6b0241bd62fe835af04d10e98bc325be23efac0898a3b3cd279a0b99e48c1620
assets/chisel/models/block/jellybean/stone.json	95	f2284e3651b14a7012cca87cc33435bb9eace0e64ac2a5c5ddde1ac2b28a1af8
assets/chisel/models/block/jellybean/white_concrete.json	104	6302ef5b36cce1e13b5ab4603d1a21e0f92c70c608bfab1c869a66fdbaa517d4
assets/chisel/models/block/jellybean/yellow_concrete.json	105	dadb720088457b44b365e575829962ac2a8d2769682a398d61050fe0c3e67865
assets/chisel/models/block/large/acacia_planks.json	99	a5dba393dff449ba9e7716fea48b0d89ebf0f0a99fc826280eb086b40ab87b24
assets/chisel/models/block/large/birch_planks.json	98	2b68de641df7b394a2370b0cb0388155686b0fb84d7ca8ee6a609779a5e98045
assets/chisel/models/block/large/crimson_planks.json	100	9f08d7f04b9b203474d47d35c24bb2d9741e2d7ed38a5bdec8fe59f2ec840922
assets/chisel/models/block/large/dark_oak_planks.json	101	7343d4498b2db06e176d2d4f20d201aeb2349eec416bf16fa2871665eb8ec573
assets/chisel/models/block/large/jungle_planks.json	99	330e7febe117ab1a6b5f39082f980ea876a5e6f30f0a2bef7ff1cfef2ee0ab9b
assets/chisel/models/block/large/oak_planks.json	96	f0059795d423a3ef0b95e153f0297ea07a1fb1be33ef6d13b4353e1673702e33
assets/chisel/models/block/large/spruce_planks.json	99	28f664031689b0665da8d844b0ec48506ed41332c3984c907d92e8eeb3b7d206
assets/chisel/models/block/large_tile/andesite.json	99	01124bf6ec5f319fed3035934c27877b6379038abb0164e590b70d1fa8c16073
assets/chisel/models/block/large_tile/black_concrete.json	105	a061b9c271c2ebd18dc5a93a29d553e0eac6a8ad4f3b5da26b22442cb1d4336d
assets/chisel/models/block/large_tile/blue_concrete.json	104	c2666b6bb510f3fb1e2e99289423800fd00fa5543d0e6be0a9fa7e3d0415d22d
assets/chisel/models/block/large_tile/bricks.json	97	c53e5c115e208f8879bcb6f0b805e180e7042ef4dfc8f085c7a762a188283f67
assets/chisel/models/block/large_tile/brown_concrete.json	105	4b89d793dc343781491ae61e4cdfa0764710f552a2901e203047fb88a7d7904b
assets/chisel/models/block/large_tile/coal_block.json	101	d19e55f00c9d2df3265ec30e2eebb59223e29b62cd8856b254e05b338565e8e4
assets/chisel/models/block/large_tile/cobblestone.json	102	6ae00ccf784cb085c2a3bf0a6657517532d170d2012c94e98a252cace78cc1bb
assets/chisel/models/block/large_tile/cyan_concrete.json	104	f0ddfd4e66cadaa32d8e8e3c060694dd1809371cf5da3250c8fef1ec07570f5b
assets/chisel/models/block/large_tile/deepslate.json	100	9a23d4be96b50ccb109afb41ecaf88e902fc8f05a5f687a41732f28013beda71
assets/chisel/models/block/large_tile/diorite.json	98	24df3fe7cff4aa933c1e30817cb9b553d65126ca67772419d07a03006a16e092
assets/chisel/models/block/large_tile/end_stone.json	100	ff55f1d11f72f1070ed6693bd307f61c342db192364c09fade102124d6ae9ead
assets/chisel/models/block/large_tile/glowstone.json	100	623abc437c777167d82763ed800c411c37b42553112f4274678c73be0014d042
assets/chisel/models/block/large_tile/granite.json	98	1caf7aee47bb31ece9fe09333107e659477e21e845b4a6622917f66974bfda8a
assets/chisel/models/block/large_tile/gray_concrete.json	104	b83666ca3fa9fd761fb030906ea61a4d7bb4ff7c05c4dfc23d98af8550906593
assets/chisel/models/block/large_tile/green_concrete.json	105	62994ff3bcfeafe9d88653afdebd3b31667e1c3d49acbd00e62fe61732cb0e3a
assets/chisel/models/block/large_tile/ice.json	94	6c4cdab16618443bfb8725d3217e9865c6adff9291b182a7f5355b942de00ac4
assets/chisel/models/block/large_tile/light_blue_concrete.json	110	030e8880c63e44fdc2dcbac48114692c0987b5ad3f5240ac78e8e3fa6c036e33
assets/chisel/models/block/large_tile/light_gray_concrete.json	110	07101193d10e1de27e0240aa1cddad01f24b99ba1efe3b1f823bd85a316a458d
assets/chisel/models/block/large_tile/lime_concrete.json	104	b3db56a8b4b5f79bffc37b68a7e54d37d8434dbc94693e61ce23cc4d760bf509
assets/chisel/models/block/large_tile/magenta_concrete.json	107	5fd9bea2a11b10491bf0dfd1e1f69ed02989db2971983ba28d768c3e46b28774
assets/chisel/models/block/large_tile/orange_concrete.json	106	475aae655e277519d0c2c47b7bb8f9c10fda1620f03db53a703ecc5374ffa516
assets/chisel/models/block/large_tile/pink_concrete.json	104	2f416181a15b03e9cab0350c24378a8845bdb54619785e18327f85a8235a5cfe
assets/chisel/models/block/large_tile/prismarine.json	101	3d0c76863b1a53d78f7767b80fdb33773f743e55f2047247707f18a6cfaad3c4
assets/chisel/models/block/large_tile/purple_concrete.json	106	09c5dfc597d8a2cf0c57ef1bba6d00b96ed89a7242488e6e76d8a237e2611d9a
assets/chisel/models/block/large_tile/purpur.json	97	e6854d4ba2058f09345d620869431df4edd271e14f02199e209ef8c73d608284
assets/chisel/models/block/large_tile/quartz.json	97	756997748be866a8900c6cc3055e514e88181be6c42e4fc7a64c24526d021d3a
assets/chisel/models/block/large_tile/red_concrete.json	103	436f52574c4dc7a9f8d71af948bc3adcb851de5dfebfb439bb75d4d6a6005e11
assets/chisel/models/block/large_tile/red_sandstone.json	104	ab97c577f981f648e2ba3b8ef68dcc65071fd91bfc1aa9f42d534ac964db8cf8
assets/chisel/models/block/large_tile/redstone_block.json	105	1b8863b17e37d10ab6f26e5c99a94605f866580bbd9b0131b92d8b7667a0c89c
assets/chisel/models/block/large_tile/sandstone.json	100	c732c494ae2091b977a9cc7bb17bdd89b60853cb6abd338a1b20cc4c7d211051
assets/chisel/models/block/large_tile/stone.json	96	f9bf4b2ee2c1d6c92f28bc05a276f68a51382eedcb3162d5d35aaca7750cca6d
assets/chisel/models/block/large_tile/white_concrete.json	105	73ba8a80fcf52ae588d8783e81de780d08c36917b2134728ac2389ffd210bcfb
assets/chisel/models/block/large_tile/yellow_concrete.json	106	e0b8e96c5bbad1570407c130ee88aaa4b511b924aa0c4f7cd69656b42c274230
assets/chisel/models/block/legacy/black_wool.json	97	e894420ce871f451db2f1fd7e26aa3b7b3c62a0d286b29738a99117718bc06ed
assets/chisel/models/block/legacy/blue_wool.json	96	e273a6fa75b47f884c240010fcb6d89aaec25873a989a2798895c132c575f4ce
assets/chisel/models/block/legacy/brown_wool.json	97	73a3dfe0c831a5ed8963d3f964ed3f89bb2c2941b47318e044809c0cb794b3db
assets/chisel/models/block/legacy/cyan_wool.json	96	9a5146f5b92a547fc43754c0b3967a58ab95506dae9970f1af2a6983ea0b9387
assets/chisel/models/block/legacy/gray_wool.json	96	b3e0a972fb15976c5f47ebe1b96f55299df40484bdd3e5c9d14d2afb4a565f65
assets/chisel/models/block/legacy/green_wool.json	97	229cdea537c5df90f657b8e16f7bef93118a3178d5c9b412b9041b9d3ff6f827
assets/chisel/models/block/legacy/light_blue_wool.json	102	e3889c89f03a93bab6a08ffde701bb00289cead87a1b2685f8d799aaa8da3e71
assets/chisel/models/block/legacy/light_gray_wool.json	102	90089b41b90e56578eea6ad834c7f1f8e6545674eca58bc845295cfef8e010b8
assets/chisel/models/block/legacy/lime_wool.json	96	852ca9e19e75077a63aee73cb4bf34a0ba2209196f00ea8ce13de536013c30fd
assets/chisel/models/block/legacy/magenta_wool.json	99	76492c25e1fece9381364cf2e85cc728afab0637a60bdceb8dd02ea9fceba8d9
assets/chisel/models/block/legacy/orange_wool.json	98	e41bccfb31924951e5e80c36debc41e988533f4c0e754fd8df6e9d292888eba4
assets/chisel/models/block/legacy/pink_wool.json	96	ae2c5d99f164d79827ea350167d243524a9568d999829fb0ee8a0273d339306f
assets/chisel/models/block/legacy/purple_wool.json	98	7b8a4c66671061d74ea5698c2215b52e909b0865d614099b60e3a485fa57ccea
assets/chisel/models/block/legacy/red_wool.json	95	ceddf98d1c962d4a0b48a24141f1b1e90a1876882f8eec251ba42bb5a5841588
assets/chisel/models/block/legacy/white_wool.json	97	145f8db49d31043a2ed8cbce31d1531bc360edd9df950860a537732585cfcebe
assets/chisel/models/block/legacy/yellow_wool.json	98	3c45ef708bed6cbb858685e72a86ded9e39c58f1f2207570d526b71bfa7db0bc
assets/chisel/models/block/light/glass.json	91	dcd863cd21ad6bcd69e1a3739b9493f962ce8b18fbd6d20e7e25c5dae0456908
assets/chisel/models/block/llama/black_wool.json	96	d2f02334acffa3f66e7111c2a787763bfb3a0008667ce248b6b2ac300ffb26fb
assets/chisel/models/block/llama/blue_wool.json	95	0dc5d05da52c266d9bf9f05b9fe47c81d7e86df92d4cbf8ed377955c1f6a1f19
assets/chisel/models/block/llama/brown_wool.json	96	d0a8d44122121090d70e691e19a31ab2c4f64efd3e076c549ec9713b42666709
assets/chisel/models/block/llama/cyan_wool.json	95	6319ea3e8b7b7d3fd3cb5918d9458194c61bb91e0db236a9e2335971b0bc06ad
assets/chisel/models/block/llama/gray_wool.json	95	79373822231c8eaf43993a94a20db47af4edfdcd3595f4c02ad38b9a4f56060c
assets/chisel/models/block/llama/green_wool.json	96	a7a5e997c7fb51175dde5a3888a4c05284bf64719a4e735fb54e6095ea56d023
assets/chisel/models/block/llama/light_blue_wool.json	101	6718aa33972aa8886e922360c936128376b59681196b1b75a197f4685dbf2eb9
assets/chisel/models/block/llama/light_gray_wool.json	101	b3f604c9372986a7265cfe412a377ba1282a37ef2489969b6a0cca44ebf0fcde
assets/chisel/models/block/llama/lime_wool.json	95	7a283c58dcbe5d6cc961c6187a2a6906a26bc45f8b76720b0e3f5744f0fb69e1
assets/chisel/models/block/llama/magenta_wool.json	98	f0ac426f3d5497f00e1eec4e6e77eeb08a1a8ec63e02b16f785188bff6418267
assets/chisel/models/block/llama/orange_wool.json	97	fd0953a7060ba6be227b1cbb3d714303b56ec94a5815cdb5c9b7108690504ff6
assets/chisel/models/block/llama/pink_wool.json	95	fbc56a78627908c88d0a68fc5590e0ffb28d4c7e70a1e9f1d9eabd43bc8ba5e0
assets/chisel/models/block/llama/purple_wool.json	97	b04e1e208c2aa1d47a47429f17666db1ae11fe230aa48fb4fe1796b38e5738ef
assets/chisel/models/block/llama/red_wool.json	94	c79d571fc080bb966d7b964559bf48b0ae2a2af82a1e3e56fb8d755fce9e9085
assets/chisel/models/block/llama/white_wool.json	96	207b97eeef1e4bffc8722be08f967ed15182055f5cd7f76c19b88c6e4423ca9c
assets/chisel/models/block/llama/yellow_wool.json	97	1cd73f6649a1447df7447cf9b940f1cf6624f387382747825d69f05104570dfd
assets/chisel/models/block/log_bordered/acacia_planks.json	106	9bead2be72aa3fe01a05d8ec30a3c51b74ff046a39cd478ee267982896e40117
assets/chisel/models/block/log_bordered/birch_planks.json	105	da56a08c63280cc358c4256463d7e64228c1aca11c6c82da089c5404125c17ee
assets/chisel/models/block/log_bordered/crimson_planks.json	107	ec86e0e493f6810f6e4a1eaa8d522611142cb6b8ce62c0225c2b105e54020919
assets/chisel/models/block/log_bordered/dark_oak_planks.json	108	bc3117c9098c72d0cb0eb896276e3e9ee9370f68d797df665823a2c80638e453
assets/chisel/models/block/log_bordered/jungle_planks.json	106	1828c3b62282d16430e6d869ade1542b2abd2aba1aaa8979f6178cee5e5e0732
assets/chisel/models/block/log_bordered/oak_planks.json	103	001f8a5c60ad5077f41b59c1a9fff343a00dccf9a8d09540fa21ce6900d2d63e
assets/chisel/models/block/log_bordered/spruce_planks.json	106	6ffafa087466a6f4ec795c8cd40134fdde6a505c69dcabd89711c919942bb9e1
assets/chisel/models/block/masonry/coal_block.json	98	f03bc4ca5550ff526f591b50e9dcf38cdc031b8b73f8467a4a89a6e2d42beeb3
assets/chisel/models/block/masonry/emerald_block.json	101	8731be0764e6e9558bc892403142130a0d27cd73bdfb297a6a66b7608669d79b
assets/chisel/models/block/masonry/lapis_block.json	99	7f09d03d342229e4c69dcb697fcd22738dfe22f37cb689f6ff343d97a7933d52
assets/chisel/models/block/mosaic/andesite.json	95	f383cbc5500303d02924077eee58b43d515e7b087dc93f106889469894338923
assets/chisel/models/block/mosaic/black_concrete.json	101	4e0ac24714508903f37b1175eda6566313d7c36a0227420e09fe679ccfca4489
assets/chisel/models/block/mosaic/blue_concrete.json	100	07eced6baecaa5919d067b0dcfdea72d9dbfe73a84927cd4a15c3d34013dff64
assets/chisel/models/block/mosaic/bricks.json	93	3118754ca6ff046c981834bc3de633822331c873d9ee7bffdafd932ea357be31
assets/chisel/models/block/mosaic/brown_concrete.json	101	199c9ffa17a1e0338fe5e9e0023fc16a4fb6d2395bfc0f4265f63c32a05da963
assets/chisel/models/block/mosaic/coal_block.json	97	8061aa68fb6d2df6d670f180eb5dcdb17efd9a4c7a56780b14f07573567f8f09
assets/chisel/models/block/mosaic/cobblestone.json	98	61ff28a9f05934161c642d818d8d0bda052030e6ab0ce740de44fcfc72107330
assets/chisel/models/block/mosaic/cyan_concrete.json	100	027ab9cf19c0583e6ec570acdfb006b07cc66da5886b5ebcd518a0fddc3a9ca5
assets/chisel/models/block/mosaic/deepslate.json	96	3f2a38fe26dd496158503967edf6da9b94d0d425ca8a764df94a5a61aadf6f85
assets/chisel/models/block/mosaic/diorite.json	94	45226d4ce506b406d497e18117bc6c653668324686a1357536276a5edb49f912
assets/chisel/models/block/mosaic/end_stone.json	96	4d20202d44930d36acec98266b7fe357bfc030e5f352e94df2995780f7ce11e0
assets/chisel/models/block/mosaic/glowstone.json	96	3052b4f7279170fc398e4f7e147ef6609265b57b8f817f8cbcabe28c91e1827f
assets/chisel/models/block/mosaic/granite.json	94	28b2d2f777c6a4d88a5aa17569b3a3b0134e54a37b092dbf5e8c3e0d801b1e88
assets/chisel/models/block/mosaic/gray_concrete.json	100	cd27143bc75a398a7150cbabd82b5058d988f395f1923caffea4d44c5c45d782
assets/chisel/models/block/mosaic/green_concrete.json	101	4d53287d70a15ab712513c28ecd05aeea22e24fdad4d2dd459ff4fba6c1bf6cc
assets/chisel/models/block/mosaic/ice.json	90	ff4e3e5745e1fbb65cc0716ad77572e16ed7c030481fbedbd30a8490fe51e505
assets/chisel/models/block/mosaic/light_blue_concrete.json	106	1ffd627577e9b28eea53ed2dc3a8a16b9811e56aa44f6e85864aba38d1d17059
assets/chisel/models/block/mosaic/light_gray_concrete.json	106	e504ded3bdeee12b82c176e53078345f4a5e5dbdc0935b067889756ee14d8a22
assets/chisel/models/block/mosaic/lime_concrete.json	100	176ef95750012030c9f90cabb12ee21fcf75a0751762e251abccfc46cc4a3f41
assets/chisel/models/block/mosaic/magenta_concrete.json	103	6ad607629b2a01be1268619c89cd84610d7200f92a99607ac0163fee4069b8d9
assets/chisel/models/block/mosaic/nether_brick.json	99	b4c52229b79198560bc4087d6534e89aa4d8ca4fa7d72250a6ebd28e44173cbd
assets/chisel/models/block/mosaic/orange_concrete.json	102	8cb6ae1dae89ebfde31a8ea4b12177ad6ea357ca1e040e63ae9f1ff4dac517bb
assets/chisel/models/block/mosaic/pink_concrete.json	100	04bf59b8ee5f74eacd51d94c37f83995307348413a5f59d97ea4068d2964d63e
assets/chisel/models/block/mosaic/prismarine.json	97	540c35a69b35903893df37b310d212882591e61c329e4772b3b845df87cd0ca9
assets/chisel/models/block/mosaic/purple_concrete.json	102	2907e63a77873f20255fd18f497f42fabe5ee4f77c5c6a3269f2bc677f4d9913
assets/chisel/models/block/mosaic/purpur.json	93	7ec6095372792e1b85185be5489b274e73ef4c1ff6472f59adbea08bd529757f
assets/chisel/models/block/mosaic/quartz.json	93	94ca693fe6c8bb48927f435b4f6fb4099053f20d209779a04b8e28ea6610d2a0
assets/chisel/models/block/mosaic/red_concrete.json	99	e44e3e34ef9c61c4a0a5fb968d6af87acb7f0998626c68c6e07c547589305dc2
assets/chisel/models/block/mosaic/red_sandstone.json	100	9eca7d1b8657fce4d5b7a75b839d93882fab720a794a38302bf9803d1d0cb236
assets/chisel/models/block/mosaic/redstone_block.json	101	fd58867279002e45095e4743456f8c7fe59e88f501890107ddd94718ca82d501
assets/chisel/models/block/mosaic/sandstone.json	96	d53755dc15ecc9ac4b3f8e5952e97c3c92ab69af137bb3e21814bd15b672bcc5
assets/chisel/models/block/mosaic/stone.json	92	5d1b7219b4c24d3203b0ea97a60aa87d45f6e3a841c87a8821a6d2aa457cfb0c
assets/chisel/models/block/mosaic/white_concrete.json	101	b65b927e8c7cd1a89b457693a1656f9897cb283989c5978536550f797d281dd9
assets/chisel/models/block/mosaic/yellow_concrete.json	102	53ba892184df0b714654bca465761b6e155ddf5b7b966765904dc505e81bf184
assets/chisel/models/block/noborder/glass.json	94	7bc399ad95fd6857460f8c726fbc464eb9f35950e45ebe9f6898a3bdb9fe2207
assets/chisel/models/block/ornatesteel/glass.json	97	d519d05a1a716f756cf1994deb154ab23f3ff03940c95fd2e7976d65a42ec53b
assets/chisel/models/block/paneling/acacia_planks.json	102	23dd627f98ef9059183719b123a6270300ac7824caec63b5910426e7aba31d15
assets/chisel/models/block/paneling/birch_planks.json	101	3b64f36d0db679667308b58647d5d3ebc96c3832564bc64bc5fed219dd69ab36
assets/chisel/models/block/paneling/crimson_planks.json	103	a52a1866660f16da62d16f4f3fe325e4b861ca658ea58090dca67e4ff0dac43c
assets/chisel/models/block/paneling/dark_oak_planks.json	104	ac04aebbc414e50a0603f1a00d086cdb28614f971171bbe3581c5319b42a5ac7
assets/chisel/models/block/paneling/jungle_planks.json	102	9e8573a3fa221df0038df0e8b958aeda9067a4bbe2a2338d773c2f4dfd5be2ad
assets/chisel/models/block/paneling/oak_planks.json	99	c4d68fee82c6dc230eafc03faf368dafbe835fa02a16e276fca2cbb7d43ba105
assets/chisel/models/block/paneling/spruce_planks.json	102	3340979240c9ad693528d06b03f6fb7dec138d33ec6aad1ccccb2d139664b8c0
assets/chisel/models/block/reinforced/dirt.json	95	90f1f6687fb3be40d695c3bf4795f1b0dc6b25010f565a57c7d8e0a11e4ecb59
assets/chisel/models/block/reinforcedcobble/dirt.json	101	e3ff112a9e42bccffaa1622573fc1d17d7651c342f3ffd069ddc3264b3a92fb4
assets/chisel/models/block/shale/glass.json	91	5d69a74b94c7c0e003702bdbdb78e2f993258451c62f018e21bdfa4c7a6fe9ff
assets/chisel/models/block/shipping_crate/acacia_planks.json	108	5bc637449eb97b43b1eb79f1c349ba1d636c05ee94fe2a738f73d1d56461cfad
assets/chisel/models/block/shipping_crate/birch_planks.json	107	143e4993e4fb9b0978a5a36cbc1a544b26a5f6523b6d83d47097d9a459e998e1
assets/chisel/models/block/shipping_crate/crimson_planks.json	109	f103070e6bcda588297c3473983a459de39b63f262f25caff593c2348c14fa06
assets/chisel/models/block/shipping_crate/dark_oak_planks.json	110	a79b32dc0ae3f9c8fd7b98715b2236aaa8dfa6b73282be7f9eece971730bcb3a
assets/chisel/models/block/shipping_crate/jungle_planks.json	108	56f0780953be3c220237d110c505c2b32d5c1444de426b4d4b76aa2fdf832439
assets/chisel/models/block/shipping_crate/oak_planks.json	105	3c5a3a6c3de2c6623a9f554433ef5c9d9435a724c82753128913c10a34e28620
assets/chisel/models/block/shipping_crate/spruce_planks.json	108	1912f2adf2d15e0d50512ebe187c24b3558a6f8ae8a08c7a6078644e50d851dd
assets/chisel/models/block/slant/andesite.json	94	23ddd92f0456588351a1135a9722ec89d72a62e2751244feb3841a60d2e08eb5
assets/chisel/models/block/slant/black_concrete.json	100	cf2fa6a92b4cec569f5cad6a969a3118aae8bb1754b9b88f7072903e7e3d5662
assets/chisel/models/block/slant/blue_concrete.json	99	c3ed2c83d2bfffe9f818162ab5e966fa5163bbe8d2603e1606f9384e7ca53f6f
assets/chisel/models/block/slant/bricks.json	92	ad943ce2343bf27382fe420e094dd6c967dca6ced4f7a13f1d1d69244a83d40f
assets/chisel/models/block/slant/brown_concrete.json	100	066b76032c5b56efeeb1213907ce8107ef86748382684f211fa506400d636e0b
assets/chisel/models/block/slant/coal_block.json	96	43ce9c3c25fbbbdefc5931b7b6654846d92622c9a6977ac0a0ff4c1a4b48e941
assets/chisel/models/block/slant/cobblestone.json	97	d4e91ec3093c7e875eefcc8514cdd21d98240a765ea35738cbaa9667dac48edf
assets/chisel/models/block/slant/cyan_concrete.json	99	26c5045e4fd207a466b8be3cb7765b07ab97e8c14fba1f057154f934668ffacc
assets/chisel/models/block/slant/deepslate.json	95	0a6a2ac95106840f2a2a150af116360263166340bb81ec0f82c13e9261e56167
assets/chisel/models/block/slant/diorite.json	93	45722d62c119ffb2e690708365bba3d18a7bacc6a22ef87ee187a2a4546e76ad
assets/chisel/models/block/slant/end_stone.json	95	331045fdf53558e819ba59a9225f758a7c9104ee0adfee8b200388faa3d527fa
assets/chisel/models/block/slant/glowstone.json	95	0aee7081216f9414c3889c466953d8598732e0aed87d517b56b1b56abfed82f4
assets/chisel/models/block/slant/granite.json	93	01bbb25496e56356b11c47fb42098ec82a298a10e6c2eec64d9d30aacdc9128b
assets/chisel/models/block/slant/gray_concrete.json	99	c5396b9a9509e0631d7bd220311e3f5849057c87e55fbc55a35eb17df05a56fb
assets/chisel/models/block/slant/green_concrete.json	100	b519cc7a78c51915e2507aebcf1a55435b4deaca9c6d544c9d39c1f85eeb165d
assets/chisel/models/block/slant/ice.json	89	113436d4c06c70353ef74e064447b7ad47054db7d90b30690775a72f3a9ba46f
assets/chisel/models/block/slant/light_blue_concrete.json	105	21798f3cef7615440017b2707f62379175dd4b9eb57a83d10682def284662e9a
assets/chisel/models/block/slant/light_gray_concrete.json	105	0645ccefad3d489df9b7560b02242e3625e601921efa96781bc3955bb20e4498
assets/chisel/models/block/slant/lime_concrete.json	99	e75e4626c885cacba795c863b3baba96e2e0da11cc25baacc798a9863539acec
assets/chisel/models/block/slant/magenta_concrete.json	102	d6798ef39a1ea1a2f712c816c773b4d5b372102605390c6952e135cf6d53f84f
assets/chisel/models/block/slant/nether_brick.json	98	6ce3ffdae96de3d9d9c2486754379de5962039fad1154ff0e323534ef639bb7b
assets/chisel/models/block/slant/orange_concrete.json	101	cbca12a5a5f4120bfe98caf61cac1dce42b51379216be59e2482398f4f103697
assets/chisel/models/block/slant/pink_concrete.json	99	83446af4990b718baaf4d9dc31b9b5d34983701407468346e33303baca93f7e4
assets/chisel/models/block/slant/prismarine.json	96	0d4de51425311ac1afa0810b2696208c5011095cb99d837b028cb1bff6ce6ee6
assets/chisel/models/block/slant/purple_concrete.json	101	9e92ce71b197dd428be4e9c71209afa26305d7ffc0aef12f73206d4d703a4ddf
assets/chisel/models/block/slant/purpur.json	92	5ac9ccd78e2ddaf76a2a33af4a53a053525ae3520c236710755671058dae5fd3
assets/chisel/models/block/slant/quartz.json	92	cdc1f7f3f8cdda86ae9098b61922b5d80ecf0518fecfe006766f616bb7166f72
assets/chisel/models/block/slant/red_concrete.json	98	f82efb9fd47c8f1f09c6177730038083903e89badff3d81e5ae105149b7faf13
assets/chisel/models/block/slant/red_sandstone.json	99	bbfbd1caa152579699dd8af8db2d2748993b55055a9a0acb504433338c4b7884
assets/chisel/models/block/slant/redstone_block.json	100	f607eae8ddd6c6ae18659f380c973913602b216ba2ee430b1776c86e5204ac63
assets/chisel/models/block/slant/sandstone.json	95	6c0aabcbfab5efa5e2d421a8324126a2b16e5e77cc39d7dccec1ec942c1846c0
assets/chisel/models/block/slant/stone.json	91	d701e9aa9607d4fca1920edb80d1ccaf40fa02bbc73a699b8fa4907bd4043eb0
assets/chisel/models/block/slant/white_concrete.json	100	d622398dc0d924ded9276b0ff2a53cce4336a1f7e1c9deebdb5948055798b8da
assets/chisel/models/block/slant/yellow_concrete.json	101	97bd8ca4ac988e37b20d226f1db3f8ed3c95239e6f1e860fa776bcb312e820d3
assets/chisel/models/block/smooth/acacia_planks.json	100	cdf7cc30b230153c6ae91d23896b7046d30ee37b5c17e07915d6034493ef5207
assets/chisel/models/block/smooth/birch_planks.json	99	334a37d69239d1d0200b414ef4edc65f3653ab0b71dc3ba24808f8703d668574
assets/chisel/models/block/smooth/crimson_planks.json	101	368cb31236d4b5a99fe40384c0cf69cb13dbdf06e302e9c85e0ecbb45734e030
assets/chisel/models/block/smooth/dark_oak_planks.json	102	f067f15a49e8f3d9997bab7b7b74e5328c94d2d276b6536b51f92f5553005078
assets/chisel/models/block/smooth/jungle_planks.json	100	365c99dc300246742aea8d4898e86a32d5f059689224ba3ef805b25b121cb6ad
assets/chisel/models/block/smooth/oak_planks.json	97	f23911bbee2671dc4cba7efc7376f3a99e2f1db74f4b85300855ab792c3a56b3
assets/chisel/models/block/smooth/spruce_planks.json	100	47b8dbb48c0829b884c4e5cae195a3077cc2120862e85ce4ce98ef3d768c8755
assets/chisel/models/block/steelframe/glass.json	96	24f6e6608db20fb6ccc001718065474ab0af50f342666ff1cf9ebe0c5dff9773
assets/chisel/models/block/stone/glass.json	91	45a3f4b6959c13d10d13ec3ff1efb3471bdbb390e3b749aaa3482751e8631c97
assets/chisel/models/block/sunken/deepslate.json	96	83e2d899d9b1ac060a27f8f4353e0b8e8af6bbb24fecde50a5c2dfef0a5c0a09
assets/chisel/models/block/sunken/stone.json	92	42ab7ac41dfe653513851af467568e097c71affd0c71ed96ffda16c7f9f72590
assets/chisel/models/block/weaver/andesite.json	95	2f873c67a30beb61307745955cab13a109193545b055cabc502af0af559ce1a6
assets/chisel/models/block/weaver/black_concrete.json	101	c74d95d3a13e6f2a7f056de30f87f4ed75eb48aa5cd04c6b7d55f7b2b6d66898
assets/chisel/models/block/weaver/blue_concrete.json	100	20eccf834eabe1e3f41fd29a81ec1b765ce428198cf67a2c692bf0ea132d4e9c
assets/chisel/models/block/weaver/bricks.json	93	c4be28ee56552e01acd693fa09091aa44835675cdeb93b585376faff1b3cded5
assets/chisel/models/block/weaver/brown_concrete.json	101	99a7d40015a95c69e60687df7d4ee65a8200b8172c218a246d6690631bc06f9a
assets/chisel/models/block/weaver/coal_block.json	97	9c33673cf51264ccea380348f715304e132ecbda46b707761f6abf634e374881
assets/chisel/models/block/weaver/cobblestone.json	98	ce218fabd686a5e28f5656937f1a2ca57c590f15ff382f6dcd192b9e6860aaa8
assets/chisel/models/block/weaver/cyan_concrete.json	100	c5b021fe5ff4aad35152377cba2beeff7b719916f1602ecbbb6085d465ccfc0f
assets/chisel/models/block/weaver/deepslate.json	96	f244471026fd4b561f5e6f630ee14afedbf3981b2dd66f18ac1979a36629190a
assets/chisel/models/block/weaver/diorite.json	94	838002479312fba788c3f849ef81d3fa1031584715480da61588cebe6307a045
assets/chisel/models/block/weaver/end_stone.json	96	d029a8fc7058b293730bb4b40402b0a0d5620f92db68111ccf8d5a7fd358b4e1
assets/chisel/models/block/weaver/granite.json	94	49f8f1ecefa911c0131ee2b98998d96592b008f5fe9901c766a3231cf335c786
assets/chisel/models/block/weaver/gray_concrete.json	100	a3a8ff90e9c6fddcb7c2e1d7f0db8af9e524e0c8196442458ac40e9f7ec02d0b
assets/chisel/models/block/weaver/green_concrete.json	101	aa0fa23369949b2ef3742c02441c4b819948df06420a335b98c153311092fc9e
assets/chisel/models/block/weaver/ice.json	90	ca3f99e4f29cf685449f1dfcc38b6e990710ff776f9afc5756f6988229b5f287
assets/chisel/models/block/weaver/light_blue_concrete.json	106	b5ec1787699300f4151799c451309cdeed063814bff8c87cf0bb443524559451
assets/chisel/models/block/weaver/light_gray_concrete.json	106	c89c79db8c1bc70a57adac80638019194296041d0a41f8dadba562592e614549
assets/chisel/models/block/weaver/lime_concrete.json	100	4bea83f7aaa00454e7cbbf90e4600ca0d9b61bcab958965bcf2839769f270150
assets/chisel/models/block/weaver/magenta_concrete.json	103	830d6131e73f887dc0d9fb68ed3333ef522a1757d554ef3620878b678738f8b0
assets/chisel/models/block/weaver/orange_concrete.json	102	63a54e6225b31aa601f72f84ab0f409a89d0e12a26fbca505dd4df33ce30c818
assets/chisel/models/block/weaver/pink_concrete.json	100	ae2fadcdf400cd640f36c644d27260e56bb45653caaba3fd47af18aef5d5387b
assets/chisel/models/block/weaver/prismarine.json	97	2e09c2df20cb2eaa04f8210c052046a3816d4e4b41edb0e95ec80df6040e1b65
assets/chisel/models/block/weaver/purple_concrete.json	102	15966dab9590a58ce71a3e4f9403c72e3b8ecc2c6c0c76172f68702ab9fddce0
assets/chisel/models/block/weaver/purpur.json	93	90df00e9f20774348d88e9f49c689bc395f66145556cb7e546d23b1a17343926
assets/chisel/models/block/weaver/quartz.json	93	f04de1bf58b9e0e51b33d2bd5f011e1eff67884052fab707e4673421109e3771
assets/chisel/models/block/weaver/red_concrete.json	99	7d71561497f49e44ebd5e63bf15c76630821c92b669212637717e097036db76d
assets/chisel/models/block/weaver/red_sandstone.json	100	7922c9731d29abda91a71b50565adc8c0b1d64eb0a1acfa2b92a02a3ba9823cc
assets/chisel/models/block/weaver/sandstone.json	96	43f60a9aa7d80184a39b2982e1d0a818d1b73a01de1111bbc026cb74f0b07e91
assets/chisel/models/block/weaver/stone.json	92	6a04cdb9b277765c93043c5a1bd54e40bd687c5c7602f5ab44205b4860759e7f
assets/chisel/models/block/weaver/white_concrete.json	101	06bb81538602268313dd3d1c90225969d8b345915f9c35bd96544700b1245195
assets/chisel/models/block/weaver/yellow_concrete.json	102	562e3baec239581d87cd5cdb18dfc5544064a37862cdf12e8d878de6fb023830
assets/chisel/models/block/zag/andesite.json	92	c680b701ff0f1905509b3cade533209efdff6be63558b9a610bac6235d675ca5
assets/chisel/models/block/zag/black_concrete.json	98	dbbeae89c5ea325068436c67cb0a138a3132ce39843433af3706f78dfa1749ff
assets/chisel/models/block/zag/blue_concrete.json	97	7222083ef82dc2ff20ce8cd9a8c83eb2caf0e70841f5ad8d5a2a8c36fb17247d
assets/chisel/models/block/zag/bricks.json	90	22e8156b7875f2cd7170058b7ade2941e1ed77efde3ddb3e211946684e2c53ed
assets/chisel/models/block/zag/brown_concrete.json	98	657c1e9e852ce1038dcae58ebf80e80b9c599183d06cbf1500738cabf14cff43
assets/chisel/models/block/zag/coal_block.json	94	8abe8144b47d91680946dc842a55e02469ef6773c5fd60d27cbdc3f8051ca303
assets/chisel/models/block/zag/cobblestone.json	95	5a8e19c565c7d69f49e7b9d19d5c44f19dd397ba2276cda50e8081e4f4e31dbb
assets/chisel/models/block/zag/cyan_concrete.json	97	bff122ddf515f47b0174ec409d0551e9febd06f8b43e9a29f59a34775bab36bb
assets/chisel/models/block/zag/deepslate.json	93	0adfe5a94da166ca97434b1bea869de661f6fec15a814b8d088ba8d081c5feac
assets/chisel/models/block/zag/diorite.json	91	3f0f03e0593067d35bd7e767fdf51bb61649cff189d9007ceb5c613a93d027f5
assets/chisel/models/block/zag/end_stone.json	93	db0dfc8d67f88e38a5f9938772121d413b429017ae60f123ee33f8a8e64eebb5
assets/chisel/models/block/zag/granite.json	91	74c3b3004a50b79164d9c3b10fb67ea869d202e1063194c1361838cc086a2b3d
assets/chisel/models/block/zag/gray_concrete.json	97	d9a9e76e0df1dbd075373120eccc1f0c712d56ccf094f686fd3928d2b6bbf202
assets/chisel/models/block/zag/green_concrete.json	98	2a1dbca11ac4f22e0ed716f3d18146d89e57bafa5031a69aa81318bf9d02c456
assets/chisel/models/block/zag/ice.json	87	d45bf3269d9af179fa6b04214194e76323663b94244673c37e4efbb6b893153c
assets/chisel/models/block/zag/light_blue_concrete.json	103	87b8b41c9aecf05a46bdf3075a675ada776379b4bc1a629de39bacaf67e974c5
assets/chisel/models/block/zag/light_gray_concrete.json	103	fd2edcbf4397b52c1779b907219a5cd9381a6423a2c253d31a959060d6be7ea9
assets/chisel/models/block/zag/lime_concrete.json	97	981bd6234ac380176b39ebd44881914e256be2e08377654de69d7847056282df
assets/chisel/models/block/zag/magenta_concrete.json	100	c6e633017e800c64f259b6d0413bcc1a560110805a847a8f9f185fc655b1a45c
assets/chisel/models/block/zag/orange_concrete.json	99	6f131a9b2896e5513347be9489322a7bcb6fbd39fa1de3d5df48cc7c7bf73934
assets/chisel/models/block/zag/pink_concrete.json	97	34d4952b1598f6f84f81302a4d6d320cf141a2cc12103d32caeb3d0fd13339cf
assets/chisel/models/block/zag/prismarine.json	94	caa95a5c01700315153c499025d6b814073e0d3d9fdea22702abc78861c726c7
assets/chisel/models/block/zag/purple_concrete.json	99	8fa407de6bebee41522e6583d92bac1559fafe6126cabc5aefca54515f7a182e
assets/chisel/models/block/zag/purpur.json	90	36439d3935d837b5f3e008ca926e1f866f4d967d7d62c5e55ee883c30ece3041
assets/chisel/models/block/zag/quartz.json	90	c35d1a48f490214b852f9013823b0ad0b489cd111b5c8d440f0c58f639a146c1
assets/chisel/models/block/zag/red_concrete.json	96	ec50e206186d5d4b01ad41cc56344e5ca1db2b0e42392415ecbfefbd3a654285
assets/chisel/models/block/zag/red_sandstone.json	97	ac33b07718cb67bee27ef6c796ba1c8055cef307f5404bf4399b0b57aa880fa2
assets/chisel/models/block/zag/sandstone.json	93	8b1f8b9ffe383bd64fc73552f98e45477dc81c06a5f3e0b4fc8c72c7265bf9a9
assets/chisel/models/block/zag/stone.json	89	255da9bf08b41106412dffd982d9676522f53cbe3e68033fa610d43437340852
assets/chisel/models/block/zag/white_concrete.json	98	bb7788b3eddf2dc1ef15b9da3961fa1e2bc2ee5836affbc3031bcc2f5f146e63
assets/chisel/models/block/zag/yellow_concrete.json	99	53d15a68c53ad7c13cb3b851760b000f786b1b5405732c4f46ebfbde993c9ea0
assets/chisel/textures/block/array/andesite.png	1028	8cbc5ba9f72077d6fcfcb561444e735c74f9574ba1a88b60ba271fbce646a6bb
assets/chisel/textures/block/array/black_concrete.png	234	e5b1727770d13f17d0da23adbf69757fb6387a13b10743c87babd3d3cd3aa0f8
assets/chisel/textures/block/array/blue_concrete.png	264	7e7c092ef6c945777ea6c2136cd1dbd6e9314963d73f49481a159e19baee2b0a
assets/chisel/textures/block/array/bricks.png	1017	466ae1a717b38c0bd10691bbf1bfed480fb0e1a4354aafc7557502a0672e727b
assets/chisel/textures/block/array/brown_concrete.png	267	1c0f4fb3afcdd033d7851bcf1224fb2696377fd4af1d5630e7881ac64365136e
assets/chisel/textures/block/array/coal_block.png	249	83fc88b44af3d8221505bb37e91c692050bc427af025fbb31dd6f85cba5964cf
assets/chisel/textures/block/array/cobblestone.png	272	74589ae9e12292d35346b22e204dab976b7e50d208fb5f21e191fb39649e60b5
assets/chisel/textures/block/array/cyan_concrete.png	269	1cf0e1ef96b7ab132773d6babfca60792142672b7a472d6ee60558478e1650a5
assets/chisel/textures/block/array/deepslate.png	229	4ec65104feb352947c4168a3a13e753c2ecdd45e6f9198bac1b7927ab273e643
assets/chisel/textures/block/array/diorite.png	272	6526b87e35700171896a2ad2f61b8df731115dd14b4df2690173acf075c7f2cb
assets/chisel/textures/block/array/end_stone.png	252	5730fd128e4eb433b8603ed1b538ad4530e4ec89b4c0c27d77a498e6531d8f15
assets/chisel/textures/block/array/glowstone.png	202	a0568138cd52682d2f2eeed3189f342855193626edc4519e798d0572f2f725eb
assets/chisel/textures/block/array/granite.png	1006	78a154f15f64ada3c6dcb300bb9c0f6f82ed4c572b6d5d017a9dc4a44eb4e9e0
assets/chisel/textures/block/array/gray_concrete.png	269	1e56248e7178a24f0fbe9d1138ac0716fcef054b0470e3c5c392aa73360454cc
assets/chisel/textures/block/array/green_concrete.png	266	a62fceb1157686242af2fe51a4be8371dd4b6146a00a0e3be53fa4341c14bd05
assets/chisel/textures/block/array/ice.png	1070	504bf074ec25cbab1e867fb161bd5d245833fd077a2f195f21e760402ba2a5bb
assets/chisel/textures/block/array/light_blue_concrete.png	262	04a8732453a5fe2bc537dfc2f24f7b244661b428d3414a4e1c4f81976b236e85
assets/chisel/textures/block/array/light_gray_concrete.png	264	3c3f79f03df0086c4cb1643e43b3514c03ec17c1a9332ae5d80441944b1bce26
assets/chisel/textures/block/array/lime_concrete.png	272	126ebd9a83eb27ccc79023bf1f6b403484d14a2e8ed685186f1ba4e64ee193b0
assets/chisel/textures/block/array/magenta_concrete.png	270	24f63785a5e711f302b61dd5ad01a4a0a4741cade8c62c2d9552b60acbfb7c6e
assets/chisel/textures/block/array/orange_concrete.png	254	8008d70dbc631a73e56e29bc5110e5c517efbc3802ee22252436e2054f80c392
assets/chisel/textures/block/array/pink_concrete.png	270	f23c75b23e3f969795069168ceea22673c37fca6f1b30d49eb4b416c3cb976b1
assets/chisel/textures/block/array/prismarine.png	1045	535932d5ad254664c67b1af45cac5153938d1e264eef8c05221fd7103850e3a3
assets/chisel/textures/block/array/purple_concrete.png	260	8a279a047703536dd3ca4ae554267b03090ef040ff54fef83dd27da51a597e5f
assets/chisel/textures/block/array/purpur.png	272	a1c1a58510ced90196ed6a3e0be6d29b0ed97d69105e36ecf3ac9a803149a8c7
assets/chisel/textures/block/array/quartz.png	234	9894ce3efaad6c42ddb5d772ea3b0169c130bd6bd9ec8faac9f849bdcd27cce6
assets/chisel/textures/block/array/red_concrete.png	260	b967fbefb0a13ffe0318053d976f695dcbca96340e722c67bd1f26cd3a8eb152
assets/chisel/textures/block/array/red_sandstone.png	1007	d20cc7b7e67b0457beb437cc0d8ad1d0a0dd2fcd4b87095bb989ace7620cb2f2
assets/chisel/textures/block/array/redstone_block.png	984	14497a615fee77160a0c36e9ed29a42154999f35e3e19d4187f091eafe13bca2
assets/chisel/textures/block/array/sandstone.png	989	0e9d488fa1f8a6bbf65f1fb08e623929f8a7c1cd88ebb8bcfff1345bbb4cd6bf
assets/chisel/textures/block/array/stone.png	272	361bb03970983bafcd0759c1323361384c77af82525c718162e5a8b946cd7d3b
assets/chisel/textures/block/array/white_concrete.png	270	e4ee6bd775e7aaffd334974ba386a45727d5618603d51a475b93ed8a12ba6151
assets/chisel/textures/block/array/yellow_concrete.png	265	510acacc0be5a8615b0b4e2fdd18b0c93d7d4118ad1c47fb56ba72d18fdde174
assets/chisel/textures/block/braid/acacia_planks.png	642	baab249cfb28ead5fd6cbe6259919164b12a6caef146e430e56b1f9e075c0ec0
assets/chisel/textures/block/braid/birch_planks.png	644	2702a7af41a4864a956b0e2682be34b4595b38416ddf7ed780d416c333a9d9b8
assets/chisel/textures/block/braid/crimson_planks.png	633	7048ba8e5172c6736bbc1ad263f1192e323eb83be54f32eae44a74651f932966
assets/chisel/textures/block/braid/dark_oak_planks.png	594	fcba61dd9c135f9d19496201d3a4f8aaa707610f5c83ebd5ea798847e4c1d567
assets/chisel/textures/block/braid/jungle_planks.png	662	2d97927945d649b3618dd53002af822d13e9d45f69842983d9ca0a45587a91c6
assets/chisel/textures/block/braid/oak_planks.png	665	9f7232e9e2a709793d7a034b61064d9cae5920b8878a69ef0d6a7123e423d540
assets/chisel/textures/block/braid/spruce_planks.png	630	a7f54fd32f9049f1bda12ca13f61663e31c0de73cd0fd4f81d130b9d6e3dc547
assets/chisel/textures/block/bubble/glass.png	336	670763159fd9803b039327e578d330bc1538129e83ab5d0eae1f7cbae83ab2c1
assets/chisel/textures/block/cells/diamond_block.png	399	1318eb957a11c71a137b19466de903c864f3dd3f2446ba01ec1c69f13629cafc
assets/chisel/textures/block/chrono/glass.png	195	182e6d99b6c4e6a2cc66700d5caef3e79a76c0b5d69f6189b6ab161d731d6d70
assets/chisel/textures/block/circular/andesite.png	332	a68c62d0fac7429f85522a2090f01da89ad98cf75af4c6e8dc79adeb4940aa24
assets/chisel/textures/block/circular/black_concrete.png	201	3ea21f6f73fb2b85cb1f559ec19ee31fed01f768b1a89cb883dc4a5ceec0649c
assets/chisel/textures/block/circular/blue_concrete.png	239	6d3ef9176a9abc07ae2e541c82bf57b2243878c2888a9d54ab28b6b5ad1619c8
assets/chisel/textures/block/circular/bricks.png	279	9f4b23a17208af51e4ba994c1d510ded53b2c8aba09fd1109c49a7d147c143a6
assets/chisel/textures/block/circular/brown_concrete.png	250	59413d9e618f4a0b4976388f454ddaccc3b4cfffde8d6fa8587828088e641a91
assets/chisel/textures/block/circular/coal_block.png	220	4442d228cfffea9503907b8b93e32b5d2fe3dd7dedd1602cda208411870aa201
assets/chisel/textures/block/circular/cobblestone.png	259	80e836bf0334a0bf5fbe7d9e7e654c72edd51e258674a706fd067342785d0d9d
assets/chisel/textures/block/circular/cyan_concrete.png	263	0dea0c1ee82bd6335750557f7279aa3a356b28b3fc24ffe8fb848363efe593de
assets/chisel/textures/block/circular/deepslate.png	236	60008212fd1e53a52ffdc71dd1ba7257ecc0032709f85008ef76f9fe315e5d93
assets/chisel/textures/block/circular/diorite.png	272	751eb18e3766116b99a25399304b7ac127d6bc25e139d0f559cf54f7f8f1f581
assets/chisel/textures/block/circular/end_stone.png	258	50bb479550281a1742a677b208d5e0f76119878cf84cf7f1018e0953a5f4259d
assets/chisel/textures/block/circular/granite.png	294	21e783008db84c2ba980a798b99e90fc63f2767576d1db1a82769c970396037f
assets/chisel/textures/block/circular/gray_concrete.png	240	0565d441a12143e87ef8016acd60fbe9ad3faeef5a20b6a4aa4cd89b72e817a3
assets/chisel/textures/block/circular/green_concrete.png	245	28db43a6db4f82f7de6022d4e7283d0fb2863db645d23fbe267a67553fe26e54
assets/chisel/textures/block/circular/ice.png	324	22914e9286dee4b419b50eb604a8686f6bfb1585afd95cbad8ed14710525ffab
assets/chisel/textures/block/circular/light_blue_concrete.png	221	44944e3906d9b4cfd07be3ff2844f717b5c381c9c6752ffec544fde4721cce31
assets/chisel/textures/block/circular/light_gray_concrete.png	225	7d4dcbaf8a061f4267829ddd5c6b85833f31b13be386ab4fe013bad3b8e36263
assets/chisel/textures/block/circular/lime_concrete.png	251	8b97850c76aa86faf245969b2956114fd09900a39d4ce626c0297cab1fcb27f4
assets/chisel/textures/block/circular/magenta_concrete.png	244	21c3049733e60cb93dfbbd0689062ff16b8095d4be90f9ba2a59a3219d925f02
assets/chisel/textures/block/circular/orange_concrete.png	232	5a6dce19bf13b4320e2ebd201ae5a400a731f787a9fb08c191835659793f9c8a
assets/chisel/textures/block/circular/pink_concrete.png	263	f89e1c75dea3bb3acc5f8f9e5016577484c92b4f25ae13191c1a2b3291fa4aac
assets/chisel/textures/block/circular/prismarine.png	394	2613cfe0e823062951ef4a3e705c917bb3529b7607d4ce30f5d4c31b3f751247
assets/chisel/textures/block/circular/purple_concrete.png	238	5c728addc46a0d32a193189fbbe2e00debf3a49b24f1dc415d62450dd9e3338a
assets/chisel/textures/block/circular/purpur.png	266	ff4a9bb482635e05b3f468f9d0f6ac35e8caf84d6ae702c96a2fde7116314784
assets/chisel/textures/block/circular/quartz.png	208	4b70bc20c81ca236eb2e4d0b9ba11b69b21a39178ab67ee11e28515a55e9799c
assets/chisel/textures/block/circular/red_concrete.png	245	17d1330745f72495dd454c02cb360e3e1d859ed61fe3350ef5e980cba1a692c8
assets/chisel/textures/block/circular/red_sandstone.png	284	1bd51091200882cbb09c5bcfbea52d858ce1a88383a08cc73e79c9b6741e1425
assets/chisel/textures/block/circular/sandstone.png	279	3fc8c58154fad63da204f580163e479c806a7111c57581c4990a21ee89eae729
assets/chisel/textures/block/circular/stone.png	260	4bf2d5b2370c917212614356f42b0833d430377cf1d7155fb067d7b45aedd88c
assets/chisel/textures/block/circular/white_concrete.png	259	5b83a74f89101f3fa2c778dcf5545c39689001812717f3487b60574d2969d7a2
assets/chisel/textures/block/circular/yellow_concrete.png	232	16760262d98fdbe50868c01598506de3bee22623daac7dd5843b103fa02a458b
assets/chisel/textures/block/cobble/dirt.png	699	597f05a37a650b83e903c9ea88b937d850143838a0fef133d38e1a9701c71f42
assets/chisel/textures/block/crude_horizontal/acacia_planks.png	433	c6fd0839f7088c99355970bc5d79a714ba25e7b67f3509ccf80d11eddfdd52ec
assets/chisel/textures/block/ctm/array/andesite/0.png	331	2256b7401b73729557247ba2928b768c8bf1b8d8bb0b77f768c79ef2a68ff357
assets/chisel/textures/block/ctm/array/andesite/1.png	334	527b268d2f6ed965d121468f373b03d7396a6dec939ba33e43bd2a5a1b7db683
assets/chisel/textures/block/ctm/array/andesite/2.png	346	f85e6c63f1603d8d33293c09a7eedcc02b5da43438b53e2bcbed0a6c19e9d204
assets/chisel/textures/block/ctm/array/andesite/3.png	349	b1db28b92fcbc50c709fe7b65e2c5d49137a2acfc652d342d1c04a7463eaa229
assets/chisel/textures/block/ctm/array/black_concrete/0.png	203	3e6b0813566a929cbcf0474343c9a7e0fc68926853383572d3843d284a2a3816
assets/chisel/textures/block/ctm/array/black_concrete/1.png	203	0b4774006bc7c1696f5e92bd17b2370663137182fbee1332b65c2d7a2988eb21
assets/chisel/textures/block/ctm/array/black_concrete/2.png	209	ca3b3c55d19839ee1aedf9bf40d6e423059d43e1c75a64bdbaea341539f92e49
assets/chisel/textures/block/ctm/array/black_concrete/3.png	210	5505a7dce9061fa98f47d771aa0a07c25653afc88598a076b7cf6c80303d8e80
assets/chisel/textures/block/ctm/array/blue_concrete/0.png	243	e4451f190e06736b592fe3f8ac8f9b32345d871a030ded6752583b00f6b5377d
assets/chisel/textures/block/ctm/array/blue_concrete/1.png	239	69a85a38305e2fe3d572b988a3415ea1df12d9d51a4452d67038ff50abb2345f
assets/chisel/textures/block/ctm/array/blue_concrete/2.png	252	d8aa08da073995d944cf17599a5a2df3010b730b56ccef37f0686882bbde422a
assets/chisel/textures/block/ctm/array/blue_concrete/3.png	255	0390cd804dfaaed19259bd4ad4eb93dca3d40838d8e7ddac80f4794e62e23821
assets/chisel/textures/block/ctm/array/bricks/0.png	279	c380821b73c40509172c37ca84d56405ab2cbc7f563851934e6f96ce121a3d10
assets/chisel/textures/block/ctm/array/bricks/1.png	279	bb98bb358f75864c4fa69f79fa6cf200a3118b3e0e1e3dc1d06a3a1e1d12e84c
assets/chisel/textures/block/ctm/array/bricks/2.png	285	d58fe31d016626e8da8ceea1a88875d46730d3ced1c1a05f528084dcc30e84d1
assets/chisel/textures/block/ctm/array/bricks/3.png	289	d02576a3c05718941af1d12279e595c1aa30628351ba22c1d198886df25cb760
assets/chisel/textures/block/ctm/array/brown_concrete/0.png	246	37a563475b79a67806e47b1578c22d8bab6153885883460712f57f90ebde8553
assets/chisel/textures/block/ctm/array/brown_concrete/1.png	242	c1de77ecb822fda348d5cdb1dd37b6a9bc056ae13f7e573c0d4ea19e2c51d6a3
assets/chisel/textures/block/ctm/array/brown_concrete/2.png	253	1224d72a2629f485964774a061c2144fe491179224daec1c4a21a725a3433a35
assets/chisel/textures/block/ctm/array/brown_concrete/3.png	251	7cfb1d1b111f41842bfb9b86b4d53e9e80ad2133a8b68d760804a8aeb401e5c7
assets/chisel/textures/block/ctm/array/coal_block/0.png	216	8365c65a872be70ba92a525c7244cceedafc38f7a5b7a346dacae93733653694
assets/chisel/textures/block/ctm/array/coal_block/1.png	220	fc60a8495585c95691ec57809c9331e2aede5b0ded27a3d150054093fa0cdaa1
assets/chisel/textures/block/ctm/array/coal_block/2.png	218	709fd1e946b442a98e3d4e1df16f8c0e844d3b2c7efd80bfba65c7b8c0046acf
assets/chisel/textures/block/ctm/array/coal_block/3.png	218	4096e350daef208f0dfb30b7164836ac01c8329963310d5e49dc6121faa497b5
assets/chisel/textures/block/ctm/array/cobblestone/0.png	617	fa9642a88a07cf14373e9e47fa3a38f8c7f4106c30f32a1e7a73d0d93b78ff9b
assets/chisel/textures/block/ctm/array/cobblestone/1.png	599	0f9cc8d6aaea30407128bee61e5ecd42cc3ab03ac3077ca86535ebb9cbf75f38
assets/chisel/textures/block/ctm/array/cobblestone/2.png	605	ecab020b19293bd06f1312d09c617b786f97e8e834cb50ac24b8ca56cd6e716c
assets/chisel/textures/block/ctm/array/cobblestone/3.png	613	8f82b76076c9e0c3f333603f91a33256a6f112b34f6aa2114ab8a46f31eab33f
assets/chisel/textures/block/ctm/array/cyan_concrete/0.png	256	3101cb365653608eba1f632b492c6e0feed20191ac864aa7f9174c6ecb349529
assets/chisel/textures/block/ctm/array/cyan_concrete/1.png	254	5e885f945e5f4820acee86444f0ae25d24e04cd686c0c114917455f6396afff9
assets/chisel/textures/block/ctm/array/cyan_concrete/2.png	262	cffc15f54b1bec26c603b251cae0c4672ba598c9047dee6b037196aae8e0741f
assets/chisel/textures/block/ctm/array/cyan_concrete/3.png	259	9fa3a7527ac54ec2228b0f10977423ecc64f432c4b1af3911c8f4bc25b4df392
assets/chisel/textures/block/ctm/array/deepslate/0.png	181	ce5d3cd6946642bc851457341e002d29dc7c0b7558ea638461bcf6077e8684ab
assets/chisel/textures/block/ctm/array/deepslate/1.png	176	d5f0028b22b400ed508486901608065616800ac3bb25b4639d5f259b38bb16b4
assets/chisel/textures/block/ctm/array/deepslate/2.png	180	c6927dbeea955ca3e1978df0cbc755ba0afa6510177577bd9da0c7108a1176bc
assets/chisel/textures/block/ctm/array/deepslate/3.png	186	2e3feb84714766448933419e91cd80f48e5e990d91b2e347d70b246ff75c2d79
assets/chisel/textures/block/ctm/array/diorite/0.png	272	6526b87e35700171896a2ad2f61b8df731115dd14b4df2690173acf075c7f2cb
assets/chisel/textures/block/ctm/array/diorite/1.png	272	7fdd60e971dda35b95786302d254c6a785e384ed799fd4e6ed4c7a1fe0234c4c
assets/chisel/textures/block/ctm/array/diorite/2.png	272	009c016572bdf62b1c5a115dd098d0a68c78ffa7b02eeedb88c3510dc517167f
assets/chisel/textures/block/ctm/array/diorite/3.png	272	0f8e1b3fcb1e2517bc50a4671ed767733d00d41863820668d1542cd32631bcff
assets/chisel/textures/block/ctm/array/diorite/4.png	272	fbf9de6254ebf41081722ae87e32a0cb88e9260b987ee2a87a4ad143ae1412e9
assets/chisel/textures/block/ctm/array/end_stone/0.png	250	0a3b000a834baec3a836c4e19a483850f9a32e4ed9e09d7b6c483caacacffa76
assets/chisel/textures/block/ctm/array/end_stone/1.png	250	2bb036c8b8189beb3c75733cc7b2ce019da712d9b6f0112dea1208cbca8af05c
assets/chisel/textures/block/ctm/array/end_stone/2.png	248	f35f46621d2c7a062814f6aec579d9969b674e24f1b403a3c23a77a5cebfe752
assets/chisel/textures/block/ctm/array/end_stone/3.png	254	26f8c81e0fd3fa24a138b7fb7dab1aa738f6cf4058f7ffbd2097c2cbd476e7c9
assets/chisel/textures/block/ctm/array/glowstone/0.png	161	df2a960d95bce5ccb5ddc2d4e7268a339b641c53274bf293a569bb08a7d79807
assets/chisel/textures/block/ctm/array/glowstone/1.png	159	278468fa3455874ca527b054aae7a2b202c72eddac6b11c93adaf0eb18cdd4b8
assets/chisel/textures/block/ctm/array/glowstone/2.png	162	8b0de76798e9a8927c599a900360921bbda2c189a77c112a2e83d004acb956b2
assets/chisel/textures/block/ctm/array/glowstone/3.png	165	e38f6b77b6fcbf995d5835b2c7551cac9d0220c86813f954efbb52018cab9efc
assets/chisel/textures/block/ctm/array/granite/0.png	1006	78a154f15f64ada3c6dcb300bb9c0f6f82ed4c572b6d5d017a9dc4a44eb4e9e0
assets/chisel/textures/block/ctm/array/granite/1.png	304	0f9f92ad1cdd49821e69d39b54e43d8bcff06a7833e230228eba8cbc06a4f97c
assets/chisel/textures/block/ctm/array/granite/2.png	303	db492c86eee3c27204ad5d9e553abe9dfa7cb13cb25a84f4f7ff93064e9a2920
assets/chisel/textures/block/ctm/array/granite/3.png	312	3800f4561632f63063a1d3d5776473ef534154d8a7b0b33ad209402b5d50d8da
assets/chisel/textures/block/ctm/array/granite/4.png	310	5b7479e8000640ac9c2551ed3121695e1c66f53eb3cb671d8135e00d9a088c73
assets/chisel/textures/block/ctm/array/gray_concrete/0.png	245	aa913ec9113cf9eaea6966d0ca46335a0ecddae06c98b18fc78398bcdb84b18d
assets/chisel/textures/block/ctm/array/gray_concrete/1.png	239	7d348c84f0d2ad6480e45b0b95515b244b3091e7b27e40e229cf289dc2807524
assets/chisel/textures/block/ctm/array/gray_concrete/2.png	247	cdbd12e5a201a5c478fbc87c8c47a9ec7b20bde07c8597032dfc94638d21f89e
assets/chisel/textures/block/ctm/array/gray_concrete/3.png	248	5dcef3d5b4e02e7b29794a580366287215d00a3fda99657e313042632a69d8d8
assets/chisel/textures/block/ctm/array/green_concrete/0.png	231	665b7ddb45bc510352696dc93a6fd08a954d26743150a38d8b6169c95414e289
assets/chisel/textures/block/ctm/array/green_concrete/1.png	233	a7a12268484055e45d98e43205d5ae00b3cc8c3612e9e58b354af910453ea0c8
assets/chisel/textures/block/ctm/array/green_concrete/2.png	242	8af27b099bccd0c373e8b3662739202da559a81fdc885091e8774372fec1be56
assets/chisel/textures/block/ctm/array/green_concrete/3.png	241	b94f02097d57d221ce93cd2021d9993354c994b1a8ae0fa0dfad558e39d39cba
assets/chisel/textures/block/ctm/array/ice/0.png	382	965d2456977c6e037fb663ac9e4ed6f79add0f8263b02deb0eb644acc254ec4b
assets/chisel/textures/block/ctm/array/ice/1.png	380	4e88d54ba8395c1966fd88fd85943819d9dc017047e19e84ca0e10a3110d25ed
assets/chisel/textures/block/ctm/array/ice/2.png	387	3e70639d16d897580f443e6930efa7136268202a7e21ddd55001879edc162765
assets/chisel/textures/block/ctm/array/ice/3.png	385	7e3af257b4d1c03e5d1994cd551b1b1d8e6fea77fe7b872cb3fb89e1868514ad
assets/chisel/textures/block/ctm/array/light_blue_concrete/0.png	226	450f04448c8e204e2594641ec0e1738a9c0500358916376c5691cf83755d3e87
assets/chisel/textures/block/ctm/array/light_blue_concrete/1.png	223	89ce0f4bbab55a9e277114f8e06acdea16917196476d4d4fcaeb31b6b3b9d438
assets/chisel/textures/block/ctm/array/light_blue_concrete/2.png	234	41cc14c3147e4c65e6fd5e04af014d42f1610a7fb4a089e4cfc9cf0deaf466f6
assets/chisel/textures/block/ctm/array/light_blue_concrete/3.png	232	a72f51250f98673bbf36e26bc2ee586bf6c70c2e2b5d67a917de9f3736e18027
assets/chisel/textures/block/ctm/array/light_gray_concrete/0.png	236	b55bca1cfdabd9a6b74c3de982215b6d9286e8050bf6052f02ff824a15dfb623
assets/chisel/textures/block/ctm/array/light_gray_concrete/1.png	234	665b067fb4dffd8b96468897108106ee3d29630ce57335aa6d252dc0278c7703
assets/chisel/textures/block/ctm/array/light_gray_concrete/2.png	237	8deee90acdf0a297105c7225f36a5ab9d73df13fc68e1a6898e4071e624f37d8
assets/chisel/textures/block/ctm/array/light_gray_concrete/3.png	240	26b4b990878205ef9e2a6125ef4c15fb61ace86acbb29b115eb1e088a3ef207a
assets/chisel/textures/block/ctm/array/lime_concrete/0.png	249	a726b6f5fc5788fcde0d59dd54f486b98eae53f3daa8e4005e78c39a9e1d0bec
assets/chisel/textures/block/ctm/array/lime_concrete/1.png	245	0d2411e11382b84bdee5f5eaf0396784daee54448688cb8928e5c2ff09160bf7
assets/chisel/textures/block/ctm/array/lime_concrete/2.png	250	1f27be86571d44f394c6d1b30714c596580b035c1d958f6a40d724b790cecec9
assets/chisel/textures/block/ctm/array/lime_concrete/3.png	250	d559a90da80b55565fcde9bb2dff77e399535b59d749b1a84b7d0ca406735a58
assets/chisel/textures/block/ctm/array/magenta_concrete/0.png	234	ed95e22ebaa57a948212d1cc53a85889b5db937c56c4744fe7b3e0f86b485b6d
assets/chisel/textures/block/ctm/array/magenta_concrete/1.png	231	f4dc1869f12f2ddeeceaf1969c5ed45421b46b6549e5337bcd8407fa709c8c97
assets/chisel/textures/block/ctm/array/magenta_concrete/2.png	246	1a0c68229b55d282eb0e6821cd259bf16968e6330265e38e1291d9351227fb80
assets/chisel/textures/block/ctm/array/magenta_concrete/3.png	243	a388fb5006ec2fce2f2a0e04d8570736b71c7991ba5e269a9c0f601407770b8b
assets/chisel/textures/block/ctm/array/orange_concrete/0.png	223	de7477c73bfdc04d0bddf8686147a7204325e2d0ac7d21959acb49f032325733
assets/chisel/textures/block/ctm/array/orange_concrete/1.png	222	4877a295fb4e38a3b6971f1161e304d06d4239b68056787bf8de2db8fc59a64e
assets/chisel/textures/block/ctm/array/orange_concrete/2.png	236	9eaf2d18210d3ba9b5fdc692d874564098f881ddb18ddf93a4aad71e9a31d74a
assets/chisel/textures/block/ctm/array/orange_concrete/3.png	232	d101a4280464d11b9f62cf14a5e15516ea269d25ebda4107ba8629f213ba8d2f
assets/chisel/textures/block/ctm/array/pink_concrete/0.png	259	ed454e8dc96f1cbbccbe3e7a5acb6fc9d706403cc770f95982827fca9aba1b3c
assets/chisel/textures/block/ctm/array/pink_concrete/1.png	258	145993ede808fddd0677c0cce84c8e588a6f79bdaf8f3a30d71849f5a3491c1c
assets/chisel/textures/block/ctm/array/pink_concrete/2.png	267	108eefda33493bca6ebce0bc36b9b4befe4c3e6a178f8beffed4092faea6f332
assets/chisel/textures/block/ctm/array/pink_concrete/3.png	265	12a302e18c4958cb73b1cead7c789dee1e37005855f9caa74437ff75864199c0
assets/chisel/textures/block/ctm/array/prismarine/0.png	368	a603b59ca5aed273955699d627da565ae87af01f4765d6af5b154783cbcfc778
assets/chisel/textures/block/ctm/array/prismarine/1.png	366	6162ad780db84c553c4c5859306d070b53150764a5ab805c0e6f4982b55e07ca
assets/chisel/textures/block/ctm/array/prismarine/2.png	375	490d121984f2a199867988575cbe1c8223f1ef86f514aab9bc6d6343c6850f2a
assets/chisel/textures/block/ctm/array/prismarine/3.png	374	6c386ffc2e87eeec8f6b9621fef3df379671f3ddc9ca4fd2689805f8ed3feee2
assets/chisel/textures/block/ctm/array/purple_concrete/0.png	229	5fdf5bfe2652c99ef958a4c977e61e8b39e51e1adbf5471347a48dc74d64391d
assets/chisel/textures/block/ctm/array/purple_concrete/1.png	223	d42092a4ee0f0ce0256c4a88164ae73f9eacda7faba27ac0b7df75d16c0ba1d3
assets/chisel/textures/block/ctm/array/purple_concrete/2.png	238	36fdb9eb5abb96e6e7cb1ebf4c655ced112dc838c78417e28b411ccd46449c27
assets/chisel/textures/block/ctm/array/purple_concrete/3.png	238	7756defde74aa11ab85669174f46fecaa9d60292ab4bd1fbdac620ce0dac5003
assets/chisel/textures/block/ctm/array/purpur/0.png	263	975c4f50a35fcc2e2371e0d974757e92e58379d4039d59327238b84566c24db1
assets/chisel/textures/block/ctm/array/purpur/1.png	256	c19b68343f77c5de7e1a2a47ccbaed43d93590484e5528d6d24ee8df27cbabec
assets/chisel/textures/block/ctm/array/purpur/2.png	264	e519c15741eddfe8cd7676133d1bcbda44c9c95f6576486018d76cf5654b1c30
assets/chisel/textures/block/ctm/array/purpur/3.png	265	6ff75a3cae744118302f5611d4a53608d4ba7610d3eabfbfb73ae567f9b9d520
assets/chisel/textures/block/ctm/array/quartz/0.png	212	737fc9e8562d5d6844e8556586a1aa8c122ce9c5aef89f70820945441e0418ef
assets/chisel/textures/block/ctm/array/quartz/1.png	210	2fd355f46c6a07c373dc7827061c03df2bd3cd98aee4b26c43a1c9d770961b00
assets/chisel/textures/block/ctm/array/quartz/2.png	220	563b67f28f17172836a72279b77518649e5aec2d4553500a77a89a006e1d6ec2
assets/chisel/textures/block/ctm/array/quartz/3.png	216	b6b9deea72b5da2b070af9becbe10f097781d6cc495069a1516dc6eda940f50a
assets/chisel/textures/block/ctm/array/red_concrete/0.png	233	6ec71f36069e857280d73b883557c5e88f839887621ad3521070212798987013
assets/chisel/textures/block/ctm/array/red_concrete/1.png	228	aad618c8a5434d7ef604b9272ebba52bc11972df1a4ddffd2f32b6fe79ed01a5
assets/chisel/textures/block/ctm/array/red_concrete/2.png	242	d81a171c6208c92a1ef3eb82409ccc150b9c3e0d30e74241311a44a3b6307ac4
assets/chisel/textures/block/ctm/array/red_concrete/3.png	243	8869e7d7e530c1885b2ba5a2be7e7db0405141d64c01ed9d533e00ecac4bd917
assets/chisel/textures/block/ctm/array/red_sandstone/0.png	280	b1ed82536f907b6d402df9ac36c44cfffc87c731d4fcfe6ce994121c362c36fd
assets/chisel/textures/block/ctm/array/red_sandstone/1.png	280	471564ebe8290695d6f75cfec4db6f4bea02eb96109bed4e0a08c961d73b1bd5
assets/chisel/textures/block/ctm/array/red_sandstone/2.png	288	d5d460ee8fa5fa7a8a3ae6d76f8be06602556b84810aa08075d92cd81ae2085a
assets/chisel/textures/block/ctm/array/red_sandstone/3.png	289	cadcc988e33cf20f58f0d3493d354a38450671d45fa8b96d68d8d04da08f1733
assets/chisel/textures/block/ctm/array/redstone_block/0.png	257	b5ee412ad26bf0caaf4e64c5b908a9458cf4bd23778530bf7b11652e68b09386
assets/chisel/textures/block/ctm/array/redstone_block/1.png	255	b13b440bd595a88fe7b16259b3ba66468a33fb61d65a75773890c3d21c21514e
assets/chisel/textures/block/ctm/array/redstone_block/2.png	265	1290733bcbf48593e939672635f0fbdf40077a86343b8890f51c5f2378ab5ba5
assets/chisel/textures/block/ctm/array/redstone_block/3.png	264	c961e2e8ce654c9c2879a5fdc7bf0ee9b37b1a6c37d396c5a814972bcf902eec
assets/chisel/textures/block/ctm/array/sandstone/0.png	272	04f0678b26c96c47ab19b239563cc636a26beffd7dcce4299064ba54a8819576
assets/chisel/textures/block/ctm/array/sandstone/1.png	269	2ab6992e63f781efc6fa4fc835abd7d5e02ed5c8c03175b41a3881526c153acf
assets/chisel/textures/block/ctm/array/sandstone/2.png	284	d8ff8a0bd940a6a7b3e778e8219a00ab116a38363932a5fcb51be229e8b2729d
assets/chisel/textures/block/ctm/array/sandstone/3.png	278	45d916edb8af3599e820bfbebd5e290b9fce71ed3d9d7807c14e32e0aaeddb5c
assets/chisel/textures/block/ctm/array/stone/0.png	265	88452beca3968aa53298e2c715e2ace28ee08ad778b2f7563f2cd9e8e428476c
assets/chisel/textures/block/ctm/array/stone/1.png	264	cf7fc9b76cdd219ffabe94314874a30cfb4fa9ef7c1b4b7c346d3f1417d65ccf
assets/chisel/textures/block/ctm/array/stone/2.png	266	92e856d194e07a9a6f9dd363b6d094cdc115d0cb5852fd3c9118f95adb357c30
assets/chisel/textures/block/ctm/array/stone/3.png	269	7f8bdfa0d610ed2b1ec45220bffee9248d41358fb7ea450e2369d0d40a716003
assets/chisel/textures/block/ctm/array/white_concrete/0.png	260	71d914754d01ebbdb5f8770cf813ac46a8fa0487d675b90487b75d20305c5d89
assets/chisel/textures/block/ctm/array/white_concrete/1.png	264	1d2da58a3162f77b5000bf5e1db248a1f543ebe724ebe29cd8c6a8f30856e546
assets/chisel/textures/block/ctm/array/white_concrete/2.png	266	3b68334e395a7dc59693cba69bc6ab83a303a9cb36d238eb27223d9b4f764f08
assets/chisel/textures/block/ctm/array/white_concrete/3.png	264	6d71d621e7d131b283aa3ccc8d80f78c647763cbf2dd50fbcf990a9afce12759
assets/chisel/textures/block/ctm/array/yellow_concrete/0.png	242	864cd667e2313904cb58fd1add1437eabbea24a6980e3d770a8027adbed75dee
assets/chisel/textures/block/ctm/array/yellow_concrete/1.png	241	bcca4980408aa1293e6acd6b00c987f757393e557d4d355837ac466f4812c6a5
assets/chisel/textures/block/ctm/array/yellow_concrete/2.png	243	2cad35c10cc839956ac3cbfc4595fd991c3750d02a726c531c1e1d0caad524f5
assets/chisel/textures/block/ctm/array/yellow_concrete/3.png	245	3cbf70714767cac5d2abe6a7d56a19d4de38c4f571a1d841e10f0afda4af3523
assets/chisel/textures/block/ctm/braid/acacia_planks/0.png	642	baab249cfb28ead5fd6cbe6259919164b12a6caef146e430e56b1f9e075c0ec0
assets/chisel/textures/block/ctm/braid/acacia_planks/1.png	571	96ae8c4887f012e9fb545e44f4f877f2b1fc34b9142e62ba2a15ab4872d117c4
assets/chisel/textures/block/ctm/braid/acacia_planks/2.png	603	eac3afb56f846f8f087afe343ae3970d46f16cd8956ed0501cf0d764d8d52bff
assets/chisel/textures/block/ctm/braid/acacia_planks/3.png	578	e837680289b861e2b15a91c7f28706e617706facec9d9a125827061246d066e1
assets/chisel/textures/block/ctm/braid/acacia_planks/4.png	650	dfdaa6c8ef693a379774adaa9d4136330b15f10ad5d06db9dac2b6771d1651fc
assets/chisel/textures/block/ctm/braid/birch_planks/0.png	644	2702a7af41a4864a956b0e2682be34b4595b38416ddf7ed780d416c333a9d9b8
assets/chisel/textures/block/ctm/braid/birch_planks/1.png	556	ea0ebac1e49cb74a782adc23af6fba7d4d63f0f70a070c6b8b1a42b27093f9e2
assets/chisel/textures/block/ctm/braid/birch_planks/2.png	591	e1b2eec6733ed0d26ee6075bbe0cce2843dd4f5f0b07c820019dbada6c1c4cdd
assets/chisel/textures/block/ctm/braid/birch_planks/3.png	569	817fd37fb65a74ade40ffa32cab570496db79a9fca545fdbd6843aec6a4970bc
assets/chisel/textures/block/ctm/braid/birch_planks/4.png	653	fcf7300b809eab72c6631f5f256fb494a34b0c6d25fb4b03a298a3ab0cb29dec
assets/chisel/textures/block/ctm/braid/crimson_planks/0.png	633	7048ba8e5172c6736bbc1ad263f1192e323eb83be54f32eae44a74651f932966
assets/chisel/textures/block/ctm/braid/crimson_planks/1.png	537	5c367f739cba01a01499bd56e71cd1fe740ec380706edbd44fc8a51d6b1c9498
assets/chisel/textures/block/ctm/braid/crimson_planks/2.png	583	22c17452297d6f066c5627cfa068692c4c0a4817c81d6ee77da8cb76c2d0a0a3
assets/chisel/textures/block/ctm/braid/crimson_planks/3.png	557	fae5f1a2b0fcf8e5722d46e52dbb730dbd2ea5e526b0fa5358a7cfd4c5e2a9b7
assets/chisel/textures/block/ctm/braid/crimson_planks/4.png	632	e143170cb51e2f88dd1821ab313d4ef55478577677adc99ca70e611ed66892bb
assets/chisel/textures/block/ctm/braid/dark_oak_planks/0.png	594	fcba61dd9c135f9d19496201d3a4f8aaa707610f5c83ebd5ea798847e4c1d567
assets/chisel/textures/block/ctm/braid/dark_oak_planks/1.png	489	66eef9103196d9b1d1b11f60597df85a02df61dff2b66dce4fd9e3aa473f5723
assets/chisel/textures/block/ctm/braid/dark_oak_planks/2.png	535	18969edb974ba362da5e96178dfb842c9912cd6c8201cdc907ef462453a69888
assets/chisel/textures/block/ctm/braid/dark_oak_planks/3.png	521	8a9b4e7ba8249a0845f75bbd4cc757e9ca4feb78677d928dbd33aa06431b2bbe
assets/chisel/textures/block/ctm/braid/dark_oak_planks/4.png	571	b8c64367db364a0eee22e763b797911e1952b85a64fafb2aa8818a2a8d52f844
assets/chisel/textures/block/ctm/braid/jungle_planks/0.png	662	2d97927945d649b3618dd53002af822d13e9d45f69842983d9ca0a45587a91c6
assets/chisel/textures/block/ctm/braid/jungle_planks/1.png	574	88b2e46108361accae48c2b6a34487627bcdef75201a3970738c0a835b5fa1f0
assets/chisel/textures/block/ctm/braid/jungle_planks/2.png	617	07b1867364a933b87107eefb508636bea5685019758af6c29ac9d8b2485a4ef6
assets/chisel/textures/block/ctm/braid/jungle_planks/3.png	576	19320f8b55ec3640c8f78cf85964ee560169a8df67042beb3bbc7f3ff046c78d
assets/chisel/textures/block/ctm/braid/jungle_planks/4.png	672	c68b3491ae32d65b3933e336b674563d5f79eb8263593a535d77a3705dd401c4
assets/chisel/textures/block/ctm/braid/oak_planks/0.png	665	9f7232e9e2a709793d7a034b61064d9cae5920b8878a69ef0d6a7123e423d540
assets/chisel/textures/block/ctm/braid/oak_planks/1.png	575	94737d0d820bd213a16d5c25905f3a7f2321a85143c0bfce1bc639fd3aa50fc8
assets/chisel/textures/block/ctm/braid/oak_planks/2.png	626	ccc0f11d29aa8bba6c697a97106a9336b3aa64b6a079ba9b0f5aaae5b34580b7
assets/chisel/textures/block/ctm/braid/oak_planks/3.png	583	aa85121dec72ae56be5a93016ce5d94bf9582f9ee1fe73b6a416c7d524c3ecbd
assets/chisel/textures/block/ctm/braid/oak_planks/4.png	674	0426e1bd1b46a35bf2ff386b23b18cdafece7ad4e55e602b0f77d57bd85395d8
assets/chisel/textures/block/ctm/braid/spruce_planks/0.png	630	a7f54fd32f9049f1bda12ca13f61663e31c0de73cd0fd4f81d130b9d6e3dc547
assets/chisel/textures/block/ctm/braid/spruce_planks/1.png	537	591437e7180529532d4684b492c9c271a4a88e09fc39269c62f89d61a3b1b3d9
assets/chisel/textures/block/ctm/braid/spruce_planks/2.png	586	e414d4fbb5b4abd7db6c09e1a09c3126a38210f81072e12b5c5071c9f8397f28
assets/chisel/textures/block/ctm/braid/spruce_planks/3.png	568	65e695d0945cc9d91cca9454002a324529d526cbe3ea11b577609a17becf633e
assets/chisel/textures/block/ctm/braid/spruce_planks/4.png	628	40b0112c896f194715d9eb9cf45b5bdc18dd1e81e8eb892f24d2bd14a3139a5b
assets/chisel/textures/block/ctm/bubble/glass/0.png	336	670763159fd9803b039327e578d330bc1538129e83ab5d0eae1f7cbae83ab2c1
assets/chisel/textures/block/ctm/bubble/glass/1.png	330	43d94c1f4cfd1e7f028fa1a4a45dd9a705ed920c044bc2a03decd44b70f2a372
assets/chisel/textures/block/ctm/bubble/glass/2.png	271	a02203b1511374f3de7600b9f83321d1fbe8a81c0412bcf25c5e77387463667b
assets/chisel/textures/block/ctm/bubble/glass/3.png	251	435236ed0a0491896a17aae90a4cf662a8f11bbb3968fb0a498038d21fed9200
assets/chisel/textures/block/ctm/bubble/glass/4.png	250	3ea8598a87ecafc1d6a05d13ea6749cf726e5079ec9b15e6b7296a0ec3d274af
assets/chisel/textures/block/ctm/cells/diamond_block/0.png	423	c42b2afae093b62843b3993086f1d67d8ee57460ed65370912e6e3c36531c013
assets/chisel/textures/block/ctm/cells/diamond_block/1.png	439	11772237a31ec7f99ff9ef5dff9d5b33fd3b32698369a0187b8de5b3ee7ff7f2
assets/chisel/textures/block/ctm/cells/diamond_block/2.png	430	3d34a72feb0c4c0edaa220aff4cf489a43d049d7c62d7cb2d803afe48f3a8f41
assets/chisel/textures/block/ctm/cells/diamond_block/3.png	423	c42b2afae093b62843b3993086f1d67d8ee57460ed65370912e6e3c36531c013
assets/chisel/textures/block/ctm/chrono/glass/0.png	195	182e6d99b6c4e6a2cc66700d5caef3e79a76c0b5d69f6189b6ab161d731d6d70
assets/chisel/textures/block/ctm/chrono/glass/1.png	132	9a9a24a9efa7869172c87b2e63fba548a22155608818f17abefd1dec10f5cc79
assets/chisel/textures/block/ctm/chrono/glass/2.png	165	ea8cae7ec590b1d1bb050cfb0feb981b339bb897fa2bd08bf49c11f478345128
assets/chisel/textures/block/ctm/chrono/glass/3.png	159	2440d0dac5d6b9aaa9a75538e85046f47f28ab512e72421797d0c6f44e3e0f38
assets/chisel/textures/block/ctm/chrono/glass/4.png	174	8d0565520ff95a46d3548dd448315df0f3c3d65d6421edbb64b7a9dc2c109fbd
assets/chisel/textures/block/ctm/circular/andesite/0.png	332	a68c62d0fac7429f85522a2090f01da89ad98cf75af4c6e8dc79adeb4940aa24
assets/chisel/textures/block/ctm/circular/andesite/1.png	324	3d1af285ad490321e0be985dee9e07283553ec00bb16c4f5582b071152a54964
assets/chisel/textures/block/ctm/circular/andesite/2.png	342	128c5e32c4cd625641022f014de2f67e3ac0f2e341a8dd5d96e3741e5a5b433d
assets/chisel/textures/block/ctm/circular/andesite/3.png	338	3e2239c6e7f1e03a71a66aae6cb04d6d8dd31138da73d9bb6361862c8509d474
assets/chisel/textures/block/ctm/circular/andesite/4.png	352	d4f2a697d41a1efbcd9cd8cf0cd2cf5de3492b5e8d07a965f9c172921194f0f7
assets/chisel/textures/block/ctm/circular/black_concrete/0.png	201	3ea21f6f73fb2b85cb1f559ec19ee31fed01f768b1a89cb883dc4a5ceec0649c
assets/chisel/textures/block/ctm/circular/black_concrete/1.png	114	ee254ea5932e7a91260f63937f6f05b96be6352d39e58d338c632a654cd2d0fe
assets/chisel/textures/block/ctm/circular/black_concrete/2.png	169	37c1f8abe161bf8bae77044a3ab0a97f19b948b9db949b6f22f42cefdc3693c4
assets/chisel/textures/block/ctm/circular/black_concrete/3.png	168	9254633d5c627c7ea3bd42eeb47f7332620cd7b4a69b7ff246564f706e1c5620
assets/chisel/textures/block/ctm/circular/black_concrete/4.png	207	527b109e77b4bf20750437a7820226894defb5d2030f2093e73fbc0d052f35d2
assets/chisel/textures/block/ctm/circular/blue_concrete/0.png	239	6d3ef9176a9abc07ae2e541c82bf57b2243878c2888a9d54ab28b6b5ad1619c8
assets/chisel/textures/block/ctm/circular/blue_concrete/1.png	194	a4137108a798ac3f08e4273768d9bde99def3beeb6890ebcef9d11366299eb3c
assets/chisel/textures/block/ctm/circular/blue_concrete/2.png	221	120e80344e46b29eab89acb191e70c88e46aeec36ebd8eeab9498a48d93a6f7f
assets/chisel/textures/block/ctm/circular/blue_concrete/3.png	199	affe7654e6ba421171ce3549ba12cfb7180e3345e26f0b2a5a9b8142da8cc738
assets/chisel/textures/block/ctm/circular/blue_concrete/4.png	251	d0a8e7255660a3a9afa5ecfbcc1af35328ee445251501efc2bb262ee21e95dd6
assets/chisel/textures/block/ctm/circular/bricks/0.png	279	9f4b23a17208af51e4ba994c1d510ded53b2c8aba09fd1109c49a7d147c143a6
assets/chisel/textures/block/ctm/circular/bricks/1.png	198	f13a89d005d38653f2464c0f434758aba73e4e15c84b45bddf48b259a0e259da
assets/chisel/textures/block/ctm/circular/bricks/2.png	270	e0e86156d417fc225f7ad5c5b5fc4257f6cd8216449e8cb4055d83cd5c21771e
assets/chisel/textures/block/ctm/circular/bricks/3.png	263	49e91b16c7f654b1be83eba1bfa9d92ac7d96a1b6ac53bd13b9c74bedf2867c2
assets/chisel/textures/block/ctm/circular/bricks/4.png	278	c7fc1b9b2398304caba4bafe51fd81002f9867cba82362162e1ec74b4048172c
assets/chisel/textures/block/ctm/circular/brown_concrete/0.png	250	59413d9e618f4a0b4976388f454ddaccc3b4cfffde8d6fa8587828088e641a91
assets/chisel/textures/block/ctm/circular/brown_concrete/1.png	187	2fa26228e122f5143d10fe8284166dbd779e46ebdaf36933ac753b26161246f7
assets/chisel/textures/block/ctm/circular/brown_concrete/2.png	240	f581d64778e40845a988e1531e9a4c1825e50c16d5482aeb7d9668b0837b47b0
assets/chisel/textures/block/ctm/circular/brown_concrete/3.png	206	4f0a97fa5ad9e259487506617594e177bb5209a9b6358531eb5b2b27cf3aefc1
assets/chisel/textures/block/ctm/circular/brown_concrete/4.png	253	fbb657da0f29da90eadb29a5e2bd4d9c9ffa09faed24a6e431e631134aeffd4a
assets/chisel/textures/block/ctm/circular/coal_block/0.png	220	4442d228cfffea9503907b8b93e32b5d2fe3dd7dedd1602cda208411870aa201
assets/chisel/textures/block/ctm/circular/coal_block/1.png	203	10204875006004cf95c59183b59a17c80913474f28be9bf483752e442114a027
assets/chisel/textures/block/ctm/circular/coal_block/2.png	223	1a59ddf111c0264b52fbc2de5b2796057abd01a4bd316e61d445f24c61c4b752
assets/chisel/textures/block/ctm/circular/coal_block/3.png	212	aaead68d4d3185778aa4b5139c1c783d727c4ee86c08f890ae996c013ea8d803
assets/chisel/textures/block/ctm/circular/coal_block/4.png	222	f5fe07ad31195b83c10c6f855f4f97fc34ec4dcdbe9d12ead63502ac54ce80ac
assets/chisel/textures/block/ctm/circular/cobblestone/0.png	259	80e836bf0334a0bf5fbe7d9e7e654c72edd51e258674a706fd067342785d0d9d
assets/chisel/textures/block/ctm/circular/cobblestone/1.png	484	49e2275527059fb3f31f86f1f53445088539150baa0bd11317198583121ccb85
assets/chisel/textures/block/ctm/circular/cobblestone/2.png	679	c62c3212ecdcb390f48b93c7d345332f6def0ebcf63dda6dfc4d5b30b3b6781f
assets/chisel/textures/block/ctm/circular/cobblestone/3.png	544	33df4cbc5f33b0109adccfde47db2cb5b1e573f3eea18d7fcee9150da747c74a
assets/chisel/textures/block/ctm/circular/cobblestone/4.png	650	ee2083d860791d5e440f979c497878ada8198b604d39ff0f43eec5069098276e
assets/chisel/textures/block/ctm/circular/cyan_concrete/0.png	263	0dea0c1ee82bd6335750557f7279aa3a356b28b3fc24ffe8fb848363efe593de
assets/chisel/textures/block/ctm/circular/cyan_concrete/1.png	207	8cf5ac9c98f836d711823e835ad8152bf74043b34c3bafc223f4f7d57e821005
assets/chisel/textures/block/ctm/circular/cyan_concrete/2.png	256	4ef01ea693144545ebe827ab8bfd776ba5663fdca90324533c3b9108be4e5e56
assets/chisel/textures/block/ctm/circular/cyan_concrete/3.png	228	8723e72a49e018dd0d12b4190dd56880ab3e95dc1200836559658f514e9d63e8
assets/chisel/textures/block/ctm/circular/cyan_concrete/4.png	269	7443be66e585c2839b50811ab94939b5bcea4fc538d6a035c841dc527670d524
assets/chisel/textures/block/ctm/circular/deepslate/0.png	236	60008212fd1e53a52ffdc71dd1ba7257ecc0032709f85008ef76f9fe315e5d93
assets/chisel/textures/block/ctm/circular/deepslate/1.png	140	4650e952c118703826c86b8fdbb314e86ddb921fd40ffbd92918bb8552db209c
assets/chisel/textures/block/ctm/circular/deepslate/2.png	149	2f8a7081997f695fc0b9eb5bde513d60489a1a857ab54f6fbea6db58a465f918
assets/chisel/textures/block/ctm/circular/deepslate/3.png	152	edade6da7c60496c39c38b0bbb62ab7753c060cbe32fa9ae676d1f8be1a97dc6
assets/chisel/textures/block/ctm/circular/deepslate/4.png	180	464c391704dfd0d8ad6deb6c0e54240c6248246a344a0c91898b32ccd4e1e1a3
assets/chisel/textures/block/ctm/circular/diorite/0.png	272	751eb18e3766116b99a25399304b7ac127d6bc25e139d0f559cf54f7f8f1f581
assets/chisel/textures/block/ctm/circular/diorite/1.png	272	10ab02aca8d5f2bfd6d0f454c240525cd719e9df974a8f70b0a876cc0f61033f
assets/chisel/textures/block/ctm/circular/diorite/2.png	272	2f55ada043672c16fdd7b488338e494d4386e606a122b7af0751727a274bc7f6
assets/chisel/textures/block/ctm/circular/diorite/3.png	272	dbfd1e909cffd6445c61beef6e3a8f77737620bdffff9b16ad7eeca6f205a917
assets/chisel/textures/block/ctm/circular/diorite/4.png	272	16fc2d94ffc21ac89d38ae22ad27aaf4aefe6e5555c00a47080541a2a80063bb
assets/chisel/textures/block/ctm/circular/end_stone/0.png	258	50bb479550281a1742a677b208d5e0f76119878cf84cf7f1018e0953a5f4259d
assets/chisel/textures/block/ctm/circular/end_stone/1.png	248	0deaf6111750c714da2796c60fb539f398769fdddd35896e0777c2f4ce105a41
assets/chisel/textures/block/ctm/circular/end_stone/2.png	269	cc700bb459c3453454a05e5103b8dab1acf7a8b9e399ed6585dde35c11bc3bb6
assets/chisel/textures/block/ctm/circular/end_stone/3.png	246	a3a8be56152ee2a2971d6beb756f13b7a29431b3b7237cbbfa8d1c0d5ce80634
assets/chisel/textures/block/ctm/circular/end_stone/4.png	268	e3d7375684550b4e712647275c7b3caac660c595616a537aebc0f0e73046c308
assets/chisel/textures/block/ctm/circular/granite/0.png	294	21e783008db84c2ba980a798b99e90fc63f2767576d1db1a82769c970396037f
assets/chisel/textures/block/ctm/circular/granite/1.png	748	a4d6a39ac5be296f48ebd602a1b38b8ba09079a091bf4cfefc94bffa0f6c062b
assets/chisel/textures/block/ctm/circular/granite/2.png	808	0d5d6e7610ffdaba29da82f09dc371757c1ec2cff3e247445129de397fe81220
assets/chisel/textures/block/ctm/circular/granite/3.png	667	6d80bbf8fc5c72c12437d4de285721a75f897ded533eba0eecfb2e1316bc5f76
assets/chisel/textures/block/ctm/circular/granite/4.png	792	42b554a54694d87ab53d33a23cb5ce2e598f4f141c1e33898607790a534dd299
assets/chisel/textures/block/ctm/circular/gray_concrete/0.png	240	0565d441a12143e87ef8016acd60fbe9ad3faeef5a20b6a4aa4cd89b72e817a3
assets/chisel/textures/block/ctm/circular/gray_concrete/1.png	184	0b166dcf151ba31009cffe3cc7628e95c29726ebe7ca9c1e8ffaf180a860df03
assets/chisel/textures/block/ctm/circular/gray_concrete/2.png	210	7c70b3d8f0738141bd6e95f60ee79dd30722153bb27a9ca0f5f09fe6fe4a48ae
assets/chisel/textures/block/ctm/circular/gray_concrete/3.png	219	fa6430b27e53c5d88f379856b320c58ed9adcf61379a9855489faccda738014e
assets/chisel/textures/block/ctm/circular/gray_concrete/4.png	249	3754c88542781c73f10f4fca13e665f5cc92e54dd01c7dfbb1fa79251906b743
assets/chisel/textures/block/ctm/circular/green_concrete/0.png	245	28db43a6db4f82f7de6022d4e7283d0fb2863db645d23fbe267a67553fe26e54
assets/chisel/textures/block/ctm/circular/green_concrete/1.png	199	061929d767879c09780be6367f83f8cf48aee9bfdee2430988183de954b0cf81
assets/chisel/textures/block/ctm/circular/green_concrete/2.png	228	f25813e6e2e9fcb8bfabd350e2defcdb93e8dfee90a583ca201305c09ba00843
assets/chisel/textures/block/ctm/circular/green_concrete/3.png	199	5f8e069fb786a1d25358f61b75b74cbbccaf2e98aca0f629c1b35dea9b1fedb5
assets/chisel/textures/block/ctm/circular/green_concrete/4.png	250	b1572d41be091ccb3a6eb9632e0a3c788f5a163b886e07b2e558323dcf0012ff
assets/chisel/textures/block/ctm/circular/ice/0.png	324	22914e9286dee4b419b50eb604a8686f6bfb1585afd95cbad8ed14710525ffab
assets/chisel/textures/block/ctm/circular/ice/1.png	273	909e2d7fa9f93aa690621534ab7f03d96f0a7262c4fef2f67ee104d09f613946
assets/chisel/textures/block/ctm/circular/ice/2.png	307	680c78b8bf732a057e90475014060f59fae63b9a54f9750eee23490b8566b72a
assets/chisel/textures/block/ctm/circular/ice/3.png	301	ef975c797f8456875bee4d24a9f128143e5f389075fd442ab7bb73492df0480e
assets/chisel/textures/block/ctm/circular/ice/4.png	360	3b9f47815da6c57b5d24e3db4d554f7bada9e78db6243c61f777746ec3a37089
assets/chisel/textures/block/ctm/circular/light_blue_concrete/0.png	221	44944e3906d9b4cfd07be3ff2844f717b5c381c9c6752ffec544fde4721cce31
assets/chisel/textures/block/ctm/circular/light_blue_concrete/1.png	196	85f74ed213f8ff055d4988110d91eaf257467aa91ce3c72b90618e7e5eff3cab
assets/chisel/textures/block/ctm/circular/light_blue_concrete/2.png	205	60e35a59a7e7379d5908150ebf144fc06e45d1b7d62b9da6c46c26b74ae14362
assets/chisel/textures/block/ctm/circular/light_blue_concrete/3.png	183	f698967f5ec9595d2ba0ac065cd3b3e16092edab041dfb97924e3b4ef9786215
assets/chisel/textures/block/ctm/circular/light_blue_concrete/4.png	232	a516286d4ae7492d316d85c4faf00a72150170e91b8d76edb00e6df9db1dde24
assets/chisel/textures/block/ctm/circular/light_gray_concrete/0.png	225	7d4dcbaf8a061f4267829ddd5c6b85833f31b13be386ab4fe013bad3b8e36263
assets/chisel/textures/block/ctm/circular/light_gray_concrete/1.png	190	7b73ee028a5c964f3a7cb0ef910f81918fee0c5c3f2ac2711e82b565ad608c2e
assets/chisel/textures/block/ctm/circular/light_gray_concrete/2.png	199	0e003ae86ffc3eb39a0fe55c1c491a06aa8f7bff5744c8f0b14ca0823439aaf9
assets/chisel/textures/block/ctm/circular/light_gray_concrete/3.png	195	d637fbc93db4e3ec849df647f2a0735df700e9f20ffda6a401f726a38f41b16e
assets/chisel/textures/block/ctm/circular/light_gray_concrete/4.png	246	b9e05c8b8a1d157768ee47e29c9faf1f675b247d0ff3900c83bede6fbfecf22d
assets/chisel/textures/block/ctm/circular/lime_concrete/0.png	251	8b97850c76aa86faf245969b2956114fd09900a39d4ce626c0297cab1fcb27f4
assets/chisel/textures/block/ctm/circular/lime_concrete/1.png	205	f8dffc3432eeb5b314d98d3cb664586aea50300ae95440c3f3cd5a141704165f
assets/chisel/textures/block/ctm/circular/lime_concrete/2.png	234	aa1a342bdf7057b6e7408ce29807bb054a975457758614fcf180d8a247aa276b
assets/chisel/textures/block/ctm/circular/lime_concrete/3.png	224	7057539d45f4cf1bca20096a551b2f02aac3248e7890a41d3c8add3a045ee30d
assets/chisel/textures/block/ctm/circular/lime_concrete/4.png	255	1c1c4575ecea86cda971a05defe08e3e16deb24817cecfb6b1431efde7032464
assets/chisel/textures/block/ctm/circular/magenta_concrete/0.png	244	21c3049733e60cb93dfbbd0689062ff16b8095d4be90f9ba2a59a3219d925f02
assets/chisel/textures/block/ctm/circular/magenta_concrete/1.png	182	6b0004912c469326a7fc51d1735ffb23cc6a906e007e10a299f446fb456af977
assets/chisel/textures/block/ctm/circular/magenta_concrete/2.png	230	839d19858df22d7c3228fe696747de6e17effd47c431f1132c269c6731984038
assets/chisel/textures/block/ctm/circular/magenta_concrete/3.png	203	dfb42c707c54703afbbff65fbc1c67963f989bcfbe256196e625456aaa249fc0
assets/chisel/textures/block/ctm/circular/magenta_concrete/4.png	244	5534485d38a4f01caf728d4ed83a06a1034a79ec06e308fd2770f91b0bfb6ac9
assets/chisel/textures/block/ctm/circular/orange_concrete/0.png	232	5a6dce19bf13b4320e2ebd201ae5a400a731f787a9fb08c191835659793f9c8a
assets/chisel/textures/block/ctm/circular/orange_concrete/1.png	202	4cdebac0a760317a3d7c976559a7b30097bb97b5b06e3aafc050918706b72c05
assets/chisel/textures/block/ctm/circular/orange_concrete/2.png	228	d7c91c072591563756e1f4658145bfa4ac3b92593ce69168d4caa817755fa059
assets/chisel/textures/block/ctm/circular/orange_concrete/3.png	209	f3e872fa974850d099e8e187d485e3f7e9b2c2daf0932793caeb64a8cf5f83e4
assets/chisel/textures/block/ctm/circular/orange_concrete/4.png	251	03d343b8fcd1c70f81a30006af75018713bfc5cf540e6b0e908c89adb0fc71f3
assets/chisel/textures/block/ctm/circular/pink_concrete/0.png	263	f89e1c75dea3bb3acc5f8f9e5016577484c92b4f25ae13191c1a2b3291fa4aac
assets/chisel/textures/block/ctm/circular/pink_concrete/1.png	207	31326b47bf9c45e811c8622d40bf11708dd4443a58c5b1c8ce4011ee876a1cee
assets/chisel/textures/block/ctm/circular/pink_concrete/2.png	256	4a42e01d9421b8f0ea789deba7ce645a20d5e4703aeb69dded73522d0e575102
assets/chisel/textures/block/ctm/circular/pink_concrete/3.png	230	80f60c86ce2c0da9c54a4faa589a31e7425ec2ab0b864f5b70b2a9ba9181b3a7
assets/chisel/textures/block/ctm/circular/pink_concrete/4.png	269	02d7703fcb65fca5b72d25f03cd10f2c46e1a644b31dfe3549ae7eff85fc831c
assets/chisel/textures/block/ctm/circular/prismarine/0.png	394	2613cfe0e823062951ef4a3e705c917bb3529b7607d4ce30f5d4c31b3f751247
assets/chisel/textures/block/ctm/circular/prismarine/1.png	361	5d8d94984fe030390d22645975205a2b0cbba326e16228d9c470566f51d52eae
assets/chisel/textures/block/ctm/circular/prismarine/2.png	377	565813a4b81c56e6d6643d1badcb5ca07b6bff21a3f44ae5fef1be7589d7d7e1
assets/chisel/textures/block/ctm/circular/prismarine/3.png	364	d88f2dca02e0c1271cef1e0b2d1659246badc796acfc2f153d53b382123a0b82
assets/chisel/textures/block/ctm/circular/prismarine/4.png	375	6ed3233ef5c63347d09e46092a7334b1ff07a0e8d22c86089bf2f38eec7a612a
assets/chisel/textures/block/ctm/circular/purple_concrete/0.png	238	5c728addc46a0d32a193189fbbe2e00debf3a49b24f1dc415d62450dd9e3338a
assets/chisel/textures/block/ctm/circular/purple_concrete/1.png	185	5a6b24997e5713e2648dbd9aba2690cb41e679392c13109e070dcaeee604b523
assets/chisel/textures/block/ctm/circular/purple_concrete/2.png	214	4825fede995ce23228942c56bf2d7003ff3602463e129e17a071142c2f0b2b40
assets/chisel/textures/block/ctm/circular/purple_concrete/3.png	203	5eaa9de93059beef6ad68dfbe7e20a023b606e5c82ca7a7f93f2b16d8a50b80a
assets/chisel/textures/block/ctm/circular/purple_concrete/4.png	241	6e6f52cc6087b87c0e5b425dc02b78ca15c0cb2bdc36dbb215d2ce13a368e3e7
assets/chisel/textures/block/ctm/circular/purpur/0.png	266	ff4a9bb482635e05b3f468f9d0f6ac35e8caf84d6ae702c96a2fde7116314784
assets/chisel/textures/block/ctm/circular/purpur/1.png	250	eda0834e6746f4ea545550ab5c11ee02ebe194aadc0a7319eb8defc376b02a66
assets/chisel/textures/block/ctm/circular/purpur/2.png	260	a2ca5bf07faf49e073d066d20bd03d759ed99e9cc115738ece991f4e4dcd2fd1
assets/chisel/textures/block/ctm/circular/purpur/3.png	254	09f2381ee2743d95d1c9e0600b9831ea85ebfbc84d9abb9c941c2ee62e7b450a
assets/chisel/textures/block/ctm/circular/purpur/4.png	270	5bb0e77b8c8fff29ed41eedcf89c0a190bdbcffdb5e2e3862cdd0e3b72ad139a
assets/chisel/textures/block/ctm/circular/quartz/0.png	208	4b70bc20c81ca236eb2e4d0b9ba11b69b21a39178ab67ee11e28515a55e9799c
assets/chisel/textures/block/ctm/circular/quartz/1.png	235	7c43a1ff567ff9ab8cdc486b88a2d4791ec0901a9343af1f3c481e700824df70
assets/chisel/textures/block/ctm/circular/quartz/2.png	213	b4190dd571b0cc41552df246ecdea4692ea9e8b136f2975dbf5801b91cbd1cc0
assets/chisel/textures/block/ctm/circular/quartz/3.png	198	71dc3925fde900eaf165c825b4b2e6e00933501b8274f6b8114c53e0fe9d0284
assets/chisel/textures/block/ctm/circular/quartz/4.png	244	51158229ed7b904d4bc64bba12434a5b9b1103f3da6aa0f17f483f7876786c97
assets/chisel/textures/block/ctm/circular/red_concrete/0.png	245	17d1330745f72495dd454c02cb360e3e1d859ed61fe3350ef5e980cba1a692c8
assets/chisel/textures/block/ctm/circular/red_concrete/1.png	205	efb53b48d21c7fc1a3965648ece5513c4fb673c638c8b69daa2f7d9f82c8d46c
assets/chisel/textures/block/ctm/circular/red_concrete/2.png	231	a327efcd77795f2b19f65d9d98ee980575422eec606a205d329fe910c9430f4b
assets/chisel/textures/block/ctm/circular/red_concrete/3.png	212	7822352b1ea590dc3a605a4ebe82ba203668ae15cb4aa41a2f7acbbd8b441183
assets/chisel/textures/block/ctm/circular/red_concrete/4.png	253	e1bb0443eca961a456888c22b5e7ee73f9b35802f168fefbcd547ea8f13f34a0
assets/chisel/textures/block/ctm/circular/red_sandstone/0.png	284	1bd51091200882cbb09c5bcfbea52d858ce1a88383a08cc73e79c9b6741e1425
assets/chisel/textures/block/ctm/circular/red_sandstone/1.png	528	6ff21c44c63f56c80f4dead439068844073199fa5462ce332446054300b969a6
assets/chisel/textures/block/ctm/circular/red_sandstone/2.png	667	b9da33a11b3e756b465fe0d3f7ced972974e6ed32259b4fa8771855add022553
assets/chisel/textures/block/ctm/circular/red_sandstone/3.png	487	b695cf7b227c10795fd46c204d25a30c97ad8e9c67723be2dcd68b35c2c33f1c
assets/chisel/textures/block/ctm/circular/red_sandstone/4.png	627	70c250ba595368a0bba7efddd14689ceeede04f4daf7af32a72bc58222549750
assets/chisel/textures/block/ctm/circular/sandstone/0.png	279	3fc8c58154fad63da204f580163e479c806a7111c57581c4990a21ee89eae729
assets/chisel/textures/block/ctm/circular/sandstone/1.png	551	2d3d6a116efd3a826a74440d1d5be8051ccbc333a0895e562f7bc1ce69afcbf5
assets/chisel/textures/block/ctm/circular/sandstone/2.png	692	82eb70ce44401820d128a3e7c2834cd03718891988296b8f06a29a6a4dde6690
assets/chisel/textures/block/ctm/circular/sandstone/3.png	437	16cdd15c8a66caf6bf7665d276596631a77e6f05e2e0088bfe2933b73ef159b5
assets/chisel/textures/block/ctm/circular/sandstone/4.png	664	f45e841a66e890396f898a87a2c5893a0654793fe25627f5655b79ed1dbd87fa
assets/chisel/textures/block/ctm/circular/stone/0.png	260	4bf2d5b2370c917212614356f42b0833d430377cf1d7155fb067d7b45aedd88c
assets/chisel/textures/block/ctm/circular/stone/1.png	455	6021491e83a178ada53973f205974c5764a0790c5e3c3d4f5d9866709d076883
assets/chisel/textures/block/ctm/circular/stone/2.png	639	61e40606cc643f6282de51c16a0781382ea4df8490b83f19382de8803774dbd3
assets/chisel/textures/block/ctm/circular/stone/3.png	438	d5be5b9ac856410930df8f5f3c092437582ade21e15ac3a6641940c8a837a89f
assets/chisel/textures/block/ctm/circular/stone/4.png	622	e8e589bf18e0a1d9acb9164938f43f7aa9b6a128967b8d22f4017cabf7b2e7df
assets/chisel/textures/block/ctm/circular/white_concrete/0.png	259	5b83a74f89101f3fa2c778dcf5545c39689001812717f3487b60574d2969d7a2
assets/chisel/textures/block/ctm/circular/white_concrete/1.png	207	f3fb094b8b033b19ddfbdfaba67c59ad8428f92220ae16d03408c2cdd2c01f2a
assets/chisel/textures/block/ctm/circular/white_concrete/2.png	252	69bba7539ca5225a45da78f2f5a5e4f336b385c57ed167431dd83d4d2b8ecb77
assets/chisel/textures/block/ctm/circular/white_concrete/3.png	227	cb17bc216cfc32ef7b7d15552ccde54a259a4d4d630f2cea2452802aaf6e560d
assets/chisel/textures/block/ctm/circular/white_concrete/4.png	269	67ed0d9a6b94e6acd215b44dc2d9ca128491b500a803b31aef0d55a3433109ba
assets/chisel/textures/block/ctm/circular/yellow_concrete/0.png	232	16760262d98fdbe50868c01598506de3bee22623daac7dd5843b103fa02a458b
assets/chisel/textures/block/ctm/circular/yellow_concrete/1.png	182	81b53136128f5bb7cfefb0b10ee5c1e15511035361e23c721c89ec22cb2d7f99
assets/chisel/textures/block/ctm/circular/yellow_concrete/2.png	214	d1631fdf157f4215be4f4238726a8d59da7ebf55a4f8ea92436077cadc15bf1e
assets/chisel/textures/block/ctm/circular/yellow_concrete/3.png	190	cbdeaf2ba0244e8cac1a02e1f5a7ab801e3e90afb949cb518c0f34fc261aca6d
assets/chisel/textures/block/ctm/circular/yellow_concrete/4.png	240	2cb6ec0057abdb235264c7c9a9b83eecc1a217cbf439a872addad5c2e280947f
assets/chisel/textures/block/ctm/cobble/dirt/0.png	699	597f05a37a650b83e903c9ea88b937d850143838a0fef133d38e1a9701c71f42
assets/chisel/textures/block/ctm/cobble/dirt/1.png	1099	124e61b9891fc171c4f89f94c0b703c224568e76682a310d2ef44fecf83139d7
assets/chisel/textures/block/ctm/cobble/dirt/2.png	1099	777acb0d23fa0ccd965fe1cc6775dba737f36a501c9558ec2b29122441cf0baa
assets/chisel/textures/block/ctm/cobble/dirt/3.png	1099	ce8d2dd506ba476dcde5adecb751dd810105d1e1ddf76f13a755b6cba1fc65af
assets/chisel/textures/block/ctm/cobble/dirt/4.png	1099	d768dab5fc1f5d4f96f12982790cf286f51c36e8ceb1a3bf7807ed826c60a589
assets/chisel/textures/block/ctm/crude_horizontal/acacia_planks/0.png	433	c6fd0839f7088c99355970bc5d79a714ba25e7b67f3509ccf80d11eddfdd52ec
assets/chisel/textures/block/ctm/crude_horizontal/acacia_planks/1.png	602	ce57a12f623672a8d6e919cf94df2ddd705473a18438cead399b17f8d8340fbe
assets/chisel/textures/block/ctm/crude_horizontal/acacia_planks/2.png	617	03729982314f752178f63fb561699e39695ac4e95674af90b572788fc6a25877
assets/chisel/textures/block/ctm/crude_horizontal/acacia_planks/3.png	641	3c481bdf7213f6c5acb2e2618f6adcb350018d7fc0b56a9cd741901e2d5f862d
assets/chisel/textures/block/ctm/crude_horizontal/acacia_planks/4.png	641	7019ff305fba600c8f02435bd3f2eddb4c1b68268041010c41d7f9d65a9b2fa5
assets/chisel/textures/block/ctm/dent/andesite/0.png	334	1861ab43871f40f5905a1f305229618a8162353adc3c13268d3e96fc63a41494
assets/chisel/textures/block/ctm/dent/andesite/1.png	321	12831b395ed8d17a2309bdaf81b544cf48f5509c719d0c83613a65ecb2124c15
assets/chisel/textures/block/ctm/dent/andesite/2.png	346	8159e740240742fa9341a1d73a2fee89e0df162e2342755262461724e6c733af
assets/chisel/textures/block/ctm/dent/andesite/3.png	329	faa8395e47a6022bfe20554837c4f3718b7bcdd183431cc105b9c21fc386c4e3
assets/chisel/textures/block/ctm/dent/andesite/4.png	339	f62ab4ac2b94635c0ae7689cd08352b7b1050ae093a31631feecdd79179a0c61
assets/chisel/textures/block/ctm/dent/black_concrete/0.png	184	fff96c74a54c83d1fb074008a65c61e2ea8f32cf31cbe4aa2e696d588cdf438c
assets/chisel/textures/block/ctm/dent/black_concrete/1.png	111	619bcb5735ca2279257ea1fce46ad4323bd68aa1b1182605c149c5610584f7ad
assets/chisel/textures/block/ctm/dent/black_concrete/2.png	149	dca877e885dbfe1a1888981a58a8391a992e8455398cd5a32e034291eb64bb81
assets/chisel/textures/block/ctm/dent/black_concrete/3.png	151	6358da248b88291d8c2c068e40604f1e9a826c7f9bb87afbbdc5f87a274e091f
assets/chisel/textures/block/ctm/dent/black_concrete/4.png	156	30fb72a963dc6f2435645c121f52db2b6b45110a3e71090b30d38376efcc95eb
assets/chisel/textures/block/ctm/dent/blue_concrete/0.png	243	f7614a1445a310781928d80bd6058f47913af0b0171fc4cf0bccf6dc0ce31928
assets/chisel/textures/block/ctm/dent/blue_concrete/1.png	191	afe69edbeb2f2ca9ec00a8260fd429b9836b8797b608a0e9cffaf93f30fbecd9
assets/chisel/textures/block/ctm/dent/blue_concrete/2.png	215	32cc83a308554eabbc79c849123cfac0bc93ffbb0c210026cab20682f9a6ea35
assets/chisel/textures/block/ctm/dent/blue_concrete/3.png	219	eae48ed2278edc09a85ee47fa33c67fb1d69753855a91a8f4329d4184194ce15
assets/chisel/textures/block/ctm/dent/blue_concrete/4.png	229	bf893215131984bd33cb85a8cb34c166074a6d069d403c54265d73e93f08e5ae
assets/chisel/textures/block/ctm/dent/bricks/0.png	279	c9c4a0b82637617467ac8cd45367cc728409e95ecfe8acaf4a34d3aac4e429a2
assets/chisel/textures/block/ctm/dent/bricks/1.png	270	d1621b727decff033cd04dbaa141ab3038eb9a0b1db522b3cba4f988d2393294
assets/chisel/textures/block/ctm/dent/bricks/2.png	281	1fcd20d28229f21f0c8d191e8c383b4b36af262e6956677f380fe7df83afa859
assets/chisel/textures/block/ctm/dent/bricks/3.png	278	d00ca4791ad108324a7d9429dc42ec3f5770a2f04bf4b69152ab5f8688c861f6
assets/chisel/textures/block/ctm/dent/bricks/4.png	277	55a7d8e2d619cdc024d086f6ac3a94b73755234f4c63829b01a931e79232856d
assets/chisel/textures/block/ctm/dent/brown_concrete/0.png	239	9494eb7f510dcb383ecde424d431b816a370b23156b74b75e8bffe843c3c8c08
assets/chisel/textures/block/ctm/dent/brown_concrete/1.png	184	84de3a6223775fba8f95f0f7eb501ddc22e41a1e2b6e64e529918a6db477522f
assets/chisel/textures/block/ctm/dent/brown_concrete/2.png	215	dacbc24b432cb77adb6fe7d9f6adb30ec342d4251a31bed78fc38bb0a022bcdf
assets/chisel/textures/block/ctm/dent/brown_concrete/3.png	209	0ad54a608f8c13746d392886fb9d73c5e811ed486914d9e336a1bb2b7bae3081
assets/chisel/textures/block/ctm/dent/brown_concrete/4.png	222	97ba593faebff8d17395b1bea995be48e9b5a6b7a95be1eb081229574a26c87a
assets/chisel/textures/block/ctm/dent/coal_block/0.png	215	188013bdf4b83ecade8529b9b2523076f58b7781c6322e0e926633414fd550a2
assets/chisel/textures/block/ctm/dent/coal_block/1.png	205	84663228d6974b369cd62b9bef9595d087e298046ffc8aa20c2be953ccb9ef04
assets/chisel/textures/block/ctm/dent/coal_block/2.png	212	c2dc8cfa90e0ee8af5e73d95b506e90ab3afbc0dcb3ea34be80414269dfed202
assets/chisel/textures/block/ctm/dent/coal_block/3.png	211	cc51689e6c17a86548087c71ff039b79d24ecaa36488796739a614b0ab3d9927
assets/chisel/textures/block/ctm/dent/coal_block/4.png	208	6717e08364581ec3a3bf1263e42442802765d5e349c889e3fa5cce50ff5f6f8b
assets/chisel/textures/block/ctm/dent/cobblestone/0.png	256	abf99b2a500df030febd5ab6516660a6b6811fcd0244c6cba085480d83b9ea02
assets/chisel/textures/block/ctm/dent/cobblestone/1.png	484	046ae6d823c8123805f48aef5318bd27a908e36948d99e274f674e78c93b68da
assets/chisel/textures/block/ctm/dent/cobblestone/2.png	618	fd3cfd7d3eac298abf960604cc4546b4153aca0551222698e976d1df131f658f
assets/chisel/textures/block/ctm/dent/cobblestone/3.png	544	d46e430d924d7170111fac2dc9ad859145683181769472f196adb3f6816bbea7
assets/chisel/textures/block/ctm/dent/cobblestone/4.png	558	de65559a412b4d89c0aad74cd51dd82a2b48deb827760d6443f595d2128429f7
assets/chisel/textures/block/ctm/dent/cyan_concrete/0.png	261	6b66a9ddcd4246967072a1c9b1005f3f0c91fa74b449c61086d2e3746bf4274e
assets/chisel/textures/block/ctm/dent/cyan_concrete/1.png	207	f56f7756c6165c9d079f9301f1bff1f4eaf83d495254b3a178bb606e1bc505b7
assets/chisel/textures/block/ctm/dent/cyan_concrete/2.png	239	6fdfc2b6c3335194e73f695937748b2a8d9d4761247118b6e77e437a2bbcc97d
assets/chisel/textures/block/ctm/dent/cyan_concrete/3.png	238	7f4229f186c2cbb6873f1f856779be9f6603f2723d767710f15fae731bed2059
assets/chisel/textures/block/ctm/dent/cyan_concrete/4.png	239	7fe5623ad9a13555e9568404380994a13c77fe00fcd0850c6b1f6b3108ad7e58
assets/chisel/textures/block/ctm/dent/deepslate/0.png	228	dd4c9af75e7a5c22b312669d01c7e7354d245a8988558e396773c34d9b1e33c7
assets/chisel/textures/block/ctm/dent/deepslate/1.png	163	3e7505854d73ad83b3f7668867a7ca948bb49ee83e439aefb54695ead9c2f628
assets/chisel/textures/block/ctm/dent/deepslate/2.png	174	6fd7c0bd8f6dc508ecc24a5eb15d8c210abbef5413c4fd87b8d9010f4d970d07
assets/chisel/textures/block/ctm/dent/deepslate/3.png	166	6ee67978b3b7bdbbbe1d88000f025aa635af72ce06cd9af586d8744f7794d9b8
assets/chisel/textures/block/ctm/dent/deepslate/4.png	178	4a746cab8479ecab49dcc5fb6e556c3c5b6190197ce4a8d92c21a3fffb52f400
assets/chisel/textures/block/ctm/dent/diorite/0.png	269	ccb89c027f29e5ff6af8241ff4c4a5de87d2a583e0e574787ffaa34dbfdd35f6
assets/chisel/textures/block/ctm/dent/diorite/1.png	269	f19caacc84a2ddf4f947b483daf37f736b79129c3b2c26b0d52c44e69c537188
assets/chisel/textures/block/ctm/dent/diorite/2.png	269	fc3259af55557f25754a9d7a782508a9821750487a9f1f7768f317043983a786
assets/chisel/textures/block/ctm/dent/diorite/3.png	269	6e89539f2b4ea8e7634ed941dbef5368095b7bbfb6902c82d817a24d07bf0369
assets/chisel/textures/block/ctm/dent/diorite/4.png	269	c1ed3d0a6087c801b553d555b6ec61cc4d8a4687f257b1753d7af861ab6b9c69
assets/chisel/textures/block/ctm/dent/end_stone/0.png	272	f66fcf9ba3a830e33c8517692ba7746ff60a02f3b7e4f622dc899341089e43b9
assets/chisel/textures/block/ctm/dent/end_stone/1.png	253	dec66d344c63fe7b24b67a91b6ee96f2fb60246031526b5cc1f6c4d0343b9780
assets/chisel/textures/block/ctm/dent/end_stone/2.png	272	af1a79cf5e5955d97a476c405f654f0b2318e3a2f29853caa2feb2a35c7997b9
assets/chisel/textures/block/ctm/dent/end_stone/3.png	262	fdc072224db286b2edcbe5c694a6ab8245d6980eeefbe659a484b1cd67dfe3ea
assets/chisel/textures/block/ctm/dent/end_stone/4.png	272	61b366a30e70cdba8befea04d870a7c20051875a95ec0f2c02d01ca337797113
assets/chisel/textures/block/ctm/dent/glowstone/0.png	136	72276ca69ca62bc04b8f711aca3df6c53b8b8fda0afdfcf61b7e847151ae6f63
assets/chisel/textures/block/ctm/dent/glowstone/1.png	102	052c2c5c8f612dd62527c54a4c74c8aa4398b1095ae1a479e5b059ce4b29cd53
assets/chisel/textures/block/ctm/dent/glowstone/2.png	106	9bc1078ebae15fb17be88e8fa119d0040f659b24e47da93cd54bfc244e57bd91
assets/chisel/textures/block/ctm/dent/glowstone/3.png	111	9077c2ed9e1126f38696a4a90e792c0cf9fd738e899399715bf6be9893b6514f
assets/chisel/textures/block/ctm/dent/glowstone/4.png	134	c9049ce07848da6f766b3b06078ba6a3c09c375ab75c8533a4be4b196f6ca074
assets/chisel/textures/block/ctm/dent/granite/0.png	308	ed95712e3edc75ef7bd8ba95bf5e21d80428efd57ce9e745402ba186965122fe
assets/chisel/textures/block/ctm/dent/granite/1.png	310	2883f57f637bcee7065a45307930824c773801a09e38e4a9ecd4b8044da709a2
assets/chisel/textures/block/ctm/dent/granite/2.png	318	7e8de014b54e89109b355e22b9175aba2c8ebb09512272619f73732c326c486b
assets/chisel/textures/block/ctm/dent/granite/3.png	314	46bf0afafc7f564adec02c31232f434cf665a17820d2f67bc20b29251e706b74
assets/chisel/textures/block/ctm/dent/granite/4.png	315	b902f70eb89254bcc041e86cbeca108e2f42a11beccf655c35d41a56db075e52
assets/chisel/textures/block/ctm/dent/gray_concrete/0.png	236	becc217e22d97b084c91b83d6039e34f944aafa245b7b08fd058796398c1e072
assets/chisel/textures/block/ctm/dent/gray_concrete/1.png	181	fcbd2cfa1ae5c789ee3fab77ea8da397ddca516d06ecfb1f9d4de5db2284155c
assets/chisel/textures/block/ctm/dent/gray_concrete/2.png	198	2cb85589de09d58fb37ad1bc6a78d5f0827070beff0fe1733d82af1cff2d3a8d
assets/chisel/textures/block/ctm/dent/gray_concrete/3.png	215	d14ec3a408e889e387a5c34bb890943e8dd668eca42cc1743b17211f8d793452
assets/chisel/textures/block/ctm/dent/gray_concrete/4.png	215	d34724ce7071a25e2174c3f1421a5f163f4b2f5e8344668f13bf3affcf349e0f
assets/chisel/textures/block/ctm/dent/green_concrete/0.png	245	328d68fbc1e8d23c21339d9c4483a1fdc4e0127135dce84823576041caf5bdf9
assets/chisel/textures/block/ctm/dent/green_concrete/1.png	198	76f6ff16d75f1c99ff427d6fe8d305dfc59bd7794f74ebe61efecae7833f0f11
assets/chisel/textures/block/ctm/dent/green_concrete/2.png	228	2a3816c43945f0d647350d6eb698de77781be11de3ecd8546e29c351ffc6fc35
assets/chisel/textures/block/ctm/dent/green_concrete/3.png	225	523d6b775ab98bc3e1579db2a3f1e238d18f4931110f0e73db9de9187324d432
assets/chisel/textures/block/ctm/dent/green_concrete/4.png	230	50281f58e210be6872462a79823f10574120a361abafb933d78eec22db1c643c
assets/chisel/textures/block/ctm/dent/ice/0.png	330	864ca0c35115f724295fb4f7301bb07ead15d71c7848eb5c6ea7dc3215cbd336
assets/chisel/textures/block/ctm/dent/ice/1.png	285	6c96b1f34234d1335eb7c27b54761ea43d169f5c8d421a38a3cd96a3da0e1100
assets/chisel/textures/block/ctm/dent/ice/2.png	316	c0341682930cd883effd7af25dca19aaaae425fcb85b377a8bf684f475661ac0
assets/chisel/textures/block/ctm/dent/ice/3.png	312	1eeaaa1279b005ab565b414f4815ee98dcac77f3d918d13627100ba23ec2268f
assets/chisel/textures/block/ctm/dent/ice/4.png	338	aed35efa42e89dd05515ed7a8d301249dd7ac9ee6530cbeef67efe08e1bc4433
assets/chisel/textures/block/ctm/dent/light_blue_concrete/0.png	229	1d7596cd94a2baba17830c80aebc6426a706be11e9c5b354a4884303aa29be6c
assets/chisel/textures/block/ctm/dent/light_blue_concrete/1.png	196	84b47c449c379e65f0cd8bc6c73693aad2cf4215b4699b33f56ecf1e4432818e
assets/chisel/textures/block/ctm/dent/light_blue_concrete/2.png	212	abe9b2a08e6dd1403cb328853044ea9d3dd77a8e5016221bef860f6632eab8c9
assets/chisel/textures/block/ctm/dent/light_blue_concrete/3.png	214	a08fb0b181ffd44ee22c95bff79535d0b924991060a8d5c45b8557e867304185
assets/chisel/textures/block/ctm/dent/light_blue_concrete/4.png	219	09cc76da1c96f57101ad102703623b4aa7c2f9b580d11b2e9ea8ecdd2aeb0ff0
assets/chisel/textures/block/ctm/dent/light_gray_concrete/0.png	224	e76be9f1148fc7c4e41f039a8ee30f23301278467007503500052c669e88222a
assets/chisel/textures/block/ctm/dent/light_gray_concrete/1.png	187	751e757a88d6840ad89d270c0974fc2c7b8905b298064bd47fc1c274826809d1
assets/chisel/textures/block/ctm/dent/light_gray_concrete/2.png	203	e8b1779764736d6f1d484865c0aa8a0b99c8af522619af90535e7f82af75c79e
assets/chisel/textures/block/ctm/dent/light_gray_concrete/3.png	213	179a68c46f687812097fe6c15f8df411d851dfa3203a5f8934f19535a0ac9927
assets/chisel/textures/block/ctm/dent/light_gray_concrete/4.png	219	4f1dce3b96e9b2540c2edc46cbd36023666594a5fe9612b65acbb574569a2d2d
assets/chisel/textures/block/ctm/dent/lime_concrete/0.png	256	ea87a2b61694cdcd09d001a452435e7b8c8e3a1ec53b2078d8974015c1541e61
assets/chisel/textures/block/ctm/dent/lime_concrete/1.png	204	b6f3d9aa2b11a04d3cbf93fdc8ea6d79de4926ad1ce3ca7c302ec105a1712d0f
assets/chisel/textures/block/ctm/dent/lime_concrete/2.png	227	5ca77977ae231f47b89f842863c370184b41e5aad3aa62e7a9580ebc57b47f0b
assets/chisel/textures/block/ctm/dent/lime_concrete/3.png	233	9692ee0ce04b5b54451ac88543431d27ad6fb7a21e81a43edc3ad2d642f6a59d
assets/chisel/textures/block/ctm/dent/lime_concrete/4.png	234	c9b95fda55760d769b3c6cbda6be629254d55ef45647f94a1eee7c1811c86c70
assets/chisel/textures/block/ctm/dent/magenta_concrete/0.png	238	e432bcb63bc4f860f5ad6b1c95d5cfe7ffca32f143c1db8a75258723001d7800
assets/chisel/textures/block/ctm/dent/magenta_concrete/1.png	182	34e1a855ec97c462c8fb2c68c3d5adee8bd3b3524b0ce957c9424b6182aa49a0
assets/chisel/textures/block/ctm/dent/magenta_concrete/2.png	209	8e7f867e7faadafdb20b3c8b7ca14993cca71a3d70871f7b92f242401c460cf5
assets/chisel/textures/block/ctm/dent/magenta_concrete/3.png	213	76334c520f7a65a14db87a7a541e83b76606b996d19cd715f11c83fe5fd066d2
assets/chisel/textures/block/ctm/dent/magenta_concrete/4.png	212	ad84d7442ad0c83c44a7b2d2aedec473f3b0e170ac8bf1b7313056fe5b45bc64
assets/chisel/textures/block/ctm/dent/orange_concrete/0.png	241	1bb4b14dc6a36fdb5077d96de14749d3560b7c3c8b6d3fb0c98d962ebf6bbcfd
assets/chisel/textures/block/ctm/dent/orange_concrete/1.png	199	661900a9b917cdecfed59f14eff091ff2c11254d32f73c64cae960be36234ef1
assets/chisel/textures/block/ctm/dent/orange_concrete/2.png	219	668177963d40bd287de6be0587f7236280f1eacdd6e5466a72739482c41a0592
assets/chisel/textures/block/ctm/dent/orange_concrete/3.png	219	41ea2f6da4759fcdf2756ffedb71cd764348d5b0845af467ce24126667dea025
assets/chisel/textures/block/ctm/dent/orange_concrete/4.png	228	718f819855d43c9dabec7a6a88f82f355e171c4311669a881845986ab9f1a8d3
assets/chisel/textures/block/ctm/dent/pink_concrete/0.png	262	5744e863c96866913b4d5ac962e6c5ff13ad17da0772f47cd9dd27c87701fef9
assets/chisel/textures/block/ctm/dent/pink_concrete/1.png	207	a31522be9b113d1f12846d4602e9d26c2b3e383a7e178c0fc17a43e5af26e589
assets/chisel/textures/block/ctm/dent/pink_concrete/2.png	247	58c71d26f1d85bc08d0d9fbee39b3966f71f379238b6a597aacbda53238b0925
assets/chisel/textures/block/ctm/dent/pink_concrete/3.png	243	6e5ad1f539c853d0ceae87c2140cf1aabe9d0af08566600e87a52d1cbc56f7c0
assets/chisel/textures/block/ctm/dent/pink_concrete/4.png	243	19370db8ac2e1c3581359091c9a223259092de99011daff050f5622d1f927b16
assets/chisel/textures/block/ctm/dent/prismarine/0.png	411	a704ceb4c20494a55c91276ea98b04d680b9a71480c8f0776a0f875c6d7c2f8a
assets/chisel/textures/block/ctm/dent/prismarine/1.png	361	9305754d385c5763594f4901964ec84091313edbca6dbe6ae86ac45d124edb22
assets/chisel/textures/block/ctm/dent/prismarine/2.png	378	3b6185a26ca649362659164864fc631446c181ffba4778b281ce05d19c41122e
assets/chisel/textures/block/ctm/dent/prismarine/3.png	374	6a0b36eff64ed313399d35a593f9b117ca969cf197a36bf79523813f13b04b3d
assets/chisel/textures/block/ctm/dent/prismarine/4.png	373	9c2a7f4fa27eaa397bc1195a474e7eadf3d1fd71f5e9ea77745425f2ae00a7ce
assets/chisel/textures/block/ctm/dent/purple_concrete/0.png	235	5dda130767d1d09ab4adec724da18003b83a0d4709d07b6fa68f53a3f2755897
assets/chisel/textures/block/ctm/dent/purple_concrete/1.png	182	0a0f45a3f72f2059a0d55f1b387b2bbe1b977473bd2c7fd800720d416d46d4bc
assets/chisel/textures/block/ctm/dent/purple_concrete/2.png	206	8429422073b83e378d0366ac7efb9f2929e9a03bd5f4b3cd9faeb7aaf51d3c4d
assets/chisel/textures/block/ctm/dent/purple_concrete/3.png	210	85d79761ba2250e449148aba1078225056a06b2695ca315186ca20a15a476b94
assets/chisel/textures/block/ctm/dent/purple_concrete/4.png	215	920240b17c35f489fdb545346f719b2ba982c072a54c7e38f740793ca5034f75
assets/chisel/textures/block/ctm/dent/purpur/0.png	265	9767604871fb589a14acbadc46b0ee635889da68e8e472e8934c493a190ae0a5
assets/chisel/textures/block/ctm/dent/purpur/1.png	247	46fb24b1abbe2cd4a77cc33985953a27dabe091c8b93fcc50f86a4067e3b08cc
assets/chisel/textures/block/ctm/dent/purpur/2.png	267	8debfa9fe25ccd58830bc5e2325420d6bc90f5cace346fe26ee28a44827287b5
assets/chisel/textures/block/ctm/dent/purpur/3.png	264	be9c72b3ef545d5e10ec5644d08345b102315dad66024b9b7979062e09ef2851
assets/chisel/textures/block/ctm/dent/purpur/4.png	269	a788ae19c63d0bc732c9667126bf59f06f8d364760dff964174e1a8badeb5550
assets/chisel/textures/block/ctm/dent/quartz/0.png	232	c0e667213f7c9c06ac605a60ff9509825d8b89cb1c02c7300cf5e71caaf3789d
assets/chisel/textures/block/ctm/dent/quartz/1.png	235	7c43a1ff567ff9ab8cdc486b88a2d4791ec0901a9343af1f3c481e700824df70
assets/chisel/textures/block/ctm/dent/quartz/2.png	242	590db8e87658fee197f2495c21d573141c7528dc05a3b27e701af7a9d71cc51c
assets/chisel/textures/block/ctm/dent/quartz/3.png	235	e271564aaffa23bb8599f85d4a4254ce3902321e559d635627a59e932ac18aa3
assets/chisel/textures/block/ctm/dent/quartz/4.png	246	ebc65315b76f50de097a4a6d6a5e27d0e21c076717af6c3b34f8115c1383c3d5
assets/chisel/textures/block/ctm/dent/red_concrete/0.png	241	bbe01f6b0fd39bb456b484eae39258257c2d0bbc69214042d2105f80feecf9fb
assets/chisel/textures/block/ctm/dent/red_concrete/1.png	199	63ef98843c578f5c158aae812c115759ada98fb7ae35aeaa4f41b6704611d9a5
assets/chisel/textures/block/ctm/dent/red_concrete/2.png	221	b55cceebac2123a51273bd0b1a01652a642b8895985e0ce5d79c5ec450b50050
assets/chisel/textures/block/ctm/dent/red_concrete/3.png	221	7f64495a6c54e2cd6b5dfa59404bad042299f6a6e0e7d8c9513c5f5a056071d1
assets/chisel/textures/block/ctm/dent/red_concrete/4.png	230	3854b8e1abb804d2cf7566f51c9bab2e7ffa21d3b60e0a8b67d1c2986cea6e63
assets/chisel/textures/block/ctm/dent/red_sandstone/0.png	293	6fce32d2749f38b713995c201361d90963a4974ea22ec96e07ee1590e590eab9
assets/chisel/textures/block/ctm/dent/red_sandstone/1.png	290	45ea76e3e7cc275db6f47859a77e4c9d4e11b717029a8f6986d126a2614e1299
assets/chisel/textures/block/ctm/dent/red_sandstone/2.png	296	a69952a59499d43770af965b37d2ec1a713dd2195e84a3f6edd6ec40ab69186d
assets/chisel/textures/block/ctm/dent/red_sandstone/3.png	294	e0ea3a76aaf08fc1d6b911f6730b00af6ac1696056e34ce92e62d2ca05d412ec
assets/chisel/textures/block/ctm/dent/red_sandstone/4.png	296	7d8b7fdbe3303825193af2773b029069f0c80da2964ecb925044cc54508964e4
assets/chisel/textures/block/ctm/dent/redstone_block/0.png	240	320a8d83faeb4f46072bb22483f4661fd7b66e640ca7ef34c39d46eb59bf9739
assets/chisel/textures/block/ctm/dent/redstone_block/1.png	195	0c259060fde0c9ad4ab5b8105d8b2428a4eadc7c708e93099d764f9b1d342836
assets/chisel/textures/block/ctm/dent/redstone_block/2.png	240	4f55eec0443aca127972713a8661c49bce80064c37021de067dfb9bff2895d59
assets/chisel/textures/block/ctm/dent/redstone_block/3.png	233	3f8aace3ff6b192362d42b7757b7fc296f2890458212452b12fbb7216b47edee
assets/chisel/textures/block/ctm/dent/redstone_block/4.png	254	52b7e76f758cb47020708ff2fb10174e048bbaa5e3d8266b85c1baff0067ba1b
assets/chisel/textures/block/ctm/dent/sandstone/0.png	291	f2f182413bb7290b8c12145bb119916b27cb25b35e598334413dbfc5e8fdd1e6
assets/chisel/textures/block/ctm/dent/sandstone/1.png	286	3f92f87af0585f59e940fb776debea7431592116d51fdc31ed79daf4c3c16a23
assets/chisel/textures/block/ctm/dent/sandstone/2.png	300	eda32a88473fb1dcfe3c8e7ea8d63c518d69287ef68ac2acc68656ed3ccd9610
assets/chisel/textures/block/ctm/dent/sandstone/3.png	287	e674d1797110f37e0488939b97bd83a40534200b65345253a429b6596ecf099e
assets/chisel/textures/block/ctm/dent/sandstone/4.png	299	51bef18994b8908db8b821f20bffe53f525bbe54ba9abb5e6ad940e9676f21fb
assets/chisel/textures/block/ctm/dent/stone/0.png	263	fc2305f43b4ab3a836ce8f82945e5b6b2f46b96f68fd02a99f462a8e8500845b
assets/chisel/textures/block/ctm/dent/stone/1.png	235	582d27676e8c46d26d5e7f5443fa68406aa27f0f857c77aff210cb97d4a665ca
assets/chisel/textures/block/ctm/dent/stone/2.png	266	8192fc49bd66e5dc26a95c19654611145b8148579790eafe9264ac73741c332d
assets/chisel/textures/block/ctm/dent/stone/3.png	252	d27e960972e74056455119aa65a5b43be1a4648d65afdadca8db5b89c48ba9f9
assets/chisel/textures/block/ctm/dent/stone/4.png	258	4ba50c8b75ddc3be15f1200a156de6198dbd5dabcd35f83916e253f0219fd491
assets/chisel/textures/block/ctm/dent/white_concrete/0.png	262	349309e9623c7c46ed8703de56934cbb8a2777bd1483980015fdcca989d74640
assets/chisel/textures/block/ctm/dent/white_concrete/1.png	211	2b5dbe939d6f22724f99c7f502839070d70e1e8be35b4091a22b8e03e636aaee
assets/chisel/textures/block/ctm/dent/white_concrete/2.png	249	cadbb5f887e6e5eb82e2bb9900e1e7a8bfd6da5159bd97f7b8fd35a76db58f7f
assets/chisel/textures/block/ctm/dent/white_concrete/3.png	243	bbef837250b350a0eab7d8c279ba747b704845151cad3d6f839b0dd959f06cb9
assets/chisel/textures/block/ctm/dent/white_concrete/4.png	243	571546ffe95a1723f2bfc253176e5484dc0f4d32520ae296616de488c6b78167
assets/chisel/textures/block/ctm/dent/yellow_concrete/0.png	236	26a8a5f7f7435b018377176c99e56ad7c39e301adbaca38ae423733c570d6d84
assets/chisel/textures/block/ctm/dent/yellow_concrete/1.png	187	a1bb1de426a5829b8e3ae63342e9ef491c08e42a46f2bbcaadbbce5692b98c92
assets/chisel/textures/block/ctm/dent/yellow_concrete/2.png	215	33172b118c26561dadb565df445d4a7e0308ff0688dc9fc88ae1bb5aea127989
assets/chisel/textures/block/ctm/dent/yellow_concrete/3.png	213	154c78f89080752502514c215a5f258e2dc4fcc9e896c8397c3d1130578af9e9
assets/chisel/textures/block/ctm/dent/yellow_concrete/4.png	222	ea74ce8249098586817a192c52a5b4e62e9233611a7377661772e1daebed11fe
assets/chisel/textures/block/ctm/encased/acacia_planks/0.png	665	70ef87735246a5444e7b5e093070be2433deeba9d7d4568009774668a1286454
assets/chisel/textures/block/ctm/encased/acacia_planks/1.png	452	2a569544292a8d80425aa2ee880421f86e6ca366de6f341a4e7334cd2090c648
assets/chisel/textures/block/ctm/encased/acacia_planks/2.png	534	2665741dc6ac144426c33548e849b447b1851c795c36f7ecee0df1fd0d73cd0f
assets/chisel/textures/block/ctm/encased/acacia_planks/3.png	468	856d6b22b92c96d86efce7fd728b69e0da4be974f58b590c7f3e4b387aa11ea5
assets/chisel/textures/block/ctm/encased/acacia_planks/4.png	577	615de9aec3e9b1087c808440c30a1241875596abbd572358d74c47bcafb2568c
assets/chisel/textures/block/ctm/encased/birch_planks/0.png	660	164c6dacd5a55ba5fbaa0884ad9c42b92d6dc113f3ba098688dfdcdaf2a54dc2
assets/chisel/textures/block/ctm/encased/birch_planks/1.png	457	fddb3310ba3325b78274584ffc3d0c53182d4addf17eb3f237cb0426ebc508f5
assets/chisel/textures/block/ctm/encased/birch_planks/2.png	543	71fc182100e9164d5b7808030217727fa7e6bf839fb046803a4fcd113b2c2df8
assets/chisel/textures/block/ctm/encased/birch_planks/3.png	468	e3e82e7ca42f5c9c00a36ac85bb81e9048eab6adfd1943602328a12294a3f0a0
assets/chisel/textures/block/ctm/encased/birch_planks/4.png	587	f26cc1af46662da72afe4845c2378e4777b81211458f51f5340ef01b353f0381
assets/chisel/textures/block/ctm/encased/crimson_planks/0.png	650	38d1674896f91d7920fba913e0bb27614ef6c970b704e3cfebdd6bca9663fef1
assets/chisel/textures/block/ctm/encased/crimson_planks/1.png	428	b5ef6c31bc048792b976fc99d5a3086e18acd6a4c55daaccdaf139814bd8d2dd
assets/chisel/textures/block/ctm/encased/crimson_planks/2.png	538	0353612d3e85cb3ab0eccda0201a89ecf99225f388a881776a9cc56354e51d83
assets/chisel/textures/block/ctm/encased/crimson_planks/3.png	425	b93820918022e7be6a6b365fa81c7bee88777eb2055cd4028568487a7f43f07f
assets/chisel/textures/block/ctm/encased/crimson_planks/4.png	567	6c5f3e003329b66a9ad6634ae9fd643622a78389821755991ff88581319ab6b0
assets/chisel/textures/block/ctm/encased/dark_oak_planks/0.png	611	2b4164b2050e898c554255c230ee1e6bc2ebb6c9f8a7056805b80d701b13ebd1
assets/chisel/textures/block/ctm/encased/dark_oak_planks/1.png	405	6b43c6bb9f527feb02b608ae8e36aa241bad757e78cb0f8b82bc83e4e9373ddf
assets/chisel/textures/block/ctm/encased/dark_oak_planks/2.png	488	5244c35cb0a72ae38116e54d4931dda0983ca05c77149308432cdf6d69641b28
assets/chisel/textures/block/ctm/encased/dark_oak_planks/3.png	424	d68b3ada3865d01c64e507b5f63860bc9e92eb3b5652dd35216e0572867cfbca
assets/chisel/textures/block/ctm/encased/dark_oak_planks/4.png	532	3a30ce86cb8dceca06a0ae673cf01225322b4a12fc085ce648c1161ce2e98a45
assets/chisel/textures/block/ctm/encased/jungle_planks/0.png	695	0e45d4aabbc0b0c0ff104197d59454bc8dfcd845d9ce6dabe14925e92434e5d1
assets/chisel/textures/block/ctm/encased/jungle_planks/1.png	441	ceb60c0a2286b7a2ec4368f7dadc01602e8be3d29d45a37e40c167d8dcf850e3
assets/chisel/textures/block/ctm/encased/jungle_planks/2.png	558	fcfb3379872f6309a0acf6bad711e5c000c7885f7de4bee7c6204fa7a1b661cf
assets/chisel/textures/block/ctm/encased/jungle_planks/3.png	463	4db5e3540950583d825830ff40f4d2fd0e276a99fffceb3dfefec67d21278b05
assets/chisel/textures/block/ctm/encased/jungle_planks/4.png	617	82ee6f077fbeb39841f002974b4583141e0888d888ca536a3d1b0c8f2ddbcb0c
assets/chisel/textures/block/ctm/encased/oak_planks/0.png	698	8fef2ae155bb5f5965a9184a691f95d659fd5344d076dd30b33ee8105d6b5d5c
assets/chisel/textures/block/ctm/encased/oak_planks/1.png	444	3391269efa615afa227191c82b0ff9b8123bebba1b86182d621273d5f160f4c8
assets/chisel/textures/block/ctm/encased/oak_planks/2.png	561	f22515b5f1e924ed2f0e6f0d33fc8b5b0e2157f845d5d8c7ee07f1f2090f8c60
assets/chisel/textures/block/ctm/encased/oak_planks/3.png	458	6f32d9d71b119338963733c3c8e7498da7325c6619ca1fa503c46d2cb96146cc
assets/chisel/textures/block/ctm/encased/oak_planks/4.png	613	fd2b29a2357742f4fa910a2aa44e56b865bee5807f69328fe2c50276a2661cc0
assets/chisel/textures/block/ctm/encased/spruce_planks/0.png	649	a5e481f51302fcb11cfbc16d9d3decdce275f48d492fbf6a7e53499bd35e093c
assets/chisel/textures/block/ctm/encased/spruce_planks/1.png	451	7a7e175cf3719354e8da1573a6d2626c53976ee2a4b996704ac7a93cc760f108
assets/chisel/textures/block/ctm/encased/spruce_planks/2.png	528	e8fc556a250ddfe1af76f2947c45bfc152acdf3502eddf4e33ca76aa3f23db3a
assets/chisel/textures/block/ctm/encased/spruce_planks/3.png	456	0a97e33031dc9ddfb193120017d03f5bb7703dfe89c56327bc8f1a6977408f10
assets/chisel/textures/block/ctm/encased/spruce_planks/4.png	570	3d840a09004e8b64df4e63de6ffddbcdad70c597308e9ee103993f7b9b972810
assets/chisel/textures/block/ctm/encased_bricks/andesite/0.png	335	f5c3736a9e6f57263c405c32c709d662616dee956d8b7d4a639cce569c8906e6
assets/chisel/textures/block/ctm/encased_bricks/andesite/1.png	353	044ee2a0abde2659a1e57fcf772f3d8102820b5aad65beecc875c38545722d5e
assets/chisel/textures/block/ctm/encased_bricks/andesite/2.png	351	1329195bd20a48983c29a1e252e57bb5f9394f964548350227a2642d3b77753e
assets/chisel/textures/block/ctm/encased_bricks/andesite/3.png	338	8345f7a493f7d4a4247ac66b0fc84c75059197806dba9f2192ca392bcea65d4f
assets/chisel/textures/block/ctm/encased_bricks/andesite/4.png	355	59d6fae1f3ac72e8ce0cbcf844394c31af9dd3699faa8369128c46b90bcf4bb6
assets/chisel/textures/block/ctm/encased_bricks/black_concrete/0.png	203	1064b4077f475b5dd1ac017b6cfd558b4698e3842f817ab07c4b9a708ee15638
assets/chisel/textures/block/ctm/encased_bricks/black_concrete/1.png	208	bea52d72b7df35310423ea5b206c06ecf4ac31f08f97c1856e860dfba200167e
assets/chisel/textures/block/ctm/encased_bricks/black_concrete/2.png	197	be2dd52e1773b68958012b840b4a43b04f8196cc145d7b9be5560c6494040909
assets/chisel/textures/block/ctm/encased_bricks/black_concrete/3.png	188	21a382d868c09030ed877546bfe57748bcdced651792e7df862191af7219a9a2
assets/chisel/textures/block/ctm/encased_bricks/black_concrete/4.png	217	b453fe292dbfc5b53f4c13364b4dc30d250ba4642bf86f9b55a6077b5d795b1b
assets/chisel/textures/block/ctm/encased_bricks/blue_concrete/0.png	245	7e06f96a3716d0859429bc803b974ab02e3bdd64ea1b0cb964b9bd368f07a60a
assets/chisel/textures/block/ctm/encased_bricks/blue_concrete/1.png	245	5b5bce258300257e0ad73170ae6a70d84edc66b3a694815f1913e75715813919
assets/chisel/textures/block/ctm/encased_bricks/blue_concrete/2.png	237	fd794a03b5aaee8e805d032f56bd7c73b7444e2f0db8d3dbf1286bc1aa83c179
assets/chisel/textures/block/ctm/encased_bricks/blue_concrete/3.png	224	ae338288be8bc07f34a96c38ece0dbb1fb841d02a246b75dbf906168ed78d0b9
assets/chisel/textures/block/ctm/encased_bricks/blue_concrete/4.png	255	6fb8fad55a19fe82503262e4c4ab0999817c76f18adbcb40d6a9b92bc5f8ea10
assets/chisel/textures/block/ctm/encased_bricks/bricks/0.png	274	03d7acb74a9e8ca667f4b4df42dd2cd5634bbe4e4f7888b8dd98289b57860fa5
assets/chisel/textures/block/ctm/encased_bricks/bricks/1.png	290	da27e4092e3820541797eb054d8e51d52d1858c667af3b2db5216a38856bc915
assets/chisel/textures/block/ctm/encased_bricks/bricks/2.png	291	735a4b181a8783723f2d6944efa3a5976b214439ba4267889c574bdb5cc9b267
assets/chisel/textures/block/ctm/encased_bricks/bricks/3.png	282	800a3839e443e316b0dc7e9d5ed6bab3966eea5ba31c19620138d79892d795de
assets/chisel/textures/block/ctm/encased_bricks/bricks/4.png	295	238720e985c3116d3177db3cec94f5f60d84a90c381b92da33341900d9e0b0b0
assets/chisel/textures/block/ctm/encased_bricks/brown_concrete/0.png	251	e8427011295d9cacd2dff266a682bc52354490dfa4afaf2b7d31bc1c9a667acc
assets/chisel/textures/block/ctm/encased_bricks/brown_concrete/1.png	245	ab3cb228d2ba7a4d9e9b0cca174dbbf8ae8ecb60bbc06996582563a07549ea8e
assets/chisel/textures/block/ctm/encased_bricks/brown_concrete/2.png	245	cd3b6cb0ee67379016ed204b9e86162c7ba095ec4f9bbab3aca42e928997b58e
assets/chisel/textures/block/ctm/encased_bricks/brown_concrete/3.png	230	19a19a5df9821da073c1586e6c0969d3c01334b916930d83a4ed31ef7d7f3920
assets/chisel/textures/block/ctm/encased_bricks/brown_concrete/4.png	258	dd03e22a48ebc2236d11d150a7b613021039f561c6ffd198d4d9e24f4b4e47db
assets/chisel/textures/block/ctm/encased_bricks/coal_block/0.png	215	2cb8613c0ba25e8f5feaa369e1062dcc7f35b5c6afe59d0ff724a4554efab744
assets/chisel/textures/block/ctm/encased_bricks/coal_block/1.png	219	b1b4440dd5cce2f89fa8ab1cad7e89b8f9600c1e6922d22138e3b6d6ca36c403
assets/chisel/textures/block/ctm/encased_bricks/coal_block/2.png	216	baec130ab19d27d24d31b498ce7f8e3051abb089064dd9f726b574c321629a93
assets/chisel/textures/block/ctm/encased_bricks/coal_block/3.png	216	8581d1a7db53306f545b487aa8fe6c8680a3e67d17c72af913e6b4c5f3eb52d1
assets/chisel/textures/block/ctm/encased_bricks/coal_block/4.png	218	6d2911c12b5291d88ecb2ea4d4bff559d5f99178b105681f0b48d09ff783e1a5
assets/chisel/textures/block/ctm/encased_bricks/cobblestone/0.png	259	cc9e5711e709eaf08f4699d2b887277a8a84fd506ec17e16e7dd711fdae16b01
assets/chisel/textures/block/ctm/encased_bricks/cobblestone/1.png	585	02ce041458448c0a80b4f062ed265bcbc16f10fe721237cb93dbf59f06512be3
assets/chisel/textures/block/ctm/encased_bricks/cobblestone/2.png	659	ed12c53b5c9209ee7b06bed2f4f079c6482798f0f72810b3dbfb5f4849f38e1b
assets/chisel/textures/block/ctm/encased_bricks/cobblestone/3.png	575	0cb414fbd3466c1583a0044842dcd65be5824dd90b6e0070fb65c288eebe50c9
assets/chisel/textures/block/ctm/encased_bricks/cobblestone/4.png	635	c87444c5945045d5c909a14a709ac5cd2bbffa319d45201cff9e5c2e52a909a7
assets/chisel/textures/block/ctm/encased_bricks/cyan_concrete/0.png	255	5d828c157bb93d47151f1046c28e1d1e98dff7f51b8f3fa00420b056263d123d
assets/chisel/textures/block/ctm/encased_bricks/cyan_concrete/1.png	257	f5eec48b0fba3dab7bbd3716df2ef692a4a37921ed6f98af99befb967c04acf3
assets/chisel/textures/block/ctm/encased_bricks/cyan_concrete/2.png	251	72957a93aca3fabeec3512b57e52da9e655ed7d7b951d173aee38b1a3603d2ea
assets/chisel/textures/block/ctm/encased_bricks/cyan_concrete/3.png	240	3a32e687440577149069585d24fb6c4ccd8c51d22cd7089c647d4244eea7cbcc
assets/chisel/textures/block/ctm/encased_bricks/cyan_concrete/4.png	268	1404f067d8a057189991bb28233717fa08159b8bb002610e294a945ea9d3dc92
assets/chisel/textures/block/ctm/encased_bricks/deepslate/0.png	227	598300b67cf89894014e86c2fa7df8bb43af6e1c06ec34084f4c184f23633565
assets/chisel/textures/block/ctm/encased_bricks/deepslate/1.png	170	5a3a9971cbd20a4e6e7beca711d32904a8ff7c62f038ed38473be72223c755e4
assets/chisel/textures/block/ctm/encased_bricks/deepslate/2.png	174	e6ad08af31eb3eeee4d9f7e4e9fefeccedc6709db9513f016a8f503fb46ca0c2
assets/chisel/textures/block/ctm/encased_bricks/deepslate/3.png	166	4fa69fe0b5a05435e7ae829938188c1e4c6b0a45a0765646f8b2f4f469050652
assets/chisel/textures/block/ctm/encased_bricks/deepslate/4.png	184	fd7b6b5721e948a1183d93cb614c55844ab10d255e2a207b1fb13bbcfb178dee
assets/chisel/textures/block/ctm/encased_bricks/diorite/0.png	272	e4a17e11f3ff916d854ebaae9b6293517b42a002d415441a9aa120cde3b9cb07
assets/chisel/textures/block/ctm/encased_bricks/diorite/1.png	272	cd650770c58f2b2a6a17c412992e5e75b3afefa02fc604387171ffd405a8bc27
assets/chisel/textures/block/ctm/encased_bricks/diorite/2.png	272	660639817cffb8fc8ab6447cbba880bfb769cc6090aa89c2927a71ae5208e101
assets/chisel/textures/block/ctm/encased_bricks/diorite/3.png	272	310a17123e173e25533fb503e85d073c93cc9be0e942c4dad4b28846ad343fce
assets/chisel/textures/block/ctm/encased_bricks/diorite/4.png	272	6002c3f5a9e8f338a4ce6e83b9b58317e4cf3e880206a9c809088e57ec4da5fc
assets/chisel/textures/block/ctm/encased_bricks/end_stone/0.png	269	42824621bc215e470937fae30dec8394e80b307bf1c469e1b0c0071fd6dac964
assets/chisel/textures/block/ctm/encased_bricks/end_stone/1.png	268	b681dd0370de66a871628166edef575a84690478e31c914275092b5a436b9b76
assets/chisel/textures/block/ctm/encased_bricks/end_stone/2.png	262	b37965c0f64f4c963089ab0c894749c955b21339da392c0172e103d84049e0a0
assets/chisel/textures/block/ctm/encased_bricks/end_stone/3.png	254	b4a3d2b314d8dba2afa24b866f4f36215309e226fa5c890b6106871253218417
assets/chisel/textures/block/ctm/encased_bricks/end_stone/4.png	267	e862d68aae02aa54b1742a0b90511efa0b800cf78aeb088396b07a9670ec886a
assets/chisel/textures/block/ctm/encased_bricks/glowstone/0.png	160	8125729f380d284999be00d3aaafe2327521a8a5757635e44b8bc88c5b4365ea
assets/chisel/textures/block/ctm/encased_bricks/glowstone/1.png	165	a17512e0a8cf282910e5203cfe629c13192624493705f6822b3df6c7972fb663
assets/chisel/textures/block/ctm/encased_bricks/glowstone/2.png	159	b5e63a9560a76b129e6029b8d31563db711315a229fdc5dad154cadcc43ceec1
assets/chisel/textures/block/ctm/encased_bricks/glowstone/3.png	146	a5441110adada9f3a3348c61a2f2985905225f675d293c939f2f95cd94b1c980
assets/chisel/textures/block/ctm/encased_bricks/glowstone/4.png	184	8d485c7128780dfae01e28f6bcb6187ef9de8d4ba86f782da2437c90f4f1b349
assets/chisel/textures/block/ctm/encased_bricks/granite/0.png	297	4ebd7c87f1f881c0e21a03561a42994915b4b133189e2db185c57b88ecde5340
assets/chisel/textures/block/ctm/encased_bricks/granite/1.png	318	172a2cf20b6e61c516c1b5c1268f832782926060ef8f608a79ef6885495b1c82
assets/chisel/textures/block/ctm/encased_bricks/granite/2.png	312	eaedb3ea50a3e67764f9294fb5d98f472273e01c4d276da5d0903e98304ae8ec
assets/chisel/textures/block/ctm/encased_bricks/granite/3.png	303	08ac8c91e9a5ad0470fd6e12f08ad3463e954305eaa8f34a5f39c1147b693378
assets/chisel/textures/block/ctm/encased_bricks/granite/4.png	311	c58a455349f39b8108ba91947922d363d726e7aaabebee293b9f8f7e6cae2706
assets/chisel/textures/block/ctm/encased_bricks/gray_concrete/0.png	239	cc8ce9ac93c7b4377b9517eb65793887cda015542464b2b2149b7203b3983ade
assets/chisel/textures/block/ctm/encased_bricks/gray_concrete/1.png	247	96d07b793a8610b9bdebba75418b6357bbf270ad33f939b5fb15ee5583a29309
assets/chisel/textures/block/ctm/encased_bricks/gray_concrete/2.png	232	97682fd2d4551f4b75d4d7f8894a5c02a9904db418295c40f8622c4a84c5fd7b
assets/chisel/textures/block/ctm/encased_bricks/gray_concrete/3.png	234	8ab0a308207328008f100b80966674302571252d95e46e97687bbb584ccfb44e
assets/chisel/textures/block/ctm/encased_bricks/gray_concrete/4.png	253	7894020aad944bfbcf5464ed7e60642301a525187e4cedd4a49dc0fe53d085a1
assets/chisel/textures/block/ctm/encased_bricks/green_concrete/0.png	249	4aea31c3d010d345ec45d9716fd67519502733c0788debb293a5f768764b722e
assets/chisel/textures/block/ctm/encased_bricks/green_concrete/1.png	245	e2d41f308633402290a559fbf5c8ccfe8fcb2b43faa793c0e29d0f03ba332a38
assets/chisel/textures/block/ctm/encased_bricks/green_concrete/2.png	244	ec28b40b7b8f042840f6183cea25b66f68ab00d55403ae2f1269a3f4180ba3f2
assets/chisel/textures/block/ctm/encased_bricks/green_concrete/3.png	234	2bf3cdea740cd8dd7681906835073115de5618d23a751587fb27bceb05f3a6b1
assets/chisel/textures/block/ctm/encased_bricks/green_concrete/4.png	257	40afc0ee25c67b134bdcc4722bb7182665c2e461f7a62e40398dfae2eb7166f8
assets/chisel/textures/block/ctm/encased_bricks/ice/0.png	348	df56451b46a596ee41871d2116f0307ddfdbd363d997327bddbb899ce3d649b6
assets/chisel/textures/block/ctm/encased_bricks/ice/1.png	344	487748a1ff5b97d70c0be5bfe6818994179d12d6d8b09befb3fc20fb02bea8fd
assets/chisel/textures/block/ctm/encased_bricks/ice/2.png	359	81ed975c5b48264d9447372efce486e68e88071bb2e81de9abe9849c2ed1acbc
assets/chisel/textures/block/ctm/encased_bricks/ice/3.png	344	76d0f22ec449161e65c639d50ccbfb8dc9bc585a495bff8878dd157eba669070
assets/chisel/textures/block/ctm/encased_bricks/ice/4.png	385	095141deee1bcf850c0174bd687df1a5a70421ab03f552e6504d86aa7925ffc1
assets/chisel/textures/block/ctm/encased_bricks/light_blue_concrete/0.png	234	965cff2748f2b844d5737b6754411e363b13ea41d4a1abc673cffe5a25a27a46
assets/chisel/textures/block/ctm/encased_bricks/light_blue_concrete/1.png	230	2b90330ff114b61b9ecf6e686141c2f431bce43c29140cadf0bb1e9c75c79912
assets/chisel/textures/block/ctm/encased_bricks/light_blue_concrete/2.png	227	9deabf11ec84b86c82d9fbe5214359a92265f2e64c05ab813ed51c994c9a9b0f
assets/chisel/textures/block/ctm/encased_bricks/light_blue_concrete/3.png	217	ec50aeeaf6c6952f29655eb30ceed20c4baa90baccfee6daad09cfc4b637d195
assets/chisel/textures/block/ctm/encased_bricks/light_blue_concrete/4.png	243	cfe0c9507d520d28b43be0b580f0ab5323d50a7bd523ea29b1b6ad0b2064368a
assets/chisel/textures/block/ctm/encased_bricks/light_gray_concrete/0.png	240	b733ee7b6a0a576cdd35a270a3ff79c76e03d2c97facc01aecf1f1fd33616889
assets/chisel/textures/block/ctm/encased_bricks/light_gray_concrete/1.png	242	6d2edfc206e6ccf2e53d0e452b73679d647fbe4294262c25cd4c30164807443f
assets/chisel/textures/block/ctm/encased_bricks/light_gray_concrete/2.png	229	bc777c9c80a5457642ccb4f9d030b716bcb7c175655ecd1ec5db7a3b7dea7f05
assets/chisel/textures/block/ctm/encased_bricks/light_gray_concrete/3.png	220	63b6848f77d83c804359280c4b101ae74e2f67a65103b9a6c11e6c5e0dd13440
assets/chisel/textures/block/ctm/encased_bricks/light_gray_concrete/4.png	249	250171dc2c0f1afe1f2f23e5b59df9a4ff1e4372c8bd70e24402812ee828e588
assets/chisel/textures/block/ctm/encased_bricks/lime_concrete/0.png	247	26a0cccd3a43d95356face6d8f55a0c564da4d38983688403d4bb5b862ff55e3
assets/chisel/textures/block/ctm/encased_bricks/lime_concrete/1.png	245	b3a41b992ac31602bea6679035ae74576c9b9ddf76e71dd0f7a327d3acabbdbb
assets/chisel/textures/block/ctm/encased_bricks/lime_concrete/2.png	240	40a095c1d00842e475bec0da99ecc7e0ba458ddffe4a41d74d8c56339220b07f
assets/chisel/textures/block/ctm/encased_bricks/lime_concrete/3.png	240	c5432ff307a51341ef879c1a4488dc1e6d784d4057efc50fbcd235be305e566b
assets/chisel/textures/block/ctm/encased_bricks/lime_concrete/4.png	257	916fc0e7d686cfab99dc4b5ef4e52392e13315dfcb77e96483c9a0cce609fb15
assets/chisel/textures/block/ctm/encased_bricks/magenta_concrete/0.png	243	54fcd922c3a80cb9b1a5060b7f1081ad8b6b36243b015b9107bfb15b73fbec01
assets/chisel/textures/block/ctm/encased_bricks/magenta_concrete/1.png	243	a74dd1c0683076a11f95dbaddb193b83f7292e6ba03ef20537ef487bb1011264
assets/chisel/textures/block/ctm/encased_bricks/magenta_concrete/2.png	236	1e6380541dc6c2490e2fbe578a3db8a2720c6dd6403ce8bb91f2cd77f1372011
assets/chisel/textures/block/ctm/encased_bricks/magenta_concrete/3.png	228	a6a7487b05af2798a248146f6adc7353f41560ebe0bfd5abfa5e81bab0392223
assets/chisel/textures/block/ctm/encased_bricks/magenta_concrete/4.png	253	0c1c07e109df1d877806bbc6d31dba549ee0d2e7c7e9dbfa1cc4fa7509fa2313
assets/chisel/textures/block/ctm/encased_bricks/orange_concrete/0.png	239	e8190b1c498550f9b5444df39d3a6e356cd6cd882309d1e5733f7c1dbd7e7b98
assets/chisel/textures/block/ctm/encased_bricks/orange_concrete/1.png	236	a9404806d8c5a1c9f2830a8d8366d6686d156dc6780f89253a88559fab367368
assets/chisel/textures/block/ctm/encased_bricks/orange_concrete/2.png	229	baab889efe5e4e52fbb4f75d5583f6e193a9562d217bab0a6bc5aab5c296d002
assets/chisel/textures/block/ctm/encased_bricks/orange_concrete/3.png	221	175d075a6c8aa880f811c9ff0a1b9dc7f79781cbf4e7a6e4280baca530138065
assets/chisel/textures/block/ctm/encased_bricks/orange_concrete/4.png	246	0b9677e7e7765209df4bb62140dfec8cedc0812c6740cde59ffe2e4c6eda1b10
assets/chisel/textures/block/ctm/encased_bricks/pink_concrete/0.png	264	b5570aa053e44dffba1503aec2c88422ed055a1953f66638fd04ac0ce09be8a6
assets/chisel/textures/block/ctm/encased_bricks/pink_concrete/1.png	259	542339b1bb0eff786acef04c2796219c15cfb10826f0f6f71001507a74d6829f
assets/chisel/textures/block/ctm/encased_bricks/pink_concrete/2.png	259	7bdc3c9378f359b75a54589263dbbc309c4d22b5ededf6d94408a5ce042c175e
assets/chisel/textures/block/ctm/encased_bricks/pink_concrete/3.png	248	3f2912dc89af78ca8a23e2f52040e719fc40d6c07ae58b6b4be02d607f32adb4
assets/chisel/textures/block/ctm/encased_bricks/pink_concrete/4.png	272	82592c35b93894e4e720e8f42a608687dd245fd80dfe8377ff152abc7bc950b3
assets/chisel/textures/block/ctm/encased_bricks/prismarine/0.png	427	504ffe99d706369f40c1159d48c3abdcc4c4f3cf2c8c9d23de314b730f486af3
assets/chisel/textures/block/ctm/encased_bricks/prismarine/1.png	372	af425046208da99945da550314fcb869600d7e7e6d272a20bb1c60a1e163f0f7
assets/chisel/textures/block/ctm/encased_bricks/prismarine/2.png	369	0b6d4850c84faff47d8d7a64c5632ee83b76d810a77225ed184d14bf4d2e310e
assets/chisel/textures/block/ctm/encased_bricks/prismarine/3.png	369	ffad9eded64c2222b3b09f0d9247a4235263824be0d02e08883115dfe18ffc96
assets/chisel/textures/block/ctm/encased_bricks/prismarine/4.png	376	2481e9a9f93cd78510f4c045603434bd5de71de75e6d16381bc8da9a35c95dac
assets/chisel/textures/block/ctm/encased_bricks/purple_concrete/0.png	235	e7b39458aaed6e46931e58ebe9b0a830663b8ffd3ae44846e4d96acab1133e7a
assets/chisel/textures/block/ctm/encased_bricks/purple_concrete/1.png	237	03ca430c78678019810c1cfe3d1b6368a1421a096439159d83ca562a588f442f
assets/chisel/textures/block/ctm/encased_bricks/purple_concrete/2.png	229	4cfb92d1db0ff7bc8a5002ec466a465517b8f11e83038d49d08a14c2f4730902
assets/chisel/textures/block/ctm/encased_bricks/purple_concrete/3.png	220	ddcfa0300e10a633f8df4704303abfba601dde61719264b0625f8424ed8fe3fd
assets/chisel/textures/block/ctm/encased_bricks/purple_concrete/4.png	245	9b2861f97613ab74641acf67eb9b17c07dc83e3732aae53f699af07db52e27a5
assets/chisel/textures/block/ctm/encased_bricks/purpur/0.png	271	3ba720d25c430bf6eede5fd4c251325c3337087dbc8e8acedc13392b4553f29a
assets/chisel/textures/block/ctm/encased_bricks/purpur/1.png	272	cba62e3f5a9922e23c07beb3b7f73df4e0579eb7b10ed2f69e3dec83b3ee7af6
assets/chisel/textures/block/ctm/encased_bricks/purpur/2.png	268	4dd2e24196350c02430c5222646ead7e041b8223003ad2b8fb446e9bc6242970
assets/chisel/textures/block/ctm/encased_bricks/purpur/3.png	267	4a771cbe4a1a98abf667c315f34aff5288d08e34279b394cdf94f03dd2b2ed7f
assets/chisel/textures/block/ctm/encased_bricks/purpur/4.png	272	7814d3215f35204d83630294e797a20bbb11620e91d86fbae346924789127869
assets/chisel/textures/block/ctm/encased_bricks/quartz/0.png	230	449481056712aa7ca13c2609a38ab1cfb3546d581165a7f5dedc82804d82e354
assets/chisel/textures/block/ctm/encased_bricks/quartz/1.png	226	cc592048ca1b99fd0dc6b86c185d7f6c23a38ec21da18e6cb186a5350add7a76
assets/chisel/textures/block/ctm/encased_bricks/quartz/2.png	218	10915489f3a17d7899542d1bc6d7d67365eb3d847470ce3f2e9314609fa9de2d
assets/chisel/textures/block/ctm/encased_bricks/quartz/3.png	203	5e05a52676bc5b261a0616a11f9b0ffb00f9521aafb14807b7d1103ffe2dc35a
assets/chisel/textures/block/ctm/encased_bricks/quartz/4.png	232	210dc0ceb0202fb38d7871f049dd46d3306e469a1fabf3ef98db79b99d57be7d
assets/chisel/textures/block/ctm/encased_bricks/red_concrete/0.png	254	717d6119a87f64d9d055ff7b3555497b198ad59e5c2bb724b4becee3686f0801
assets/chisel/textures/block/ctm/encased_bricks/red_concrete/1.png	247	c349fcdeb980afd773aca05aa1063086c8fc1f38443926605f0de61ca4d72fe3
assets/chisel/textures/block/ctm/encased_bricks/red_concrete/2.png	242	25bd5f33a238356e35d1a1876850b52ca955dfbcfecfe2b33fe014038ab12e67
assets/chisel/textures/block/ctm/encased_bricks/red_concrete/3.png	237	c2fb5c0a2ca92ceaac581c361130b270aa2ed06c201c22f1033abc1d578d2528
assets/chisel/textures/block/ctm/encased_bricks/red_concrete/4.png	256	fc15160a10146a6308c0b65db7c1a8babedfc5d1376232773544df973d8d6295
assets/chisel/textures/block/ctm/encased_bricks/red_sandstone/0.png	291	8e74941a63eb8b3301b0556917aacd42750261883c454588c94bf2742e853566
assets/chisel/textures/block/ctm/encased_bricks/red_sandstone/1.png	295	cbc8a296767b580dd2afeb29fc90c1cbe404697317fe86d2a8c0ab5e15986e85
assets/chisel/textures/block/ctm/encased_bricks/red_sandstone/2.png	295	9d5338eb7fad2aeba9d778a7ea7bdd2a08df417ec9792c5c76be81d29c7fcdf3
assets/chisel/textures/block/ctm/encased_bricks/red_sandstone/3.png	284	2fb0ad0ab4a94abdc9b1b6ceecb9e3995ba2c271f8fdf631886da91b3668c4b6
assets/chisel/textures/block/ctm/encased_bricks/red_sandstone/4.png	294	e9808c6377acccd6e8ceae8c0639a77f26f6c7b559ba297576bf29b0d37925bc
assets/chisel/textures/block/ctm/encased_bricks/redstone_block/0.png	245	10eae350ac3ef6a994bc8f55d3ce06ef5e8a78410c07639aaca5fdb509b3f049
assets/chisel/textures/block/ctm/encased_bricks/redstone_block/1.png	275	145b52b044a1fafc9819769587bbc00e7d93a86e2ac692c2c84a2c7454b426ca
assets/chisel/textures/block/ctm/encased_bricks/redstone_block/2.png	271	24990406ae362b647d2da655f24e38f8c85e5a36e96f9ed7c9780312b7718956
assets/chisel/textures/block/ctm/encased_bricks/redstone_block/3.png	253	65bfeea0e463b8ec7ba2133c7da4a3164898dba20da8186714e17c82343a227c
assets/chisel/textures/block/ctm/encased_bricks/redstone_block/4.png	279	18595430c27319caaaf70416e154d4966a739706e6e286e58938f2b62d4534e0
assets/chisel/textures/block/ctm/encased_bricks/sandstone/0.png	289	9d8b536b9ef5f2097244e1b4874009caec5fb347b7361de8457678233528fb48
assets/chisel/textures/block/ctm/encased_bricks/sandstone/1.png	298	0e376e669b09aacceec9deb0a35ebf060b5af99c6667af2e38795de7df759f0f
assets/chisel/textures/block/ctm/encased_bricks/sandstone/2.png	295	518f077325d90d30f604ce39aeec26f1681ec0a63f0684d98f3d96d049aa3f08
assets/chisel/textures/block/ctm/encased_bricks/sandstone/3.png	279	59c5ee45fb2b217cf608ecdd0c046687e84a18f1bd538948bd92cdd045eb7022
assets/chisel/textures/block/ctm/encased_bricks/sandstone/4.png	297	c3aa1aa0e9e9df14e33fe246460fd7264bccf58f67f28a0cf2ec8b70211f0d8d
assets/chisel/textures/block/ctm/encased_bricks/stone/0.png	268	8439ce621ac6a9858e382a8090afcc4d95157f8889fc4ec6f69a973fc43c94c0
assets/chisel/textures/block/ctm/encased_bricks/stone/1.png	269	ca76d411c3c2e1d4929de6b605c69a4d7f9219b59ecfa353aef38a2392709e27
assets/chisel/textures/block/ctm/encased_bricks/stone/2.png	263	22099aec3ee237d266b6da42f23f68eed115ba0e1577688fd9477889e3801604
assets/chisel/textures/block/ctm/encased_bricks/stone/3.png	261	ea5d4436253542f40524f9e4f70845f129564ca1db9d1b9ce4f603172ff41278
assets/chisel/textures/block/ctm/encased_bricks/stone/4.png	269	678f8202d7c2649b04efe0602f1e59352b96f63155c912e780c814c23754e639
assets/chisel/textures/block/ctm/encased_bricks/white_concrete/0.png	267	4b711d0d7afa85a623ecd04d55f1893ed8aad93f57d18355f22fc1e2b6eb4ae3
assets/chisel/textures/block/ctm/encased_bricks/white_concrete/1.png	255	fc5ed7c5ac18748d41887f51c0cb30b74faf3f4d9083aaa4d7bffa126e99a632
assets/chisel/textures/block/ctm/encased_bricks/white_concrete/2.png	254	22c9aa69848a7352e956339f969d477aae780afed22ded34b0bddebd2daa0c5b
assets/chisel/textures/block/ctm/encased_bricks/white_concrete/3.png	251	382f462763ce2601ed05cb6a5918b7346a72001298fb797ef13d7f712c995ec8
assets/chisel/textures/block/ctm/encased_bricks/white_concrete/4.png	270	d952baad2d0ecdda8a4eccaf7b87619d17e04aeee6e6e3236b08d7b579e3cc5b
assets/chisel/textures/block/ctm/encased_bricks/yellow_concrete/0.png	237	3b8d62e050cd63b8b00d7bf93d34b16c349b3d72b0c6196b69d3ea40ed598004
assets/chisel/textures/block/ctm/encased_bricks/yellow_concrete/1.png	234	82e043c5e9ea4a3623a1030a12bf6e6c2a5bf0a7d2225d881b8ec47e8dff26c5
assets/chisel/textures/block/ctm/encased_bricks/yellow_concrete/2.png	233	89cf140894476576b938bca087d7bd7a42665f1d21c9cf445e79245c0b1a32cf
assets/chisel/textures/block/ctm/encased_bricks/yellow_concrete/3.png	216	f1e7244c19ba67407d16720b6226de29339c146adc63fec7c4c60b6dc6ffde0f
assets/chisel/textures/block/ctm/encased_bricks/yellow_concrete/4.png	249	23e72e4feeed97b517b1ff10a5e42f0c84f52fdddb8a5cf2838175a0c77c8d76
assets/chisel/textures/block/ctm/encased_large/acacia_planks/0.png	660	5a6b777e046d1558e22a91cf1ba5320997f87458b6b32c35c8d135c2d5dd6d8f
assets/chisel/textures/block/ctm/encased_large/acacia_planks/1.png	492	acf69e73be0e3c554d45bf25a27cd1d4750aa3824cb342948cfe51bdd5cdd4c8
assets/chisel/textures/block/ctm/encased_large/acacia_planks/2.png	566	ee228b9d39b805109753f14d0708e764bfbfe2dc5b498a7d4f2408da6868a31e
assets/chisel/textures/block/ctm/encased_large/acacia_planks/3.png	501	09a0b319a636d1542738430fe951237a712bbed110cce44f7bdbb21a2ffc5afc
assets/chisel/textures/block/ctm/encased_large/acacia_planks/4.png	601	edab240b6a4302d8fa2d5f7d43b0f48d5a080509e97d34206b3fa134dde2926b
assets/chisel/textures/block/ctm/encased_large/birch_planks/0.png	671	77de6edc4450565f4f01e0c7dcb8a559ed0ad2f14570b74a85cc74859be9da3d
assets/chisel/textures/block/ctm/encased_large/birch_planks/1.png	479	f153208a9763b81c0671e870f455f5da45a33ad6288e65a8a8a29ebf2545bcbb
assets/chisel/textures/block/ctm/encased_large/birch_planks/2.png	568	ef606b810c39ab099f738f326090bf6476e9a6118e074c016c9bb58f4762aecd
assets/chisel/textures/block/ctm/encased_large/birch_planks/3.png	495	00f8a8f44108a31c1b44c1e1ed7d02810b118a9459fe408926ec6347988c8941
assets/chisel/textures/block/ctm/encased_large/birch_planks/4.png	598	dcb37e3bca577ce6674a6fba48349896efdc9e565fec8c04a00a85068ba07407
assets/chisel/textures/block/ctm/encased_large/crimson_planks/0.png	658	f0245180b6d8d52dc9e25631d7b82a1bcba772c114f3f3c5a3d863d42bebdace
assets/chisel/textures/block/ctm/encased_large/crimson_planks/1.png	472	69e49fb5923dc260eb86202f49cd603639993b686dbc20e73dbd1d23bb1df75c
assets/chisel/textures/block/ctm/encased_large/crimson_planks/2.png	549	16551a2caaa2d8095539bb746711cd5062696bb65e5a260a51f65d0c2c271728
assets/chisel/textures/block/ctm/encased_large/crimson_planks/3.png	461	5288b14e38be4e60560a6fd4afe6590e6c96ec31c69a3b5597525ac1b3683b3e
assets/chisel/textures/block/ctm/encased_large/crimson_planks/4.png	585	42fc52cac4218b57498c36017c7ba89280937caca003dcb60f6bcc706afdee9b
assets/chisel/textures/block/ctm/encased_large/dark_oak_planks/0.png	612	4da9a072c00ed9287199034091347b6cd93a7a5659c0fbf94245573527f2b478
assets/chisel/textures/block/ctm/encased_large/dark_oak_planks/1.png	436	b191fc5afd66ec9c669c3a3e34182cb09b320dea85225600662bd637abb2efc7
assets/chisel/textures/block/ctm/encased_large/dark_oak_planks/2.png	511	7098d8db06a5fd63b9642f7123396885267698059e34722d1ebdba3dc669c53a
assets/chisel/textures/block/ctm/encased_large/dark_oak_planks/3.png	447	9717c32d786e381587de3925d7423d27243c865070076baa18cc2d47ca68dbac
assets/chisel/textures/block/ctm/encased_large/dark_oak_planks/4.png	532	1b7bf7d9f08f3430fba8113d22f111f63e6bd92e0efda2f8c590c53a7bc579c7
assets/chisel/textures/block/ctm/encased_large/jungle_planks/0.png	706	b1411a081746c3555416a4c5fa063f610eabac087aac9274ddb18fd23b6c5493
assets/chisel/textures/block/ctm/encased_large/jungle_planks/1.png	508	a77a0774673765c9a657ffee9f11ceb5acc51ae30011bbb9d5b9ee20d0e371bc
assets/chisel/textures/block/ctm/encased_large/jungle_planks/2.png	589	0c3013f0a3a50714559bbb69a781b6b4f3ec3981ad7b0f3ebeda2eeca2b02a6d
assets/chisel/textures/block/ctm/encased_large/jungle_planks/3.png	504	bab3a28c3e6f1cb558432003228772832d50360e8707ab2a89c9e64c114231cd
assets/chisel/textures/block/ctm/encased_large/jungle_planks/4.png	631	65dfe793ce54f08005cbce3cae0770e99536e240c18ce43478db4e44c0c1785c
assets/chisel/textures/block/ctm/encased_large/oak_planks/0.png	709	314435e66492a2359eea694c4507599eedc20bf1583fc2cc811a051d8112d30f
assets/chisel/textures/block/ctm/encased_large/oak_planks/1.png	502	253b39cbcd7d9bd29a7118f816b1c19fffa993bca718b33dbe2426f8a8118cb8
assets/chisel/textures/block/ctm/encased_large/oak_planks/2.png	598	46916cb2ab7b3db519df31e73e3a3452d26754db0d91cf215e23a93d4af98bd1
assets/chisel/textures/block/ctm/encased_large/oak_planks/3.png	499	c0487d708736955445677d1d77a25c46112bbfd6db86f58696337ff9991a501b
assets/chisel/textures/block/ctm/encased_large/oak_planks/4.png	620	aeb65722041289b703e087d628cba0ca6e15b715a5aceecea243fc06346921dd
assets/chisel/textures/block/ctm/encased_large/spruce_planks/0.png	662	eadc11e1015f8bb0e5969976ae69bb84b12702f32563b9738a64e64a78bb3306
assets/chisel/textures/block/ctm/encased_large/spruce_planks/1.png	481	93770a5992101548a88f89932993b690438f59738e2bb6a64869ce4348ad5e72
assets/chisel/textures/block/ctm/encased_large/spruce_planks/2.png	552	b8b366b19a990a93b74c4d476391190f0ba86c1cb682ba7f8570bedff681406f
assets/chisel/textures/block/ctm/encased_large/spruce_planks/3.png	486	5c2f553f369447b353849cfb196f784fec705b7ad0511ca2661cf1c3c263ed92
assets/chisel/textures/block/ctm/encased_large/spruce_planks/4.png	584	1f5916af064fe49635e5adfa4247df0f23c81ecbaa0a367e8c489d4270fe1041
assets/chisel/textures/block/ctm/encased_smooth/acacia_planks/0.png	661	6778cb1043a4208e807685a853220a171f2538e862c7cfd970ab2e9edae67317
assets/chisel/textures/block/ctm/encased_smooth/acacia_planks/1.png	474	e76b03e70850b4001febb49507f1deed41528f14fab315f7e85105ff126a28a0
assets/chisel/textures/block/ctm/encased_smooth/acacia_planks/2.png	554	a36d29ad04a3c5fdcbc3fb8457040cba5909da4a1110d16244a1460079c16ec1
assets/chisel/textures/block/ctm/encased_smooth/acacia_planks/3.png	500	05546304a6c7c8d8eb9b5bbf047ccf0e63d01fd5f010ce1b32ef9b1c3765bcb8
assets/chisel/textures/block/ctm/encased_smooth/acacia_planks/4.png	578	e2d36fbb7954543192890caa59b3a620e4f5d3a60a8662eaf54baafc95ed4a7a
assets/chisel/textures/block/ctm/encased_smooth/birch_planks/0.png	665	61be2b07ceb810fc9f77da3847cdc765b9efad56f4ba5c39f32b006acd5ea31d
assets/chisel/textures/block/ctm/encased_smooth/birch_planks/1.png	467	6601d7500a2b0dbede839aee631e565f660673164462d374592eceef9eff31f0
assets/chisel/textures/block/ctm/encased_smooth/birch_planks/2.png	543	9ec9876bcd6c91c8f033350a2f47bc5826218ec849d7f2e9dcebd6f1781a4719
assets/chisel/textures/block/ctm/encased_smooth/birch_planks/3.png	493	4839052ab6d68970fd94d6928d6152b58c7c4a7deecbc89f40d0d6f3035cd8b1
assets/chisel/textures/block/ctm/encased_smooth/birch_planks/4.png	581	cee802a0b0a00f8ce2d07e2bc647c0eaca40de4d40d4aa3e819a2fbdfd3d958e
assets/chisel/textures/block/ctm/encased_smooth/crimson_planks/0.png	656	adb0ecea61eadc0c5ec63d60cf99411ae4eb5f8b3604b28df554b858100a0804
assets/chisel/textures/block/ctm/encased_smooth/crimson_planks/1.png	450	6fd5ecb5cf00c1f5b0ccca5ec6c95f01cf6841359fc46bb1838ce17f552ce6a1
assets/chisel/textures/block/ctm/encased_smooth/crimson_planks/2.png	527	925da4c7ebbf8ed2982a99b77517d34ee816981de8b94e998a114936a6da537c
assets/chisel/textures/block/ctm/encased_smooth/crimson_planks/3.png	459	22e01d8db339fbfee860e9df6d6ad78603af14ed25920d2583d6e21565a9744a
assets/chisel/textures/block/ctm/encased_smooth/crimson_planks/4.png	568	6d19cccd87c576785c9f8c79c9d7045583c2ffafffed368560a2afeea50eb5fc
assets/chisel/textures/block/ctm/encased_smooth/dark_oak_planks/0.png	610	f863094384e6fbc5784dce37a17cfab379d084514f690d55b7b0b3e9949c495b
assets/chisel/textures/block/ctm/encased_smooth/dark_oak_planks/1.png	412	57afa81bc854cead0b6222e7e88b0272337b7e5a6d79ee778b989a1ee2187303
assets/chisel/textures/block/ctm/encased_smooth/dark_oak_planks/2.png	482	a669fc5983ab296c4ddb0850aba9b7e7f94a15960076189fecbcff9b70c40990
assets/chisel/textures/block/ctm/encased_smooth/dark_oak_planks/3.png	436	b14c58d6e64212523266a5da1dc6598d3e565895227547c9aab9d71e3469304e
assets/chisel/textures/block/ctm/encased_smooth/dark_oak_planks/4.png	511	114c9a8bc0db22eb66d6aa6e0e6ebad782bc9402be4d2906cb38d00ebd129396
assets/chisel/textures/block/ctm/encased_smooth/jungle_planks/0.png	700	ed2d34510968bbb5f9aa5f629f3a9600487ad47220bccb28e06d3bb66d897027
assets/chisel/textures/block/ctm/encased_smooth/jungle_planks/1.png	481	737f30619037983fab82e5d3c82723fc8fffce20290dd8cdd8ca1c618fa457e9
assets/chisel/textures/block/ctm/encased_smooth/jungle_planks/2.png	571	1a69941dcf08520349e678c9b70ec67dcd20de8235045aaed99eee4cfb7e0274
assets/chisel/textures/block/ctm/encased_smooth/jungle_planks/3.png	495	619904e7b49c76ce4940f2204c8eb21f88964bd2f6b89434dfdb69e94076b11e
assets/chisel/textures/block/ctm/encased_smooth/jungle_planks/4.png	612	52b6172fc8ea443641df2346e852eae4360bde225da265f170ef4d61d7adec4b
assets/chisel/textures/block/ctm/encased_smooth/oak_planks/0.png	703	3249af8448a4573517f54657d4423063c5a8734f6d42746489ac43cbcbf884cd
assets/chisel/textures/block/ctm/encased_smooth/oak_planks/1.png	478	2afeadab2d6916e5c454e9be3446f383484e2bbfad4520214375410432cb68c9
assets/chisel/textures/block/ctm/encased_smooth/oak_planks/2.png	576	3f61be2f5fbcaa4b1e5467fefbd14c986fe6f5f20d539344eb64e2fb0f3f06c9
assets/chisel/textures/block/ctm/encased_smooth/oak_planks/3.png	489	58baacba51b1a68ad78d72241596655078ceb700eeb93ce69f61749b1e0ff6bb
assets/chisel/textures/block/ctm/encased_smooth/oak_planks/4.png	605	fbb848b8b7f5b2d1639a73a115933439cbe4eccaa86bf4d490b2f07d197f46c6
assets/chisel/textures/block/ctm/encased_smooth/spruce_planks/0.png	666	1c9d2e3e08fbfd04dfb11486431feca2922600c3cb266ae9b148776e89e07ad7
assets/chisel/textures/block/ctm/encased_smooth/spruce_planks/1.png	455	91c384f2230ec462317627621facef22ad169761345b2ef2ece66ae488122c1c
assets/chisel/textures/block/ctm/encased_smooth/spruce_planks/2.png	543	80bea34e58c7be32212d662428b5a2d5a59262185d6cf3654335517f278e7f2b
assets/chisel/textures/block/ctm/encased_smooth/spruce_planks/3.png	478	b17f7ead445c7398eba0d37e8ea8cf4fdae0e8ebcde24e5d564fbcee49fc6ab7
assets/chisel/textures/block/ctm/encased_smooth/spruce_planks/4.png	577	ea528d28b76c57edb02d61bfdbe4958daeaa3a0701788ca5dd6843968b48c2f4
assets/chisel/textures/block/ctm/jellybean/andesite/0.png	352	7614030e914b8310ffeafbeeb8a7c36bbb73fd10ea53269bb0ba983394da7794
assets/chisel/textures/block/ctm/jellybean/andesite/1.png	356	d8e6805e335d49b72eed07e03ea93642fb63d8f743ed72c0fe939deb98279835
assets/chisel/textures/block/ctm/jellybean/andesite/2.png	353	d1d4acbb08b83e46715dcef52ca95c4da04d295b70ad4d05f683bede2d6a0735
assets/chisel/textures/block/ctm/jellybean/andesite/3.png	349	6a234021e782e941f200a47c74d59f3cb26a7e9b8666a4eb3a3cf5f2435276d9
assets/chisel/textures/block/ctm/jellybean/black_concrete/0.png	209	136c39c7cc73e2fea30b7f59402f58bdfcc661f85e2b0fe2735fb33525e21efc
assets/chisel/textures/block/ctm/jellybean/black_concrete/1.png	207	b91d53ffaac00d78bebb70285b8464f5012943aa9d8c78432d262d7911512e3f
assets/chisel/textures/block/ctm/jellybean/black_concrete/2.png	200	174e7b7e3ebf6a95fa2122c531885a111c5b549605a959c20e65f3be54d27fb4
assets/chisel/textures/block/ctm/jellybean/black_concrete/3.png	205	1da9ae02e14bee0afb76afbcc10eaa6c64588cf0f9815544d00602bc4cf11c55
assets/chisel/textures/block/ctm/jellybean/blue_concrete/0.png	256	3c185f3e674e7c3f8e382b182e6baa3d3e76887077f6955c8849618c74cb741c
assets/chisel/textures/block/ctm/jellybean/blue_concrete/1.png	254	f54cf42cf812847a85b6ff376b46f8e149c4e71399eb952e9ae5874e2961a651
assets/chisel/textures/block/ctm/jellybean/blue_concrete/2.png	253	fa413949204c36cc7327531f448c06b7d04570c672ec7c3d33703a703737530e
assets/chisel/textures/block/ctm/jellybean/blue_concrete/3.png	254	8337c62f5ba44fb0d6db8496997eb01a1ca9a817b94fd616d62baf0be6186f1a
assets/chisel/textures/block/ctm/jellybean/bricks/0.png	291	19c5dc04530d9b4909bf6769a2259dd323ce7e8d1a963ba276c1bb770e8323a8
assets/chisel/textures/block/ctm/jellybean/bricks/1.png	295	dcf7427cadf868412389bc4b230a9ef3541fdb3cfcdeb5e525bddb45c7e2c85e
assets/chisel/textures/block/ctm/jellybean/bricks/2.png	293	6dcae2925442c6f069ca71792282548532a11825beb46a64a9bbf6274fb547c5
assets/chisel/textures/block/ctm/jellybean/bricks/3.png	291	2d212768811b71dfc5e26f44be082e4f3358577145702dccbe37e67c932413a0
assets/chisel/textures/block/ctm/jellybean/brown_concrete/0.png	253	b4c0ffb13ff0c5de4dbfc8894f6536ae3e42af9994c6a4c5580819df5ee15a61
assets/chisel/textures/block/ctm/jellybean/brown_concrete/1.png	253	0e444b4341413204850a22ceac8aaeffc36010d9bda540b6896ba8b3c889fbac
assets/chisel/textures/block/ctm/jellybean/brown_concrete/2.png	250	dda0f7fc1855c8bac1f0d284cf106549cbc10919c3dc3675e82e03282edf7287
assets/chisel/textures/block/ctm/jellybean/brown_concrete/3.png	249	6ed6a041cb5d61474c4881f4c57888c3d898e00cc468de938a6a9ed1bf2a3e1e
assets/chisel/textures/block/ctm/jellybean/coal_block/0.png	221	0d09bfd2e20bcdfefbb54d517955ef0591799d27939baed78b9e9c1e29c0be2e
assets/chisel/textures/block/ctm/jellybean/coal_block/1.png	221	17396bf01903e7d688c32fbefdc9c0b8b8fb147135b8595f7e49c46456bf3cb5
assets/chisel/textures/block/ctm/jellybean/coal_block/2.png	218	7acb2dd7dfe4a17dec0dbd6cd95a94d3b4f6911ca487ea014f74052f6750a6a0
assets/chisel/textures/block/ctm/jellybean/coal_block/3.png	222	25640b225c71537fa4bcf2ecd7bfe3a3313aeb245e228434f2ccc71dd9c761d4
assets/chisel/textures/block/ctm/jellybean/cobblestone/0.png	260	3c43685c525ebf6a3b030fe4da0e895dfb2134a3758b7414d6764baa987a36fb
assets/chisel/textures/block/ctm/jellybean/cobblestone/1.png	260	bb7571398fdaae0e8b9bc2b5477c9b804de8fa113107ecfa6a68a54376852f13
assets/chisel/textures/block/ctm/jellybean/cobblestone/2.png	258	17d6305dd0abfb528e5ef6b3a151adcf23c22ce7d6ff9e1bc45632fe0ee82ef4
assets/chisel/textures/block/ctm/jellybean/cobblestone/3.png	260	59694f18ecf986a377c19a0bdda18f78832a46128311f79d6d3b857729a7c147
assets/chisel/textures/block/ctm/jellybean/cyan_concrete/0.png	264	ab3010d48da46ef63c12f096283252e8e5d3b76798e061628e91c29677fbc03a
assets/chisel/textures/block/ctm/jellybean/cyan_concrete/1.png	261	f04ffa9764c05a72268479968b757c2aa4fc0c850bfc741998c850963abc8bc7
assets/chisel/textures/block/ctm/jellybean/cyan_concrete/2.png	261	1d73bd4e49797e4d18571901500bafd72f10f835021f339fd5165116ef768e50
assets/chisel/textures/block/ctm/jellybean/cyan_concrete/3.png	256	f2b24fc475993d9b2a969589121e9b1881ba9ed90cb7f4873f0a090e10639b68
assets/chisel/textures/block/ctm/jellybean/deepslate/0.png	178	c5503a4f0680229fa2c63fd732fd3ba56fd588c633c84ef350a2b338fc193afa
assets/chisel/textures/block/ctm/jellybean/deepslate/1.png	177	b27c2b9bd27987f7114c2f5e76d3abc833f2f24a4022b13f568a9f708e2fce87
assets/chisel/textures/block/ctm/jellybean/deepslate/2.png	175	96873fe05221abfee0b6baa31c0a97f25ebc7f2edbe2a2b10355d0d224b21626
assets/chisel/textures/block/ctm/jellybean/deepslate/3.png	175	b8ec8a3b5c310671bb05bdd7b888aad87f67a02f22bed5a119156f5cf73f631b
assets/chisel/textures/block/ctm/jellybean/diorite/0.png	272	0c0985a22f7fc10e7a929b5829c03d7b776a0cf7f464a615cef2f82ad0abadb0
assets/chisel/textures/block/ctm/jellybean/diorite/1.png	272	01ac60d6e6be78c2f180b26dd43f741a9a2a0b60ccaadccac6db6941c567a5e9
assets/chisel/textures/block/ctm/jellybean/diorite/2.png	272	35f0a85e71af896a6470bdb88d6e5e275ea26ac40da499d5ab61cd8824101e91
assets/chisel/textures/block/ctm/jellybean/diorite/3.png	272	0140a3ab0b4387c9654fbb7ff7f1fc2bcec9c2608fc72b51e58acd31473f935d
assets/chisel/textures/block/ctm/jellybean/end_stone/0.png	272	83b08ec5000e536753f0b201ba9f6c61953e19621f73718f05a3cb824c5d1385
assets/chisel/textures/block/ctm/jellybean/end_stone/1.png	268	a79b82c95344385930bafe59bc5047b9dd009d0ec581445d9c1c3d8c762520cf
assets/chisel/textures/block/ctm/jellybean/end_stone/2.png	266	8cb8f9676d9b20edd86c92d3ca9a2702667b86686e64b2672fecee6c1b41eb90
assets/chisel/textures/block/ctm/jellybean/end_stone/3.png	272	5327a1369332cb9ccc73b1e9155c6b498a0162d40f60d90bef332df822dbacf2
assets/chisel/textures/block/ctm/jellybean/glowstone/0.png	182	8342d561aa597bd9524cb15b512d72488d53d5b0ba0a955863ffca6034bee9ea
assets/chisel/textures/block/ctm/jellybean/glowstone/1.png	177	5e999c72db329bba4345c54c449263c361693cd8ef499551dda454553f8dc7e4
assets/chisel/textures/block/ctm/jellybean/glowstone/2.png	174	83f045f3b3495f40ab876229852a826f7de519a526fe39ba17abd9bd1fc69df0
assets/chisel/textures/block/ctm/jellybean/glowstone/3.png	183	59f0567c8004982651f6a48a6e424e9baedac4b1ee8d9b13c0b64e51db61c7b7
assets/chisel/textures/block/ctm/jellybean/granite/0.png	318	feeb7667572dfd696ccdf231368e614b641eca10cf39aeaa18837297d1283f81
assets/chisel/textures/block/ctm/jellybean/granite/1.png	319	2a93bad739b653a90ff2230df35c21e234954f2e012f4c9aab422fcc9af024e6
assets/chisel/textures/block/ctm/jellybean/granite/2.png	319	7c619014eda2fb53aa6970a4f93f6e5b31dd3a0327a72cc5c0f2f969c7c7cc82
assets/chisel/textures/block/ctm/jellybean/granite/3.png	314	9142664b85c793da733a910b1d93d696005a711adfc741a6d8929179ebeed139
assets/chisel/textures/block/ctm/jellybean/gray_concrete/0.png	244	496d488f4bbc1f3edf092d5b2958dfb67eba85860480ee4e4fce34f1da7a5860
assets/chisel/textures/block/ctm/jellybean/gray_concrete/1.png	243	262bd5771231023a1600c0f232ba35d3f97b32852a49929f50d04d2dd3bad825
assets/chisel/textures/block/ctm/jellybean/gray_concrete/2.png	244	fa16d9925bb21dea492ec537f80ab12bec508767d34a8e012d7b5bd9e884ba22
assets/chisel/textures/block/ctm/jellybean/gray_concrete/3.png	242	2aa1db2e541a330ffa51fa95721368c10b4be732a1a50e821836eaaaa7fcd6bd
assets/chisel/textures/block/ctm/jellybean/green_concrete/0.png	248	336a7134d96285edf33b27b175015c22cb0342a09f67563de21d2fd32db622e6
assets/chisel/textures/block/ctm/jellybean/green_concrete/1.png	245	00fab6e9964363e84a0a7223e2714b43997e59467603b91224e5925e718254f1
assets/chisel/textures/block/ctm/jellybean/green_concrete/2.png	244	af2fc3c47a51b011c107ad63fec0d7f5e5970b2b9b8a7963d9e5c0b37c4c2fa7
assets/chisel/textures/block/ctm/jellybean/green_concrete/3.png	239	06578a69709db2cc59d32ac6f759c31dae0c8cdb56e8f634dfa764341d00f1dd
assets/chisel/textures/block/ctm/jellybean/ice/0.png	362	4c28d8ab190a90eb145943770d5f5a624d5495e47ecb48444dfddd07cf326b70
assets/chisel/textures/block/ctm/jellybean/ice/1.png	362	efc0c10d44f0f89fc04b31696ee62b9efcf52e02c2041dc088240b4baa0bde8a
assets/chisel/textures/block/ctm/jellybean/ice/2.png	350	22b2a81518bc7c52146920c202b1f61778e93a74dcc85cb6d95f2fb04124868d
assets/chisel/textures/block/ctm/jellybean/ice/3.png	353	13691d480d5a97692437c6849a63e911e99acfa3b931ad700b8bdf4a49d1b181
assets/chisel/textures/block/ctm/jellybean/light_blue_concrete/0.png	244	f77df6023281ad891f21a780390027addb8ff7298fca8fc8acab7ca0649af03c
assets/chisel/textures/block/ctm/jellybean/light_blue_concrete/1.png	241	0dc7a1795ff3f8e62b7d9e92d8b1299b25bbeab298b3546d81d0f949fba0e33c
assets/chisel/textures/block/ctm/jellybean/light_blue_concrete/2.png	242	567d0955fe3bf54cb0bfca2d49cebfdcf39a01d3e9b0084d5a1f5cb62a91e85a
assets/chisel/textures/block/ctm/jellybean/light_blue_concrete/3.png	240	c198ab67bfb072c1fff9292e3bedc273326efa082f5d5aed8b3fb30c8c4e24ce
assets/chisel/textures/block/ctm/jellybean/light_gray_concrete/0.png	238	f50cd815fdf5eab174271651bf3f984da3dfb32869284501f9c31ed77d233b35
assets/chisel/textures/block/ctm/jellybean/light_gray_concrete/1.png	234	7141e5e8eb3e44ed584248f018ab9210d4c05c0fe00471f92979c98bbab270b1
assets/chisel/textures/block/ctm/jellybean/light_gray_concrete/2.png	233	8ddcbb332d3f0fce14ae95fd38bf2ed5ed26985d70bda64be397a5c3493c3f10
assets/chisel/textures/block/ctm/jellybean/light_gray_concrete/3.png	236	a30222d0c7873ebf56a7edf90d9d9862050a835b54a8b6f0d6067e04acfcae3a
assets/chisel/textures/block/ctm/jellybean/lime_concrete/0.png	255	7cf345a0f80bd1b5953647f592a63b1b3bd6b545d8e84a29c190650c9f2af837
assets/chisel/textures/block/ctm/jellybean/lime_concrete/1.png	253	35d691e51f29f17b2ecffa7e25e1b37793a7a92f65fa74f7287ec8d6360ce65f
assets/chisel/textures/block/ctm/jellybean/lime_concrete/2.png	248	0b89ca8ccf37ce31a26762d4d6087b308fcd61c33c8f9647927ea899165d1527
assets/chisel/textures/block/ctm/jellybean/lime_concrete/3.png	254	0ea87cfc430f7abe3765e1d41698b188fdcb68db534aff1de0ac9d36fb35a225
assets/chisel/textures/block/ctm/jellybean/magenta_concrete/0.png	249	c0f2821217985ab1fe39e4e1751021cf3201b4044337dcca109f1250eb4cce73
assets/chisel/textures/block/ctm/jellybean/magenta_concrete/1.png	248	4ecc41d6e37277c98d1c62a57f5b208ac055d1998944d0447a5592a438aa6beb
assets/chisel/textures/block/ctm/jellybean/magenta_concrete/2.png	245	62891c2f86ae60de8c04307ced17bc57d06724cfbc7bda960ebdef46f695c22d
assets/chisel/textures/block/ctm/jellybean/magenta_concrete/3.png	244	31d4ff0f9577d41f2f6cd8fef8d9cc9766da723cb4ace0e3df3032b76e0e3b68
assets/chisel/textures/block/ctm/jellybean/orange_concrete/0.png	240	868f811b892ff72e88d08a29a58f8d8e17296838b016aeb0f65c78de2c8c32e3
assets/chisel/textures/block/ctm/jellybean/orange_concrete/1.png	240	873594d747170c41bff53e519203dd8539e9c4716497c55bb997e8f28698834c
assets/chisel/textures/block/ctm/jellybean/orange_concrete/2.png	239	cf00ad30ad860117c5b891c499906859a9b2d0607f7b4b0cbfbd8411c5f06456
assets/chisel/textures/block/ctm/jellybean/orange_concrete/3.png	240	6ff2e0483bbdb6e4321cc4a2ae34d46cdd45f744fad1c490e0134d301994beb5
assets/chisel/textures/block/ctm/jellybean/pink_concrete/0.png	269	c46bd404a08624195b2de864b95b434b6ace23e383ab9efec7fb343e20077bd6
assets/chisel/textures/block/ctm/jellybean/pink_concrete/1.png	267	963031dd8e203004e379d186b49b7681d7f372d22319a9d4ef4ce1941450a4cc
assets/chisel/textures/block/ctm/jellybean/pink_concrete/2.png	264	6ce850715dade7a3099eb3f845102e6815c95d553967fe254fe6d59b7b262bb5
assets/chisel/textures/block/ctm/jellybean/pink_concrete/3.png	261	e73432252d12109bbb8da8418fbc2c70acd74dee4f3ee6b173ff32d85f5471bd
assets/chisel/textures/block/ctm/jellybean/prismarine/0.png	374	85c98ec4705a6cda0d8fae81a502ecdc16bdbdbd87bbf24f3992e83831f33a40
assets/chisel/textures/block/ctm/jellybean/prismarine/1.png	377	c3d2ce49ba879ebf99b585e5c7b72bc6945140e6e66be51e94f98398e95ce52f
assets/chisel/textures/block/ctm/jellybean/prismarine/2.png	384	fb2ba8938f713bf13b500ef8ca58a30ef98b4f31afa2e8f039408e512e6102dc
assets/chisel/textures/block/ctm/jellybean/prismarine/3.png	379	fa572f17ca3046741b7bafac7b1ed689726fa1a95d0627df140980d1b627c6c5
assets/chisel/textures/block/ctm/jellybean/purple_concrete/0.png	245	81a4d6edad73ef20d791b6eaa107a702649d2190ce2093737f5593bc06ced240
assets/chisel/textures/block/ctm/jellybean/purple_concrete/1.png	242	9c3d3f238e9a8fe9710be15183f9d902d55a81383c5a5c9deace48aeee6a2fdc
assets/chisel/textures/block/ctm/jellybean/purple_concrete/2.png	238	eafe81737613c7dd1170c67bc67faf5e05e11dc149634cc3763328728517fa69
assets/chisel/textures/block/ctm/jellybean/purple_concrete/3.png	242	e67df10c7c751c69f90ff6e7d6f89429bcc65a7bd26c1fc0a1263141bb8dcfab
assets/chisel/textures/block/ctm/jellybean/purpur/0.png	272	096f89ed9dfc5258c44a6de1476a02adef88635d71f7c6a6bbfdb504e814f165
assets/chisel/textures/block/ctm/jellybean/purpur/1.png	272	b5cef2dc665070ca562123c9c2c55ddc5c8df899ccd9bdb7da2d51d6f352ec1a
assets/chisel/textures/block/ctm/jellybean/purpur/2.png	272	d7a0f069bc586a4bc713c3acf2b6e9ac83fb7b5dadc7edb1fae7c667bd366308
assets/chisel/textures/block/ctm/jellybean/purpur/3.png	270	43a678520f2bcfad24c661c7a40221dc6e59f84912b597f6b07019b856719852
assets/chisel/textures/block/ctm/jellybean/quartz/0.png	239	44a75febd438f22e4835508aa1a9865abc82824ffd7743ffea66bdef75e4cc5b
assets/chisel/textures/block/ctm/jellybean/quartz/1.png	241	f4a75a8fb6d58967aeb3b9adadeb8f6b72ead971b1cfd04f09944e5262d307f0
assets/chisel/textures/block/ctm/jellybean/quartz/2.png	235	80c1dd7aae374dd70864e41a03acd7ae6623bce3b9ffdb2e12691582771d65bc
assets/chisel/textures/block/ctm/jellybean/quartz/3.png	234	98542c3f6921a5da8f3fbe865b4a0d56b4e1ea3f22b3c7d3ec7048b23fe854d5
assets/chisel/textures/block/ctm/jellybean/red_concrete/0.png	250	7a29029d54a89705a4ff3b9ab549986ae617d904bc756115dc4e4bfc0e9db7ec
assets/chisel/textures/block/ctm/jellybean/red_concrete/1.png	247	f36463f8d4023f5ec9bf1a91b8cb36aee01642d192cdcd2c96e30cf45070d3a1
assets/chisel/textures/block/ctm/jellybean/red_concrete/2.png	247	ada5b0d05f019e445dcc7f041d0d9d4aaca3f9fc63f4d656ea7243cc5e8fbca7
assets/chisel/textures/block/ctm/jellybean/red_concrete/3.png	249	38ea18cb29bd9e6035f4fc1c4274a2a75b2578718ace09c7590083b87072f632
assets/chisel/textures/block/ctm/jellybean/red_sandstone/0.png	295	1fdf8c99b8aff853c68b2f5d2b876c60fa648ee02ab6bc1968d99d86426fd6da
assets/chisel/textures/block/ctm/jellybean/red_sandstone/1.png	293	50af85ea8fe1905bd5a0bd6c587e75f85af876a7033397ec98dc5f1cec817e44
assets/chisel/textures/block/ctm/jellybean/red_sandstone/2.png	294	75d48fea66d92c0c45419f1b46b719d3c5d198cd3d9a9864baeea02567ae2ead
assets/chisel/textures/block/ctm/jellybean/red_sandstone/3.png	296	d98af767b9c9d30917a63827d73c86fc788534afeaaccb45cc99690ed94e9272
assets/chisel/textures/block/ctm/jellybean/redstone_block/0.png	284	af9414eaa023bc8902ba4415e9efa59e2f4a94cbe42a6de59dd4ee2524408a33
assets/chisel/textures/block/ctm/jellybean/redstone_block/1.png	289	8b4068d83e758e16229bea436b665bcb3f0ddc43a19908605263aeb0be88b179
assets/chisel/textures/block/ctm/jellybean/redstone_block/2.png	287	1244dfbabbfc7d4af6c2f35dd458821e63d57536d57e74963cb093f29ad40456
assets/chisel/textures/block/ctm/jellybean/redstone_block/3.png	287	80c70f20cfd8eca59be3d4fb2974164f03a23ed05135da1cc4a48aa0f2f732ec
assets/chisel/textures/block/ctm/jellybean/sandstone/0.png	297	a666b9457a620a33fca93c75bbf40c96eeac4d6e1135199502b32b2a442467c7
assets/chisel/textures/block/ctm/jellybean/sandstone/1.png	299	06b2643dc1b13a0fde4ba3ebae8b313d364ac51ca178067065ab568d5e7a4b99
assets/chisel/textures/block/ctm/jellybean/sandstone/2.png	300	2de5bd68f34ccf0a2d6d5ff3035a16461ec5f7dc2a2b1f7d5c4d7cff236f30ab
assets/chisel/textures/block/ctm/jellybean/sandstone/3.png	302	94b8c04f6e00a8a203a764ab73efeb0b9cd0f990bad1cee039e4f4dd2581469e
assets/chisel/textures/block/ctm/jellybean/stone/0.png	269	e00664154e9bb4c9fdacf36504690412d7c7e474059e1079d38a6de771186bde
assets/chisel/textures/block/ctm/jellybean/stone/1.png	269	a5a7516a88cb162a3cea2fa8203837fd9d7a007bd2585477bbc9e8ea61a2edd7
assets/chisel/textures/block/ctm/jellybean/stone/2.png	269	2747e2aa8280d7a264e670b7ee095938de12e8e2826a30857f800847e37b0e29
assets/chisel/textures/block/ctm/jellybean/stone/3.png	264	6e3f7a6a7ef890c458b36c4e72c879e5078fd236df5d88e9efe40df185d5fa1f
assets/chisel/textures/block/ctm/jellybean/white_concrete/0.png	269	ace6f70b82f76ea6fa22c0da61993d992fb7cda6ae2876d7c7c85ebf621154d4
assets/chisel/textures/block/ctm/jellybean/white_concrete/1.png	266	f05e8441e8198745923ea974fe9ebdccde47d06b1d2ae15903b26bfca79344c4
assets/chisel/textures/block/ctm/jellybean/white_concrete/2.png	266	b2ab57662a9a9ef4a6c8108f8a31aff0b62737408ab9c5aeabe2cf66c0849309
assets/chisel/textures/block/ctm/jellybean/white_concrete/3.png	259	a66f5a02b65fd26a6b5ff7e9a5f7e747e10245518f78ed216a20f3043c370a11
assets/chisel/textures/block/ctm/jellybean/yellow_concrete/0.png	249	55925d288d84293b8d1cba343dde8ed211dce97bcac9bce8b7eff70917ea95ce
assets/chisel/textures/block/ctm/jellybean/yellow_concrete/1.png	248	5d455ac3c40025759cfec12fa8b7b60c570e372d5fb39214b5d19bb9d33cb298
assets/chisel/textures/block/ctm/jellybean/yellow_concrete/2.png	245	40204781a289fc486683595a7795f305cb7fc9ddda283bbe99142ba8a2c333cb
assets/chisel/textures/block/ctm/jellybean/yellow_concrete/3.png	242	1e1fe49b75dc335b99e32dc9c3ca196f22aa1a7d45ae58fc629d5d570711edaf
assets/chisel/textures/block/ctm/large/acacia_planks/0.png	510	3a00872962033f53ba5b23cf3c1cb77036e65dd0e10c1f0be618294d9adfbb8e
assets/chisel/textures/block/ctm/large/acacia_planks/1.png	492	acf69e73be0e3c554d45bf25a27cd1d4750aa3824cb342948cfe51bdd5cdd4c8
assets/chisel/textures/block/ctm/large/acacia_planks/2.png	566	ee228b9d39b805109753f14d0708e764bfbfe2dc5b498a7d4f2408da6868a31e
assets/chisel/textures/block/ctm/large/acacia_planks/3.png	501	09a0b319a636d1542738430fe951237a712bbed110cce44f7bdbb21a2ffc5afc
assets/chisel/textures/block/ctm/large/acacia_planks/4.png	601	edab240b6a4302d8fa2d5f7d43b0f48d5a080509e97d34206b3fa134dde2926b
assets/chisel/textures/block/ctm/large/birch_planks/0.png	495	0c722d159d860ea0715ee3d1853c12214aa7c528d9e5e5a63895beeaadc66e5d
assets/chisel/textures/block/ctm/large/birch_planks/1.png	479	f153208a9763b81c0671e870f455f5da45a33ad6288e65a8a8a29ebf2545bcbb
assets/chisel/textures/block/ctm/large/birch_planks/2.png	568	ef606b810c39ab099f738f326090bf6476e9a6118e074c016c9bb58f4762aecd
assets/chisel/textures/block/ctm/large/birch_planks/3.png	495	00f8a8f44108a31c1b44c1e1ed7d02810b118a9459fe408926ec6347988c8941
assets/chisel/textures/block/ctm/large/birch_planks/4.png	598	dcb37e3bca577ce6674a6fba48349896efdc9e565fec8c04a00a85068ba07407
assets/chisel/textures/block/ctm/large/crimson_planks/0.png	492	2064807efa89c98586dd1353a907b5eddea001020704e25fb64312cdba72ccd5
assets/chisel/textures/block/ctm/large/crimson_planks/1.png	472	69e49fb5923dc260eb86202f49cd603639993b686dbc20e73dbd1d23bb1df75c
assets/chisel/textures/block/ctm/large/crimson_planks/2.png	549	16551a2caaa2d8095539bb746711cd5062696bb65e5a260a51f65d0c2c271728
assets/chisel/textures/block/ctm/large/crimson_planks/3.png	461	5288b14e38be4e60560a6fd4afe6590e6c96ec31c69a3b5597525ac1b3683b3e
assets/chisel/textures/block/ctm/large/crimson_planks/4.png	585	42fc52cac4218b57498c36017c7ba89280937caca003dcb60f6bcc706afdee9b
assets/chisel/textures/block/ctm/large/dark_oak_planks/0.png	460	f5d8585794ff4fecb2a846876d93afea493b67c01d1966a1b3204f30ccb0c600
assets/chisel/textures/block/ctm/large/dark_oak_planks/1.png	436	b191fc5afd66ec9c669c3a3e34182cb09b320dea85225600662bd637abb2efc7
assets/chisel/textures/block/ctm/large/dark_oak_planks/2.png	511	7098d8db06a5fd63b9642f7123396885267698059e34722d1ebdba3dc669c53a
assets/chisel/textures/block/ctm/large/dark_oak_planks/3.png	447	9717c32d786e381587de3925d7423d27243c865070076baa18cc2d47ca68dbac
assets/chisel/textures/block/ctm/large/dark_oak_planks/4.png	532	1b7bf7d9f08f3430fba8113d22f111f63e6bd92e0efda2f8c590c53a7bc579c7
assets/chisel/textures/block/ctm/large/jungle_planks/0.png	520	62cba9ce57ce9381d4988bc52a3bf0d25f71d1e380e7c74aaa849fd50c291dd9
assets/chisel/textures/block/ctm/large/jungle_planks/1.png	508	a77a0774673765c9a657ffee9f11ceb5acc51ae30011bbb9d5b9ee20d0e371bc
assets/chisel/textures/block/ctm/large/jungle_planks/2.png	589	0c3013f0a3a50714559bbb69a781b6b4f3ec3981ad7b0f3ebeda2eeca2b02a6d
assets/chisel/textures/block/ctm/large/jungle_planks/3.png	504	bab3a28c3e6f1cb558432003228772832d50360e8707ab2a89c9e64c114231cd
assets/chisel/textures/block/ctm/large/jungle_planks/4.png	631	65dfe793ce54f08005cbce3cae0770e99536e240c18ce43478db4e44c0c1785c
assets/chisel/textures/block/ctm/large/oak_planks/0.png	521	aa7bdd3d8eafc207d642bc00115d95e12df3d94f2a217dede4f9c5f5c47bbdb2
assets/chisel/textures/block/ctm/large/oak_planks/1.png	502	253b39cbcd7d9bd29a7118f816b1c19fffa993bca718b33dbe2426f8a8118cb8
assets/chisel/textures/block/ctm/large/oak_planks/2.png	598	46916cb2ab7b3db519df31e73e3a3452d26754db0d91cf215e23a93d4af98bd1
assets/chisel/textures/block/ctm/large/oak_planks/3.png	499	c0487d708736955445677d1d77a25c46112bbfd6db86f58696337ff9991a501b
assets/chisel/textures/block/ctm/large/oak_planks/4.png	620	aeb65722041289b703e087d628cba0ca6e15b715a5aceecea243fc06346921dd
assets/chisel/textures/block/ctm/large/spruce_planks/0.png	497	495db9fadd52022ca0a566172ac7feb062a83b34bab2dd276c914c6cc01bfd9b
assets/chisel/textures/block/ctm/large/spruce_planks/1.png	481	93770a5992101548a88f89932993b690438f59738e2bb6a64869ce4348ad5e72
assets/chisel/textures/block/ctm/large/spruce_planks/2.png	552	b8b366b19a990a93b74c4d476391190f0ba86c1cb682ba7f8570bedff681406f
assets/chisel/textures/block/ctm/large/spruce_planks/3.png	486	5c2f553f369447b353849cfb196f784fec705b7ad0511ca2661cf1c3c263ed92
assets/chisel/textures/block/ctm/large/spruce_planks/4.png	584	1f5916af064fe49635e5adfa4247df0f23c81ecbaa0a367e8c489d4270fe1041
assets/chisel/textures/block/ctm/large_tile/andesite/0.png	329	82c68cece19527c3f0c17d0597da5814709961047291e703cd8529d4083e4b65
assets/chisel/textures/block/ctm/large_tile/andesite/1.png	324	fe351b5589ec3f32b9e7fab8f977e4ca204c2166c6301bedb2ded7c4883a1e96
assets/chisel/textures/block/ctm/large_tile/andesite/2.png	333	c2f8d193a6ed727c2ecacb6552bf17eedbb3d5503b0fc18450bf068feea68690
assets/chisel/textures/block/ctm/large_tile/andesite/3.png	330	b3af65d6fafa421dd4fb1fc72d58eb42d3e5edf383b0c372e4826252827a322f
assets/chisel/textures/block/ctm/large_tile/andesite/4.png	329	1ac76f59fac87445e417b7aee5436495eb43cd91b66b1216f3e762263b65cfc4
assets/chisel/textures/block/ctm/large_tile/black_concrete/0.png	188	ed3b1195399a5fd9c3afd4761385eed09843bf367bd8f9b76eaffe9b028edf5f
assets/chisel/textures/block/ctm/large_tile/black_concrete/1.png	170	45ab72f1ab286e8ffd33dc8b91682627de68101c9812ba131535bb2020005212
assets/chisel/textures/block/ctm/large_tile/black_concrete/2.png	179	75b4415a8c4c7483e37a92b9f56f27bf56b21a6f711eb593174c38fcce505691
assets/chisel/textures/block/ctm/large_tile/black_concrete/3.png	174	d8e4bac67d3c78feb443d43bcff4b7de260a122867c929cfcafcc931190ec191
assets/chisel/textures/block/ctm/large_tile/black_concrete/4.png	179	b2d378cabdec1b7f718711ef24d2a487ad508c613aa75f68a86a6ac24cb00535
assets/chisel/textures/block/ctm/large_tile/blue_concrete/0.png	235	140dda8a6023ded10a0731f7b66e162fa15b6e2ae7107aabbe088309c9e412b2
assets/chisel/textures/block/ctm/large_tile/blue_concrete/1.png	198	bb6f2a784ecc648a128a323b57ac12ccc80d7a59b29574536cd982e555f505b3
assets/chisel/textures/block/ctm/large_tile/blue_concrete/2.png	214	6dc00cb07eaa0f3e2234c5138b6892e9dc05b622649e72028566fcfaae4f2047
assets/chisel/textures/block/ctm/large_tile/blue_concrete/3.png	209	0a78c83a8a2b177236fd77d8e1f2e22a823b113f52d063f7b91eec8e580e959f
assets/chisel/textures/block/ctm/large_tile/blue_concrete/4.png	208	43b9f34192a611c06594d75574f81bfb9834fc28300eba06b6d46b629a11d8a6
assets/chisel/textures/block/ctm/large_tile/bricks/0.png	282	5856ca7cd245e5222119d0b3fbef11d808453448721ca5f922b409777d3fe13e
assets/chisel/textures/block/ctm/large_tile/bricks/1.png	272	516d552594aa2a6b34f2db96e0e19f1cfd19dac89503c9ef27b4fff5e294b0d4
assets/chisel/textures/block/ctm/large_tile/bricks/2.png	279	48bb3583b20d6361e37dccedbab0a93f1e9cfd8085303f1430ba08d7efa824ff
assets/chisel/textures/block/ctm/large_tile/bricks/3.png	280	6a1402ee1bb2b58b376eb8f5ac11d78e486aaa26b9e49dbef92c40da8f501dc6
assets/chisel/textures/block/ctm/large_tile/bricks/4.png	277	ebc8c174df324b30757894693243aa46cf1e4af0e888e5de7f28e5cae9fa6e6e
assets/chisel/textures/block/ctm/large_tile/brown_concrete/0.png	236	e9e11caee40aeb293df2543a410e0439af3011bf123fbd78f4c87071b08d9eb7
assets/chisel/textures/block/ctm/large_tile/brown_concrete/1.png	198	a7057e10199efe35284b0f1bb8ae711af3e8d1656ed004d0562514f6fc2ea339
assets/chisel/textures/block/ctm/large_tile/brown_concrete/2.png	220	e05616405dd64d44076b16e63b4b041344460324ef4129e04a310c88b709921f
assets/chisel/textures/block/ctm/large_tile/brown_concrete/3.png	208	1675c1b9822c2ec3fc2fd9fec1c035b63278be8584958c45e7d575d0612d3034
assets/chisel/textures/block/ctm/large_tile/brown_concrete/4.png	208	5850a8a7deda672753615a32de9ba7e75c16dc54ca312c7602366d7f97a1d862
assets/chisel/textures/block/ctm/large_tile/coal_block/0.png	217	0b0e0757bf43988865f14e8ee109c195dd5e99bc0d1ea90d3971c4c5ba3fb9d9
assets/chisel/textures/block/ctm/large_tile/coal_block/1.png	208	51a9906fee1160cb7a5de07479b5c1d8dabb4d3e534242d78de76e35b1e0981e
assets/chisel/textures/block/ctm/large_tile/coal_block/2.png	216	ae881cc0bd516b7d685600a141e37659859216f1c0d7d78baea5d41f04e166b0
assets/chisel/textures/block/ctm/large_tile/coal_block/3.png	210	f072c1cc0c58fe0df1eb60537b1bc7e730f7171cb9787a9f30e987ef1912bdbf
assets/chisel/textures/block/ctm/large_tile/coal_block/4.png	211	d1fae62539a9c4381b47687567d89ca81110e1a4b1449ff612b33f0d246acd9c
assets/chisel/textures/block/ctm/large_tile/cobblestone/0.png	249	cbee717465ddf5a01e55732fce25d52ba81e5076d90c1be83adedcefd33b441f
assets/chisel/textures/block/ctm/large_tile/cobblestone/1.png	499	0fffe79dab7f31473aedd26333b2198536240689aac6c8edd2c2d0e068f3d072
assets/chisel/textures/block/ctm/large_tile/cobblestone/2.png	540	122ab82f28074e4c6317513ac725945bdc0acd47320d518a830fde5b78a219e3
assets/chisel/textures/block/ctm/large_tile/cobblestone/3.png	492	42f2f37bd90291aa17543ccddf0aa8c12ac04a11633fd7fb82a20c38650d2835
assets/chisel/textures/block/ctm/large_tile/cobblestone/4.png	507	8ad7272c25989207fb8a9aee71fb83fe0407267395f02ad7f8e23b8390ea80bf
assets/chisel/textures/block/ctm/large_tile/cyan_concrete/0.png	244	98e996833e8154d2a40214c57b5e08f58b8546a53a2057ad1a01eb4bb3760afc
assets/chisel/textures/block/ctm/large_tile/cyan_concrete/1.png	201	0a53ecebf97b2966ef496e47394c4fd20eb324601125b87741216a99a89f3358
assets/chisel/textures/block/ctm/large_tile/cyan_concrete/2.png	225	5a1981bca3398ab26e2bf8206ce9f0430d6dacbdd3e8fe3f1fb14a9c719a683f
assets/chisel/textures/block/ctm/large_tile/cyan_concrete/3.png	219	3c04e9f21e26d417cf17b6a022ae9af60a00945122f5f4e33cb2ff523e00f97a
assets/chisel/textures/block/ctm/large_tile/cyan_concrete/4.png	211	525e80e0550619365940ba5611bf52b2f5cafe2f91505dd58abae908fbec1d8b
assets/chisel/textures/block/ctm/large_tile/deepslate/0.png	230	1eac0e0862e81b2ec8c48a872d58fba257829ff7d3018cc953fb465890451991
assets/chisel/textures/block/ctm/large_tile/deepslate/1.png	157	0098ff64bd779694ce56a3e2c5ea2a7d3fbf754db2cb698c362178c3edf97a62
assets/chisel/textures/block/ctm/large_tile/deepslate/2.png	174	16aac7574519955326b39df30dc9f4ee57dae8bab0d6935819001cc59654bd66
assets/chisel/textures/block/ctm/large_tile/deepslate/3.png	160	88fd75844907bc5c73c3f5d97170f9190a1ed6390bb6118dcd63f5d45ca10a98
assets/chisel/textures/block/ctm/large_tile/deepslate/4.png	165	f7f68c78968a752d189e02b044bcd1d12e133c02fc83c18486aae93b89d618d1
assets/chisel/textures/block/ctm/large_tile/diorite/0.png	269	f90d7d852117b3e4e13a81783978f1a60fe5572ee7eb0fdf889ca3a166492504
assets/chisel/textures/block/ctm/large_tile/diorite/1.png	272	ff0b582a21a15783e20a4203340776e7b7e55740022f7173ec1ac2fa3d15271b
assets/chisel/textures/block/ctm/large_tile/diorite/2.png	272	5ad7f07464a16b96123a492be12c45c0e79082e8e9eb16863d94dec8848e4138
assets/chisel/textures/block/ctm/large_tile/diorite/3.png	272	949b16b8ed541e0175e9fda1ff3d4e0900104c628289b1fa736e890337a26d73
assets/chisel/textures/block/ctm/large_tile/diorite/4.png	272	f89083e3db5aa6f262b52dbf7806fda1f86ac0d9cbe68868fe2bd4b1fdd3e5ee
assets/chisel/textures/block/ctm/large_tile/end_stone/0.png	266	226d6fad8e099e9f6efd71a3b38c342e2efb6ea65a41015e5099c50838ad1b5f
assets/chisel/textures/block/ctm/large_tile/end_stone/1.png	250	57bcd5228da61095cf23feede1dfe32dca3038e6e4e4cadb41a5004cc6f039ae
assets/chisel/textures/block/ctm/large_tile/end_stone/2.png	267	06cd85b381c1398c68a26ede6cd6f0f7837b395056fb070e11b5869fe32985a7
assets/chisel/textures/block/ctm/large_tile/end_stone/3.png	263	a09683d60702ddbc1904269ff3ef4f95640b5bd2e810541d09d4cf0b74d207bb
assets/chisel/textures/block/ctm/large_tile/end_stone/4.png	250	b85f347049add137f3285fe3174a74395e1f43a8124f59215b8145e73c65afef
assets/chisel/textures/block/ctm/large_tile/glowstone/0.png	135	dbdb7b47b0713844b13573312a00ab72a4fec9789ad738befe4d49f9af0531e7
assets/chisel/textures/block/ctm/large_tile/glowstone/1.png	105	e3b2c648f707650bb1bfdb518e9aca931a0c4013670a6c85da336988e3396c47
assets/chisel/textures/block/ctm/large_tile/glowstone/2.png	109	a4010ffc8c5e5bcb5a7e46689c61a141613dcec6aaa1c2d5b65be97b96cb2263
assets/chisel/textures/block/ctm/large_tile/glowstone/3.png	124	cb64548e3daaa1bf32d87a085c73322f7f488aa3a689fbd7e082b563fb427014
assets/chisel/textures/block/ctm/large_tile/glowstone/4.png	139	e641a40f4603561c6d7165dd090be9351c94229c85030ae9946ec3f97796f471
assets/chisel/textures/block/ctm/large_tile/granite/0.png	318	88521dbc487bb12c6bf98e625756d784afd70350f855938d907d7f22bd24a4a1
assets/chisel/textures/block/ctm/large_tile/granite/1.png	320	b497097ec4f3a5d57cb4dffd02d45a893a608eee0d7c019a94cf98fddf76b5d5
assets/chisel/textures/block/ctm/large_tile/granite/2.png	320	49df4fb924fd4ce768de9657fcbdbc3cbfda54bc37a7ea192a65f1c69ad9c2c0
assets/chisel/textures/block/ctm/large_tile/granite/3.png	317	516202213c8ad5e2966c41f3e003f04de47016ae7a287f7487c65edbf2e67db5
assets/chisel/textures/block/ctm/large_tile/granite/4.png	318	5aa63970feea093194ee50b6f19a07cf0bf9570ff2a5af48e375a2f032fc736d
assets/chisel/textures/block/ctm/large_tile/gray_concrete/0.png	225	ae6663e75e46efcbad563f89d092999058a98ee48b8a894f4006f1adfe91d742
assets/chisel/textures/block/ctm/large_tile/gray_concrete/1.png	192	df03aa365e381b40fb3535629057bc3a78575cb0dd1dbd0fe53c2adfc378a1be
assets/chisel/textures/block/ctm/large_tile/gray_concrete/2.png	206	7a93859318a5d22fa612499b0889a039268af50546c490eae1c2700e7317c169
assets/chisel/textures/block/ctm/large_tile/gray_concrete/3.png	209	d5321bfdac25a8459f94fe53e9b896b6e76a55134084e3415eb5986ac1679728
assets/chisel/textures/block/ctm/large_tile/gray_concrete/4.png	202	6930abd6dd10c37cd1ac22fcdec67228f5c3580f971ae923bb9e280388081d80
assets/chisel/textures/block/ctm/large_tile/green_concrete/0.png	232	e6494645158922282c06510f63b679f385ae47c2322609a4dfe3d240567ad6f1
assets/chisel/textures/block/ctm/large_tile/green_concrete/1.png	198	9e270cdb0350448ad9024978b23648f79f990cc4daecbee231bd87495f9b3b2e
assets/chisel/textures/block/ctm/large_tile/green_concrete/2.png	218	9dcc0f32bd121190f6805498a6b1041c7a61166301c4779a9287f83b645f7b37
assets/chisel/textures/block/ctm/large_tile/green_concrete/3.png	210	4aa0c3e63508c0a7a75be068697200792889d41f9d41a43da3f84b0d14bd0678
assets/chisel/textures/block/ctm/large_tile/green_concrete/4.png	208	2bfc21d739b237413f48dcd29c4f7a10e419edfdd330e82914d277b696ce2afe
assets/chisel/textures/block/ctm/large_tile/ice/0.png	260	de82f3f619c9a0fcf1feafc5efe559a97ab14f1ed35f3b578e865da4d91dd274
assets/chisel/textures/block/ctm/large_tile/ice/1.png	234	2d32dff725deefbd6a7735fe6ce35efed33bcd86233f73d767a9a34ea7997ccd
assets/chisel/textures/block/ctm/large_tile/ice/2.png	248	c8a70b19fddbe99cf0b60f43dd8b007ba3ef6731a9a0cc3ad787e24708ed11b2
assets/chisel/textures/block/ctm/large_tile/ice/3.png	245	dfbd497e41977edd49a18b25064d1970a532c5449cabda4628a5e34ea7cec9dd
assets/chisel/textures/block/ctm/large_tile/ice/4.png	246	aae6eb52a0108c648bc32e6a47dbdbc26cd34c7dbaeda5b329901f3bccb4c333
assets/chisel/textures/block/ctm/large_tile/light_blue_concrete/0.png	222	f3dfe1faf4e24c90da56b258ad273faecffc56217b8584b76a61b129d2322825
assets/chisel/textures/block/ctm/large_tile/light_blue_concrete/1.png	192	24109faa85df6e3daa82ff78125e7a67cdf9fdeb71104e89c917905147464835
assets/chisel/textures/block/ctm/large_tile/light_blue_concrete/2.png	208	dc92b6fb38b66f63b8b56041f9151f4f14823e4b1c03044ea1776707e246e310
assets/chisel/textures/block/ctm/large_tile/light_blue_concrete/3.png	203	8a0d60e2f2e96b51848a26f5a0712e23a79e6128c6288f7eb1673171ccae76f7
assets/chisel/textures/block/ctm/large_tile/light_blue_concrete/4.png	201	08a2f27a0ee2d10a87032285fa010c4acce5894f2f6fd5a32df7687e1c34f4aa
assets/chisel/textures/block/ctm/large_tile/light_gray_concrete/0.png	218	3f72ff9c532d3a0f63ba0a5a3ea8899ca9bba471e970128733faf69f5c9d8208
assets/chisel/textures/block/ctm/large_tile/light_gray_concrete/1.png	193	f1f8cefe49112393add3874a0480bfc77f7b464da6abae49030efb7193accae5
assets/chisel/textures/block/ctm/large_tile/light_gray_concrete/2.png	205	c47fcadc2eebc4f71696ace8e5f38067f2321184f86fd82e6b7d7b499a56aeb1
assets/chisel/textures/block/ctm/large_tile/light_gray_concrete/3.png	198	8d5ce05cf99d682a517c84283159d6d23d19f309b84d88a3767881cfd1e914c2
assets/chisel/textures/block/ctm/large_tile/light_gray_concrete/4.png	201	ab1f2bdb7315c3dc326576b2cc3bc5e67dd8b8968489a084a02edad8efefc7b0
assets/chisel/textures/block/ctm/large_tile/lime_concrete/0.png	236	9544818aaca452633c54b8bb889475c1818f254b660b762423c00f47ba234d4d
assets/chisel/textures/block/ctm/large_tile/lime_concrete/1.png	195	7657c356a7c254df857cec4b3a23f2afa46af804649952a8bf77bddcf2c68c6d
assets/chisel/textures/block/ctm/large_tile/lime_concrete/2.png	217	769c96cbb569324cfb3d736d0c4cbe9c0dfd601e824956e1ee513b97400cd362
assets/chisel/textures/block/ctm/large_tile/lime_concrete/3.png	212	956125c7f8128b47437d0921e564e6f2d1f366e68a12ad531eab7672e7b9d3d7
assets/chisel/textures/block/ctm/large_tile/lime_concrete/4.png	205	cce97e2275db2e99c7a2d041f752d1470d398e32e6a908b2347924edfae24776
assets/chisel/textures/block/ctm/large_tile/magenta_concrete/0.png	229	3799780bbe4eba7ff9e8953e85f8926ddb303f656147240b90f1e453c1d0ed73
assets/chisel/textures/block/ctm/large_tile/magenta_concrete/1.png	192	70fa5ba87a425131719f1287a67e53f2786a0f3736de8c2213898976cf3814db
assets/chisel/textures/block/ctm/large_tile/magenta_concrete/2.png	213	f8417d0f9f090350e8c5f165361d5a50ae16bc5b6b280e6223584df4027d4644
assets/chisel/textures/block/ctm/large_tile/magenta_concrete/3.png	207	657530f423159a35664f875bfcd17aecb25b1042eeabe446bbdb6da0a70b9595
assets/chisel/textures/block/ctm/large_tile/magenta_concrete/4.png	202	7d769a189041f6bc95c25369b8e74f7f9d7ad8bbae92691afb287dc32ca7280f
assets/chisel/textures/block/ctm/large_tile/orange_concrete/0.png	231	f53f48ab2ed486182ef9e8f5c30d6da7763f25d5427fa2c4943112c6485870f8
assets/chisel/textures/block/ctm/large_tile/orange_concrete/1.png	195	536568676fb8bab8f493e3b307c753dfd2400fd4890f4a88262d8be5ab37515b
assets/chisel/textures/block/ctm/large_tile/orange_concrete/2.png	213	0ba60a5567d42dcf70655fc5f488a9d633798fe8e1edde46007319231a4d7c90
assets/chisel/textures/block/ctm/large_tile/orange_concrete/3.png	209	b1d97e538ef1a3722196874bb0ca2a88883b2989dabb22bf6961888442982277
assets/chisel/textures/block/ctm/large_tile/orange_concrete/4.png	205	e2de33a0b132f1c43e7210fcff7da0347adffa3e6627484a4a67a2c7c950ffd7
assets/chisel/textures/block/ctm/large_tile/pink_concrete/0.png	248	c086a12ad18a6e6bcef41e17fd94418b96911b4048b6701e6d4fb63e875eb9e5
assets/chisel/textures/block/ctm/large_tile/pink_concrete/1.png	204	7dcaf769b65205b03e41c0ff9e11cff58f588f237ef622e48e823e2fbb477ca0
assets/chisel/textures/block/ctm/large_tile/pink_concrete/2.png	228	bb8eba64bc3bfe472ba7fb78ab8555baa2217cf16fb2c801854312425ebeefb8
assets/chisel/textures/block/ctm/large_tile/pink_concrete/3.png	223	0a9596f5a7d3bafc1bf7793328b15323b07348902f22020d03ff736e22130187
assets/chisel/textures/block/ctm/large_tile/pink_concrete/4.png	215	e4301ec729ccc73448ef29e570ade34250a122a174acc014eb0939fd92d12e75
assets/chisel/textures/block/ctm/large_tile/prismarine/0.png	408	543df6a4313214f2c5cfd04ef765f0a6418da97132d42c8a730f3c1524bc9000
assets/chisel/textures/block/ctm/large_tile/prismarine/1.png	330	cfe3fbb90e0438f589929c5e8a30f55896fbb61670112ffaee02149e57589729
assets/chisel/textures/block/ctm/large_tile/prismarine/2.png	339	1aac89d5980bcdd49e0b20a9829ef6c048f100421ed5b6d16de507b164ea80e5
assets/chisel/textures/block/ctm/large_tile/prismarine/3.png	340	a7c7934321a91e74328d4c56cc46c34ff5f691d4048c58816ae17b050782bb25
assets/chisel/textures/block/ctm/large_tile/prismarine/4.png	334	b04be85a43cb2e71d472df63cc05dcb02793fb8840bef041b7c5351833a031fe
assets/chisel/textures/block/ctm/large_tile/purple_concrete/0.png	228	95c7b38a09a43a600ac8b18902fffd25b16628f77a8d41ab3763401cc3985689
assets/chisel/textures/block/ctm/large_tile/purple_concrete/1.png	195	68df524028c6d5dea6bfa20e0ea6f9db36a18b5f5e2ad90b4ad3aa373c1e442e
assets/chisel/textures/block/ctm/large_tile/purple_concrete/2.png	214	2461a84688ffb48d1d094acc84dedbd29342606d63ecbadc83790b333721c747
assets/chisel/textures/block/ctm/large_tile/purple_concrete/3.png	212	a9308befd2f858e27e5298c6985b60c5cb59b16798670390c5b7f5fbf9f49850
assets/chisel/textures/block/ctm/large_tile/purple_concrete/4.png	205	95919bce8de161306ffb48da8bace2e5c5d3aef47e7546d0ea3e57f9d3b13f1c
assets/chisel/textures/block/ctm/large_tile/purpur/0.png	267	8deab6c7176e34f15f0e4ba1064ea6b8950568c6d02711365131e57e23334aa9
assets/chisel/textures/block/ctm/large_tile/purpur/1.png	249	2f7338e1d808654fb773e58eddd3ec409d046233a44b56f9dc40c307cb3422db
assets/chisel/textures/block/ctm/large_tile/purpur/2.png	263	102111b374b15127b012c7b3c7e8874d7b82058ac29b1041edde15d1a4cceac4
assets/chisel/textures/block/ctm/large_tile/purpur/3.png	259	80808ffab5e1045eb4fe537bc0092f3908db6f04ae1369daaa96ea4e1009f516
assets/chisel/textures/block/ctm/large_tile/purpur/4.png	257	0634917d5cd02057ddfd004bd1c7db505574edd003a88be290714c1fdc8fd61f
assets/chisel/textures/block/ctm/large_tile/quartz/0.png	221	017a6e73d8e4df9ba2a90f19470619bc5691f757a3a948fea15627618132bb94
assets/chisel/textures/block/ctm/large_tile/quartz/1.png	228	d928a782ce948ee7a589971d23c6408c3ebcc99146466fa2a054b69680574bd6
assets/chisel/textures/block/ctm/large_tile/quartz/2.png	229	a2c8342a19eacf3cb02e85f759468e3852d92492122ca85143585203c4e81c92
assets/chisel/textures/block/ctm/large_tile/quartz/3.png	229	75c468fb988a6292273208517ad4797975f30dd36eb3a5fcf05bae02fdc01220
assets/chisel/textures/block/ctm/large_tile/quartz/4.png	231	ea85a9c9fe5401d7c024330fa1fcc2cbf8ac9b17922a326d1ee53b89c39ac2b6
assets/chisel/textures/block/ctm/large_tile/red_concrete/0.png	237	288b31ef65a367fefdfa3b7def2d5ae5834e321b226292c06044d272619fdad2
assets/chisel/textures/block/ctm/large_tile/red_concrete/1.png	201	3364fbc8161b288afe60a0126df32fff006c9c1327c8deaa5e49e9a8233d710f
assets/chisel/textures/block/ctm/large_tile/red_concrete/2.png	221	9f6f9ea81ce43a2b5bd7b8352ae88d83670e8ccb29cbd925a2f83d4dce0c6a2b
assets/chisel/textures/block/ctm/large_tile/red_concrete/3.png	218	dceacdac2b4ccff15cf9ef609818b2602a323d6e91222c2f17e6106e8847b999
assets/chisel/textures/block/ctm/large_tile/red_concrete/4.png	211	c9e91a3f2adbadbe2ca196de9a3e0bb24a7a198df50e807423aa7bd5a4f79993
assets/chisel/textures/block/ctm/large_tile/red_sandstone/0.png	291	b22922b8b6a27cf9b532f4a833c354c7e2a53a819057cbb08289b490360a5cbd
assets/chisel/textures/block/ctm/large_tile/red_sandstone/1.png	284	6f2abeb1a9f3e0012f95cc87fc99c8805ade27a8d9f0b517188b558d1e125ff6
assets/chisel/textures/block/ctm/large_tile/red_sandstone/2.png	290	9f9c4178e3d8fa5052d3941c64d84c0c972f268119677a7ae87dce3b86fb7e42
assets/chisel/textures/block/ctm/large_tile/red_sandstone/3.png	290	70f04f6cb96627230817170400789a1ad62d74157baf59fd84176bf990226436
assets/chisel/textures/block/ctm/large_tile/red_sandstone/4.png	289	b7a130697179fbd7295cfb81de69af70ab04d708722cbe25a61ab89f8a3084d2
assets/chisel/textures/block/ctm/large_tile/redstone_block/0.png	226	151c1a5e18d798eb922d6fc0804cee72c167592043247076ace514ff4c55dd21
assets/chisel/textures/block/ctm/large_tile/redstone_block/1.png	204	812353d31c144f46cad5736a5e47c7547a89200f3dee41d41678ede78a35c0b8
assets/chisel/textures/block/ctm/large_tile/redstone_block/2.png	230	cef9bb07e8d990872c3e8d657b8314957c625f4970d4f63ccc848a98e9f03566
assets/chisel/textures/block/ctm/large_tile/redstone_block/3.png	219	d8008fda2a4e877515f8a6cbe037a522adb9430a7ce513d7b5754317ad3338ed
assets/chisel/textures/block/ctm/large_tile/redstone_block/4.png	233	6f6f728cffa4bb0c27f44455ff75426cc9abbaa64b6397d9aad349a5d5ab2782
assets/chisel/textures/block/ctm/large_tile/sandstone/0.png	297	a9a77fbc7760d3e4b953d0066ab2fd61b11458d0b5d75605a7337232fcef5d12
assets/chisel/textures/block/ctm/large_tile/sandstone/1.png	295	c69f8236ee46ee2ae23ce2075167cdefea2d86812cf1f04178bf4acb9b35a33a
assets/chisel/textures/block/ctm/large_tile/sandstone/2.png	299	cce84a9579bf72d8c96a817b8f17ce0db1ec0c1148090009eff51c46f3b776cb
assets/chisel/textures/block/ctm/large_tile/sandstone/3.png	297	2f15665ee3c93fb269bd583844166b89bed7164abde36e985b8e5ac4558d3f3b
assets/chisel/textures/block/ctm/large_tile/sandstone/4.png	297	27f573a07bc0eb704bfb100b91df283841aed88383e8b8e7403801ad5147a564
assets/chisel/textures/block/ctm/large_tile/stone/0.png	259	f50c46d96d70aa8c1f3ea5b3c8e37b26cacf56f94427cdd9c8c42d80cd03a0fa
assets/chisel/textures/block/ctm/large_tile/stone/1.png	237	33c379bf5e929d588eb5e7a99e7d3e62b6e7154188f9a330cb42bdaec46892c4
assets/chisel/textures/block/ctm/large_tile/stone/2.png	258	bf2835c7f76c85f59d05e94c09bce8e207d5078eaac3aa27cbb95f8ef5353719
assets/chisel/textures/block/ctm/large_tile/stone/3.png	249	f948ee075f01af933c916d7dbaca10862fffb0740097bbdb3233ea64599bd6dc
assets/chisel/textures/block/ctm/large_tile/stone/4.png	243	5b9d1b107610367f39c7689c4e1043c5422dbf20cf90d600fe9697a1da25398b
assets/chisel/textures/block/ctm/large_tile/white_concrete/0.png	238	cae4c99bcef5030a2d2b8fe0e3e44b2f68d95e4445441cbd0088bc07ecbf71f4
assets/chisel/textures/block/ctm/large_tile/white_concrete/1.png	194	92b3f6fdbac6d3d9c4107cf489c389b095a9fad8e1af1aea9acdec4a6e938561
assets/chisel/textures/block/ctm/large_tile/white_concrete/2.png	217	d019b3350aa6a7e4264a93d147b8c55ab48111f2386d6a20acf771f41e88e501
assets/chisel/textures/block/ctm/large_tile/white_concrete/3.png	214	5092a2dc8c335db70494249dc4c0b37c96a7d596896e20329d349b86f7ded898
assets/chisel/textures/block/ctm/large_tile/white_concrete/4.png	204	80a1d0926ee8ac42c8ff8cdcdcd0c56951914c60bb2044875e6f47ada2693a88
assets/chisel/textures/block/ctm/large_tile/yellow_concrete/0.png	215	5931eabce63b2cf94cdfc5cc91fd9920e762a9daa332e19b2a9cc5f763cf9425
assets/chisel/textures/block/ctm/large_tile/yellow_concrete/1.png	187	8038f377a54a4f54e6e751f97816357a3540315f5a239626d9b20437d4fe570d
assets/chisel/textures/block/ctm/large_tile/yellow_concrete/2.png	200	8d3fc2a8b8592b31bf44d14fcc3c54d1dcb5a0cfcac1aa48fff4c3e66c775bc0
assets/chisel/textures/block/ctm/large_tile/yellow_concrete/3.png	191	641188b4b1edd6448e4fc4beec20fc72bbe7226f1e466eebb4215250d15e6d15
assets/chisel/textures/block/ctm/large_tile/yellow_concrete/4.png	195	55b4b463ac157388b3c0b1dffca2f5caef3aefb1bea68eb70bb91e51b7804673
assets/chisel/textures/block/ctm/legacy/black_wool/0.png	249	d638e04958b52c274a7c87376ab3d3443bb217ab654fd4ee97137398d9a395ca
assets/chisel/textures/block/ctm/legacy/black_wool/1.png	340	96371f9883ad7c883a83f25e0fc15f0851660d1c8351f1df8678420de128dfb2
assets/chisel/textures/block/ctm/legacy/black_wool/2.png	228	65aa003826f560d65b8601559c11ec9ef5daa71345e9c11d2e6fee3af1328648
assets/chisel/textures/block/ctm/legacy/black_wool/3.png	240	30f863f486aaef9bf2199002f1ff46836d7e206c87abf15de0f3b9d00b875306
assets/chisel/textures/block/ctm/legacy/black_wool/4.png	338	d7cac4652be6e5be688a344f916a8947e05eae69d40b00f0197a56aca557b817
assets/chisel/textures/block/ctm/legacy/blue_wool/0.png	500	b076ead77352a89a06d1739950761e8de2cf1986e20ef840695b8a0e91347ac0
assets/chisel/textures/block/ctm/legacy/blue_wool/1.png	616	28187a628958f8cc6b843c8fb274e93d544db8ee606c6a7be335418abb7d2967
assets/chisel/textures/block/ctm/legacy/blue_wool/2.png	497	56fefaff48e5ff0db14e64125aa7b7fa2cc08fcfff43379cdf396067b30bffe0
assets/chisel/textures/block/ctm/legacy/blue_wool/3.png	476	01537e269c5edddbdb1c79c33b8f015a01b2eca951c43832921ba0de757ecc4f
assets/chisel/textures/block/ctm/legacy/blue_wool/4.png	819	0d1fdc5513b807fea1ee9de70de2a793fc5d4fddb3d3bc7f423a44e5d1782025
assets/chisel/textures/block/ctm/legacy/brown_wool/0.png	426	3fef30f5caac215ade93f3676143739adaacbc81a2784023cb7f48d7c9af34d7
assets/chisel/textures/block/ctm/legacy/brown_wool/1.png	784	ed4477954ce980e72eee46daac8fbdd84e94d6217adc289570c5af5b23fc8fe7
assets/chisel/textures/block/ctm/legacy/brown_wool/2.png	368	1ba46acc11dbcdca8c889498efeb19354c2344ccc103e1468bf3c24a925fb445
assets/chisel/textures/block/ctm/legacy/brown_wool/3.png	368	0030f6a762a89aab114ce9d96aaff2b4b4b6508b233df75f2448054fe6fbce90
assets/chisel/textures/block/ctm/legacy/brown_wool/4.png	745	fbb655e613aaee84b92d8a7da25503a50d5a6184bf699dc1f07726ed448b00d5
assets/chisel/textures/block/ctm/legacy/cyan_wool/0.png	208	4a277182a2d1583b32ee32d5d6e0e259fa50b1150a38a3eae7ab5daf9c064481
assets/chisel/textures/block/ctm/legacy/cyan_wool/1.png	444	d18bf9eec890eb176c754b70769c07704a094b7901ba571e2b11b35f5b2d45c1
assets/chisel/textures/block/ctm/legacy/cyan_wool/2.png	302	6a1ac7b6715cff8a3f384bd7877fac97d4edc907a2b70d9735b9cc4c0e9e7773
assets/chisel/textures/block/ctm/legacy/cyan_wool/3.png	305	4f031bb0b287540b7154b4cc4345d5ea7f0f85a6ff579a078aeb0cfb7865d80a
assets/chisel/textures/block/ctm/legacy/cyan_wool/4.png	396	4d0be5af3221516e92942474229d8348f4084c471cf31c58fa03725bdd0b4b9a
assets/chisel/textures/block/ctm/legacy/gray_wool/0.png	251	7cd491057c9489fcdd9499212494130b9370c535d3004fb839118aa8ddd44c66
assets/chisel/textures/block/ctm/legacy/gray_wool/1.png	292	99ed9220e95092ba6104f8d9472d6aaa10af6715aee12000d3950d8cedaa4dac
assets/chisel/textures/block/ctm/legacy/gray_wool/2.png	218	5a9b919470f7964a03dbb362f58cea4f3eadba1b6ded122692a231d7bbffcf47
assets/chisel/textures/block/ctm/legacy/gray_wool/3.png	226	bbaaeb7ccc0b1f1bf69e4322dba8bee4ee3294596bc69992af004bbfa6f57e83
assets/chisel/textures/block/ctm/legacy/gray_wool/4.png	313	1f6c049e1b7128a98ebf85648ad7cfedc710828edc001865094be40eabd38b39
assets/chisel/textures/block/ctm/legacy/green_wool/0.png	150	ad1d813ad129cf81aa73c8095d4ca6bd0f4860f6f4d7488a4e4f354adb3704ed
assets/chisel/textures/block/ctm/legacy/green_wool/1.png	108	9fbaf786a56e7d07b83f09c8a18876dfd41350bb51b491b31952785105047b04
assets/chisel/textures/block/ctm/legacy/green_wool/2.png	108	4502c37da1952d5234bd7420fd566e076f0f54be17b3d5ddec8df6086d8ba926
assets/chisel/textures/block/ctm/legacy/green_wool/3.png	128	4f3277854f36fe52898ca11c60e815c9c0a395865d1347c094071088b4f7f44e
assets/chisel/textures/block/ctm/legacy/green_wool/4.png	167	f1e0345de620df01c0dc616898e9f19532fccedeaef5b88ed1d71870404fd661
assets/chisel/textures/block/ctm/legacy/light_blue_wool/0.png	780	5e721ced12bdc4c7a5603be60273f23749bac8ab1dc83fd6bab83b0b87cddab4
assets/chisel/textures/block/ctm/legacy/light_blue_wool/1.png	775	96e7d5ae5f94a8ff2351d152c4ad0333956279b8cf4847b6425b7a00ba14c5f6
assets/chisel/textures/block/ctm/legacy/light_blue_wool/2.png	506	bf3f133904ea700b3e1cea828f093920671f64a21356eb93cd0541000e10a3c1
assets/chisel/textures/block/ctm/legacy/light_blue_wool/3.png	529	6049effcfc1aeb110c527df4769da32d4a780881a945871a863453bfdcbcc9c7
assets/chisel/textures/block/ctm/legacy/light_blue_wool/4.png	804	b4e83172ed0101c4cc4ae082ecb67e0568093374c0ff19a9e8499dd18866bf30
assets/chisel/textures/block/ctm/legacy/light_gray_wool/0.png	488	e90f29294210c778f58230508c156cbb4fcdcb5f11edc0fad3eeff65c557e3ee
assets/chisel/textures/block/ctm/legacy/light_gray_wool/1.png	780	d6ebd16ab6de3bcfa4d92c557b8ab32de16bb0b38646e59964604c4a421d7d86
assets/chisel/textures/block/ctm/legacy/light_gray_wool/2.png	499	e4bf929f6c51fd747acaafdf217c2755d29ea774d402954eef194471c843b632
assets/chisel/textures/block/ctm/legacy/light_gray_wool/3.png	507	78944e0a3087232b4430b092912d2b63630f1b3ef1167645b563616da7de2c7a
assets/chisel/textures/block/ctm/legacy/light_gray_wool/4.png	745	fabae22641d28ad48756dc73e6918b588523487a11891ab1d2a9ceec9e71bbfc
assets/chisel/textures/block/ctm/legacy/lime_wool/0.png	699	51b7e12eacb8414c1cf0fc654f346f1a1c3afd94b56a0ece39f9f734d072f10c
assets/chisel/textures/block/ctm/legacy/lime_wool/1.png	852	e2ca2c30dddca0d7e222cb5d9ab224fabba9b20e85a805770a47ccdc7ec4437f
assets/chisel/textures/block/ctm/legacy/lime_wool/2.png	525	40e7d495b0601808645506dcc47fe88a3f14cc2eb1af6735b2cf12a7405445f4
assets/chisel/textures/block/ctm/legacy/lime_wool/3.png	551	6a77d746eb340f0173c0b5180e99e1d773a75513403772aa032127ad047f13c0
assets/chisel/textures/block/ctm/legacy/lime_wool/4.png	808	a19a6e18c295deeeb3bd7e5f648c47bc47a1463d72ab869650341421bb572ee2
assets/chisel/textures/block/ctm/legacy/magenta_wool/0.png	261	c9c552adf7aa3c5bd8278402fc5e0517c2d3bce9fbfd6b52c9e8fe37d4d46a08
assets/chisel/textures/block/ctm/legacy/magenta_wool/1.png	440	fcb8d6ba510b419d4df3021f4ae7f24e13025c2d799ba1e2a4c2d12acd52af7d
assets/chisel/textures/block/ctm/legacy/magenta_wool/2.png	354	3a5affb67514c33dcc942ca5bb243c7e641212c4c68b87aa337738287979632c
assets/chisel/textures/block/ctm/legacy/magenta_wool/3.png	357	71d19c84ab596da7d5f661d656b3e7082985b2c713c19dba443d9da3f68ff1ba
assets/chisel/textures/block/ctm/legacy/magenta_wool/4.png	416	ed800fdadfeea54a1a9803fcd9cd931342d5418ea049fbd967f740b9915e9fde
assets/chisel/textures/block/ctm/legacy/orange_wool/0.png	613	a31976725e359e7f1f98751d51d98d6c4f9ea762529cb1def94550d957fc7183
assets/chisel/textures/block/ctm/legacy/orange_wool/1.png	575	d143336fc587e076c2c9282d69eb7f1ae177e0447e69a5265c9537a43c8955e9
assets/chisel/textures/block/ctm/legacy/orange_wool/2.png	512	4cba4763efa45c5a1eb4f75dbd182187b0e3e64af89c9128f9296a8eb6f5c158
assets/chisel/textures/block/ctm/legacy/orange_wool/3.png	512	caf2123764137f1a12186e0efce494184cf8ffb1bfc3b6f371136c851896b87b
assets/chisel/textures/block/ctm/legacy/orange_wool/4.png	727	0e0b416b06cad3d2c8e5b7d562839b59905fa1ed04332217c775101d4ad94beb
assets/chisel/textures/block/ctm/legacy/pink_wool/0.png	695	e858760bc3085426e24ce7c33f1f01a46e453a975459180c9c307ddd328befd9
assets/chisel/textures/block/ctm/legacy/pink_wool/1.png	733	5bfcb40cbf235b5633431ff592b1d75c933005e42940a766387f2365be771c66
assets/chisel/textures/block/ctm/legacy/pink_wool/2.png	453	d8937ef10b2b959e3ea3d80149c61d6e0cc6e19dfc5a0226dd144446995d8c72
assets/chisel/textures/block/ctm/legacy/pink_wool/3.png	476	b36f471bf16708ab83e36a20769523009b26a9e91ca48ad06ba39601e4b90848
assets/chisel/textures/block/ctm/legacy/pink_wool/4.png	772	d261cb03c37f255da3e9c75bef398a0fc1ca36278a3d408eeb2337cd7854f367
assets/chisel/textures/block/ctm/legacy/purple_wool/0.png	452	1a2c3c1dc6abf3cb73a38ef928fa5fbd54c9d67649113be1ab95610c3c226e7c
assets/chisel/textures/block/ctm/legacy/purple_wool/1.png	329	de96dece0444ce8ddea94ee0f7353849493c8c3fe2277cdf286ddf1a42b276c2
assets/chisel/textures/block/ctm/legacy/purple_wool/2.png	338	464b0e27fa4d10ab8c8092b205b6247a66a741a8809895c727cbff3dd47ed7b0
assets/chisel/textures/block/ctm/legacy/purple_wool/3.png	353	c0a781f6ab8fa79ff6f0621bd7f1773c946042937ad3716440e2687e0301ff58
assets/chisel/textures/block/ctm/legacy/purple_wool/4.png	399	59c6c5725451749ea0ee49d88f6d4c4be79109dba2c9630751d1efb8b3e76c3e
assets/chisel/textures/block/ctm/legacy/red_wool/0.png	170	bae51862c54c20a524e6474dbf85e5779b991fd9d5aa9098a5cfc84becce91ac
assets/chisel/textures/block/ctm/legacy/red_wool/1.png	167	df7f3b3caf8566388194920e6abe270f0f4e09186b34d4dd32d9903b5300f908
assets/chisel/textures/block/ctm/legacy/red_wool/2.png	170	e069194a3d843c14096f3d6ee94e7cd92b5d7f53e65b044dbd12c84ba8fbb6df
assets/chisel/textures/block/ctm/legacy/red_wool/3.png	160	82fa83ca68cb744b5c819c64606e111c1e03ff6a92590048f9632525d69c7316
assets/chisel/textures/block/ctm/legacy/red_wool/4.png	181	76eb2ee3716f238cd80aa732d9b950f1bd10fe5b3910f7245cf47eaf18205334
assets/chisel/textures/block/ctm/legacy/white_wool/0.png	328	6da74663e8e434b7a6fba88f8a84b2a8cfae044c002a6773084e7cbe3c472a11
assets/chisel/textures/block/ctm/legacy/white_wool/1.png	290	cc3e9aa9c5dbba5a0535d5bcc509b35dacd906c46ee8315a6be3d78738d7b884
assets/chisel/textures/block/ctm/legacy/white_wool/2.png	213	9d36c5e61b9e0cbbca756bd83ac34bb34c7c75cbd63906002e7d9bd84b5f4875
assets/chisel/textures/block/ctm/legacy/white_wool/3.png	228	2063a2d90f77ac05acc76fe291e5633890151d6ab0e1a6e25ee8007457e0ce62
assets/chisel/textures/block/ctm/legacy/white_wool/4.png	317	d9d78ed86ae9d5d6afa4e8d60ce7e512010a32e94a6c46e613aa8f609bff0abe
assets/chisel/textures/block/ctm/legacy/yellow_wool/0.png	197	c1d94f2a86d590fcb84419f45e2c443b788899cd23cdf2193b462a76c833d97c
assets/chisel/textures/block/ctm/legacy/yellow_wool/1.png	194	e59436271cf7b2cbad39044eb5f7696c3fb54480b92326965e30ae4f887980fe
assets/chisel/textures/block/ctm/legacy/yellow_wool/2.png	191	47f2f7c6c9c0c1dbb174c239a053ea6c6c81057c628c341d1d839a38c6ceef80
assets/chisel/textures/block/ctm/legacy/yellow_wool/3.png	172	b3047b8d7cec97fb7d268e8575fca1d2e37e43697f084460db5011502e555327
assets/chisel/textures/block/ctm/legacy/yellow_wool/4.png	199	668028e2cd76150579bab54c7215e32690e5d1b216761003b4ffa3b908672505
assets/chisel/textures/block/ctm/light/glass/0.png	537	a9ea74068636659adbc494092ac833b12967c5819d04a0bd931f54ab0d5452dd
assets/chisel/textures/block/ctm/light/glass/1.png	399	62bae4b6d169f18baac7d37f7608ca6dba9b32a58c3ad06386ca0ad69d8e78c2
assets/chisel/textures/block/ctm/light/glass/2.png	449	297f90eaa8e07eb1cb50658979154c84dfcfe8c14f4e6f433c7bc7f8129a5939
assets/chisel/textures/block/ctm/light/glass/3.png	426	5c8c0826712c06162249d37986457d270ce5970756cca1e6741aea45e79ffdca
assets/chisel/textures/block/ctm/light/glass/4.png	388	80c4ecb9f9c046eec19d87211d1fb10de40aa7626c3cc4f262ad3339d92f33d4
assets/chisel/textures/block/ctm/llama/black_wool/0.png	272	420df46768a6449d07b76952e76689db873bec9e1bec82cc2e40d82d94f4225b
assets/chisel/textures/block/ctm/llama/black_wool/1.png	272	b4b4fd7b4e44761183dfb36de91b2fd98f5a02d0a97302862823c4e2d5f5193a
assets/chisel/textures/block/ctm/llama/black_wool/2.png	272	794cafaad181afbf026139c569329c1d9fad28526b94281551c5eef695a0620f
assets/chisel/textures/block/ctm/llama/black_wool/3.png	272	55fd1b46d871413c82101826a2eaf0ecf9d4d97b31d4ed1840d42abb952402a4
assets/chisel/textures/block/ctm/llama/black_wool/4.png	272	50342f1aad0a03b68a0ff40ca22bac4426b1b6abded819c993325684718eec80
assets/chisel/textures/block/ctm/llama/blue_wool/0.png	257	42e500c4fdc88eab2d18bb75e3f3b9195f36db27f9c095c4ab4bd416f7b01925
assets/chisel/textures/block/ctm/llama/blue_wool/1.png	272	098f2a81666016381fb6c30524235fa509fe2b6ae06a67de36415973e8bf784c
assets/chisel/textures/block/ctm/llama/blue_wool/2.png	269	397d8649ee04f094706e4bfd30b73adfb452781df801ff1d145831e1659373a0
assets/chisel/textures/block/ctm/llama/blue_wool/3.png	260	d669b5d73ded8fddc750f741480659b7dadcc25c9c8d4a621d79801287d05d78
assets/chisel/textures/block/ctm/llama/blue_wool/4.png	272	6252eec72d5aa50deaa423e73a33b9f7107fe60c8d69295768999562010863a2
assets/chisel/textures/block/ctm/llama/brown_wool/0.png	272	ae245babcd36ecd047fa0a0eead154393f9f459af029bfe7e252e2a9e5385e4a
assets/chisel/textures/block/ctm/llama/brown_wool/1.png	272	fffb7bab2d93b79855954213c20a1a1359ed315c2f48b030cf71f87fe2d2e8fd
assets/chisel/textures/block/ctm/llama/brown_wool/2.png	272	d6b6aa259a02b6ead87446c80507c1d2286ab88307360db24e12574fae4de8b2
assets/chisel/textures/block/ctm/llama/brown_wool/3.png	272	f82d6cbfe005cddcfd46c1747e88ec87382988d585d4fed542aacd111840c9f9
assets/chisel/textures/block/ctm/llama/brown_wool/4.png	272	5fef3053184f125faab2513595325d6dd18348208c3bfe5e6faf750a03b35e9d
assets/chisel/textures/block/ctm/llama/cyan_wool/0.png	271	c8b5350490608dc20ed1aad73974c0b05ede4b7e3c13a7b7770b93ad07f9f7eb
assets/chisel/textures/block/ctm/llama/cyan_wool/1.png	272	08b20a6bcda55c20a82303c809d110b5af5c590b6dcf357a73fa6a7fa8e7513f
assets/chisel/textures/block/ctm/llama/cyan_wool/2.png	268	d2a8717cf2d072a7c6e4c6fa496e1a549858c05ca3b5a7f7ea9b68b9c44c5d38
assets/chisel/textures/block/ctm/llama/cyan_wool/3.png	259	098796f3b0a67d91acd09b6bffd5e3087c5a421c61f859481eb1aa42cefb1d8d
assets/chisel/textures/block/ctm/llama/cyan_wool/4.png	272	d0c7f07ec5925d1315b1040bdbd83028cad5ebbee19d78f36cfabd454c40dd2a
assets/chisel/textures/block/ctm/llama/gray_wool/0.png	272	e20dd674dd7c3073ac1ee58d88907d83cfeb2d7f7f724359072b6a239da20df3
assets/chisel/textures/block/ctm/llama/gray_wool/1.png	272	39c9ba33be5262dcf6df3be25957f0713aa1f2354657e1a4a20fdd455461018a
assets/chisel/textures/block/ctm/llama/gray_wool/2.png	272	55bc38bc10dfea422e05b676c8e47cb7aff3f0df29b4c490b0ef981ab35ecc2c
assets/chisel/textures/block/ctm/llama/gray_wool/3.png	272	c374e88fe5b96aad18a5e65d322e522d7827179663b5a863855ba2c5f95304d9
assets/chisel/textures/block/ctm/llama/gray_wool/4.png	272	da875453a42c39fceef6c5e519cd48c42825ff8d6f04194b6c5ee4b7b3e17b57
assets/chisel/textures/block/ctm/llama/green_wool/0.png	268	df11509806660757045981af427566391294acef595c4dd19a887efc6a0e21b8
assets/chisel/textures/block/ctm/llama/green_wool/1.png	264	4650dc376967b05bae929a02789f1ab3740deddaef16c06a0b2de23ce9708706
assets/chisel/textures/block/ctm/llama/green_wool/2.png	272	278266ae636bb588745b1d370fb37526b36a1f75fdd4867bd8d35b439a53e5db
assets/chisel/textures/block/ctm/llama/green_wool/3.png	261	e47ef445adf9e9423473e875d16b04b42d232a1a4679bccdacca31e93b79f2e0
assets/chisel/textures/block/ctm/llama/green_wool/4.png	272	55fb47ae5490ebf385e8dfd263d33e4ede27022248f84721e98e23366abae966
assets/chisel/textures/block/ctm/llama/light_blue_wool/0.png	272	62475897ca05287a299945f057d2055037a4b4a4b2dc9507071d1b9ce88fbeae
assets/chisel/textures/block/ctm/llama/light_blue_wool/1.png	272	33a5b7e6d90e83b57b247a662b10d32add4a4dedbf8ff920e730723f835f7ec6
assets/chisel/textures/block/ctm/llama/light_blue_wool/2.png	272	fac4a2a05f6e4f4a61d854d473ddff67455452a682c1d8c4c039526b3ea8054e
assets/chisel/textures/block/ctm/llama/light_blue_wool/3.png	272	37d3a1ba03cf6916bf0368b4c3803ee1297da8170565e965cb3b7942d7c81457
assets/chisel/textures/block/ctm/llama/light_blue_wool/4.png	272	36251490968a9b7af7c1f3cab349b87726e2b14d110b5fe13be4b80ae828b508
assets/chisel/textures/block/ctm/llama/light_gray_wool/0.png	345	4bb075b4db251628bb690f96af14b20e8f63a7a454cc412121e859b513d20089
assets/chisel/textures/block/ctm/llama/light_gray_wool/1.png	357	a049cfa766326781b2e81bfd03cb65e86ce1beb21e5560d2a7a746b0a7ee819e
assets/chisel/textures/block/ctm/llama/light_gray_wool/2.png	352	14a97e24921e01d37c9287722b2de5c4dbc9530b4ef91443e15af078601eeed6
assets/chisel/textures/block/ctm/llama/light_gray_wool/3.png	345	de1127a6273909dfe6210a6358bd0d41d4cacc0f7298298af9dfebd50f434cc4
assets/chisel/textures/block/ctm/llama/light_gray_wool/4.png	358	194886857f1ad6af82c078907799bf1744a2ad97d3842f17f33ebb6ee2fd618d
assets/chisel/textures/block/ctm/llama/lime_wool/0.png	354	082bedd8c2a0adad965ef875bafda4eed43748bd74313aa01802343371f6ba37
assets/chisel/textures/block/ctm/llama/lime_wool/1.png	398	e7c7e013814c8e58cb95f81096c40ba0f79b7f819aedca3f6fca259499324459
assets/chisel/textures/block/ctm/llama/lime_wool/2.png	425	a64c8a09cd0463c5da653dbc80ed7be805e67be672b2c6f1ed989e99c7a0e495
assets/chisel/textures/block/ctm/llama/lime_wool/3.png	425	ca7923bd57fd221ab85c1d8f68c05cd367a4688b1b55f16f54035e825130f0b3
assets/chisel/textures/block/ctm/llama/lime_wool/4.png	420	2f18cdb21bd0917cd2a98beffc5ea126af0810e577dd9c0f24aab7cac580f01f
assets/chisel/textures/block/ctm/llama/magenta_wool/0.png	349	661f6fe94411838d1046d1b88025443a6482dec92802926dc3c26bd86df52786
assets/chisel/textures/block/ctm/llama/magenta_wool/1.png	349	7cd83dc6b06e31b015a3129ad03ef1a34923d03d08b0e3be433cfaeb253dab57
assets/chisel/textures/block/ctm/llama/magenta_wool/2.png	355	7dc376b2d12c1c4277b9356e052009b686c7fc04f61bea9f5f8acc61b3aed8e1
assets/chisel/textures/block/ctm/llama/magenta_wool/3.png	351	82674df3f7fa061f537dab37f715ef6cb30b1b0e29e50ac82f0ceff970ec7f61
assets/chisel/textures/block/ctm/llama/magenta_wool/4.png	355	0411f09e76ba059a845123fd6a59d2d68cf2c5d7dbbafffa2b3e3f91c27f9ea9
assets/chisel/textures/block/ctm/llama/orange_wool/0.png	345	214ecc75088f0861b954b19028c30617e2a11de57bfd157b71164249946648bc
assets/chisel/textures/block/ctm/llama/orange_wool/1.png	287	a459b2b0c238fd81e11bf9407cdf92a8e3e0aa992c5246502f76f67ee6907fcb
assets/chisel/textures/block/ctm/llama/orange_wool/2.png	326	c03e3e84811b8e33b5071103235cc93f33f739f516cdc711d2a2aad65156c97b
assets/chisel/textures/block/ctm/llama/orange_wool/3.png	316	4f9c00d203ef79c564e6263f032b181f2010c9329262ef8d2ecdb0bdd4694872
assets/chisel/textures/block/ctm/llama/orange_wool/4.png	330	d4c4c506a41479d9c5e36a2fb46c9d8439a8e095ea29a5c412e917cd601772a2
assets/chisel/textures/block/ctm/llama/pink_wool/0.png	272	dd4e98722bf2a3ccb523583429675df8d63b2eec4bee6663535acbed5bbe14f2
assets/chisel/textures/block/ctm/llama/pink_wool/1.png	272	49720c116b79827d8c00c9af4624ad26395620a8b9019b833e112785dfc8f07e
assets/chisel/textures/block/ctm/llama/pink_wool/2.png	272	f87d41874a878ec7256827a2910bfaec70b9209b4419f55f5e60cfaa652b78b3
assets/chisel/textures/block/ctm/llama/pink_wool/3.png	263	fb8e447c6af2f004b1570e8030826773727f508b55b8ddec556b21c1301180e0
assets/chisel/textures/block/ctm/llama/pink_wool/4.png	272	1748b5ecd433a1d9679652ca51fdab6488eeee0279db39419f56fd60ddad8738
assets/chisel/textures/block/ctm/llama/purple_wool/0.png	272	cccc7efe5bc0b01bce3b3857e985405b3126b109635acce53ce605199399226d
assets/chisel/textures/block/ctm/llama/purple_wool/1.png	272	7b865d893ed813e3ef5da2ecf290ddff8eda336694a9d6bf4bd0e6d1a038c0d1
assets/chisel/textures/block/ctm/llama/purple_wool/2.png	272	1b20c450b92689c5f2877112c510683ec692891b8bf68dbd317aaf8394cec813
assets/chisel/textures/block/ctm/llama/purple_wool/3.png	272	db6bb8e4995a01412f18459dbd175af745fd93fdd4a91346732127ae3691fb9e
assets/chisel/textures/block/ctm/llama/purple_wool/4.png	272	3c564595463e010029755938d4b3b500f0df8b392383764bc2e242ffdcf2cb2a
assets/chisel/textures/block/ctm/llama/red_wool/0.png	272	764165d80a6fa4211eee39fcb2a3133c5753511445582dce999639d6803b292f
assets/chisel/textures/block/ctm/llama/red_wool/1.png	265	09751fab49ef1312c73cf1278c93e9ef7a739ee2de1612120f7b343151160d8b
assets/chisel/textures/block/ctm/llama/red_wool/2.png	272	d44d0be23bae0fd227458fcaf0119c4da079c1d966514fb2b7d6d35bbb8139fb
assets/chisel/textures/block/ctm/llama/red_wool/3.png	272	72521b6f2ad9d5cd180a6b7eda4e78dc264f68c86a1daada8c0055e3f291e09b
assets/chisel/textures/block/ctm/llama/red_wool/4.png	272	f45512326799fad03f0c559ecdb94fb54d67b2d76bbcca90838295157bfac859
assets/chisel/textures/block/ctm/llama/white_wool/0.png	354	89604d267a3b5ac6c142815c9ee54108f73b3576ec9d487f2007f814c9a992c9
assets/chisel/textures/block/ctm/llama/white_wool/1.png	340	30ece5321c4f6d544716a0b473cdcfd2fcaf79f4102ec6cb2a8ba8b2cb98b583
assets/chisel/textures/block/ctm/llama/white_wool/2.png	351	9a29ff0807d0f2ee175483419b5e2e9fb45aea63bde65269048321886d812fd1
assets/chisel/textures/block/ctm/llama/white_wool/3.png	349	05c272e7a3e49dc6606038f5bbb49d09e7e149f7f24e17897a27439da34eb60a
assets/chisel/textures/block/ctm/llama/white_wool/4.png	351	297ceb785117341211301735b80d27f211a1f34e4036a77da76da07fc6c1871d
assets/chisel/textures/block/ctm/llama/yellow_wool/0.png	270	bb8c49fa93c4409b7c16f2fa27ae9da552cc237e626f6be8fe2d9f0b506f76b6
assets/chisel/textures/block/ctm/llama/yellow_wool/1.png	269	a37251b6f499233afbcde6da49718e51e549cd146a1a54bc6457f44927684b5f
assets/chisel/textures/block/ctm/llama/yellow_wool/2.png	268	6583287238d92c2077fb1b1232a3a8af8ca0753542d98c431c2ab31ba857c81d
assets/chisel/textures/block/ctm/llama/yellow_wool/3.png	258	69c36bb0d257cdfcd88259e0a37b1b640db5793278f6cf60dbe688e9bc30369b
assets/chisel/textures/block/ctm/llama/yellow_wool/4.png	272	4347d1f416ef05b173093ee4ea642c6031205832fe21c654bdce8757b0d82e37
assets/chisel/textures/block/ctm/log_bordered/acacia_planks/0.png	646	51b5430fbf61f50c9ec0ec3f6057c25c43b4c5dc2dbead923da2ef87873d5f8f
assets/chisel/textures/block/ctm/log_bordered/acacia_planks/1.png	452	2a569544292a8d80425aa2ee880421f86e6ca366de6f341a4e7334cd2090c648
assets/chisel/textures/block/ctm/log_bordered/acacia_planks/2.png	456	ced14cffae0278db2b3201b041b6a4c2f757f894b00b721d193f4632d5f03a59
assets/chisel/textures/block/ctm/log_bordered/acacia_planks/3.png	532	4c612ed79e4f6388d06e506cd1eac1025ac39a993e02ad7d59a00e4940cb5507
assets/chisel/textures/block/ctm/log_bordered/acacia_planks/4.png	456	ced14cffae0278db2b3201b041b6a4c2f757f894b00b721d193f4632d5f03a59
assets/chisel/textures/block/ctm/log_bordered/birch_planks/0.png	714	f68ca5d13ec40f37592ad728ee9f10126c5175919df2afcfac774a915662830c
assets/chisel/textures/block/ctm/log_bordered/birch_planks/1.png	457	fddb3310ba3325b78274584ffc3d0c53182d4addf17eb3f237cb0426ebc508f5
assets/chisel/textures/block/ctm/log_bordered/birch_planks/2.png	731	7c86ac65d065ba8117cc8d0c2ff0976cffadecbc6e769dfd40f74d6ba0017027
assets/chisel/textures/block/ctm/log_bordered/birch_planks/3.png	699	3461cfe691fd2647e46226ddb36ce492a1a3775f417e6ba1d58edf6d1f0dc1cf
assets/chisel/textures/block/ctm/log_bordered/birch_planks/4.png	731	7c86ac65d065ba8117cc8d0c2ff0976cffadecbc6e769dfd40f74d6ba0017027
assets/chisel/textures/block/ctm/log_bordered/crimson_planks/0.png	1570	cdae8a3b8afb6a4656836df4607767435554df717d868e27ba39ceb8d0a91cf7
assets/chisel/textures/block/ctm/log_bordered/crimson_planks/1.png	256	7257ba0191e298d9023cb78266c8f28e589cb453b3ddcc5cf82782a32eb20905
assets/chisel/textures/block/ctm/log_bordered/crimson_planks/2.png	807	09e9bb8a0125e56a04bc3df8c19e5fed738a5eff50646c0a7c92f91c1605fca6
assets/chisel/textures/block/ctm/log_bordered/crimson_planks/3.png	762	6a296f6284de643b99546265585c1b86c167521e8b2492a75cc34be320e90518
assets/chisel/textures/block/ctm/log_bordered/crimson_planks/4.png	807	09e9bb8a0125e56a04bc3df8c19e5fed738a5eff50646c0a7c92f91c1605fca6
assets/chisel/textures/block/ctm/log_bordered/dark_oak_planks/0.png	593	585e1d693289211e4d1876e03261db985e280d3c838edae56355d3e71ac2d141
assets/chisel/textures/block/ctm/log_bordered/dark_oak_planks/1.png	416	ea06837dda36d047156363d99140791742becd40372510cb53f626ae38b67c82
assets/chisel/textures/block/ctm/log_bordered/dark_oak_planks/2.png	430	7fb164006e1a83c2b2e1172cadbe15a19569310f0098d510f7fa7869a6444097
assets/chisel/textures/block/ctm/log_bordered/dark_oak_planks/3.png	444	ef018377fa4347aaf752aef24ca98e94201dea85aef610c1136beb685dd2ab4d
assets/chisel/textures/block/ctm/log_bordered/dark_oak_planks/4.png	430	7fb164006e1a83c2b2e1172cadbe15a19569310f0098d510f7fa7869a6444097
assets/chisel/textures/block/ctm/log_bordered/jungle_planks/0.png	662	ad6cb84769ad4eab8e3975c18a9d0df2edfb602a82aa81f016369e143096b9c8
assets/chisel/textures/block/ctm/log_bordered/jungle_planks/1.png	449	fa1ccd55c5c6ab503df05dd8483e306a002f7542d6f761c47c721ec504cbac58
assets/chisel/textures/block/ctm/log_bordered/jungle_planks/2.png	646	32aaaab4a3ebf7acba0b9dc85c0038cde6999e3f896dff2e254308b0f820ec55
assets/chisel/textures/block/ctm/log_bordered/jungle_planks/3.png	609	243c34621863ba289a8dfe262136130cc9702a0558272430b0bb171a8e211eba
assets/chisel/textures/block/ctm/log_bordered/jungle_planks/4.png	646	32aaaab4a3ebf7acba0b9dc85c0038cde6999e3f896dff2e254308b0f820ec55
assets/chisel/textures/block/ctm/log_bordered/oak_planks/0.png	676	504ca2ffcb0874d35e84bad5e9d549705a109b6d0accfa54f273090011469a1c
assets/chisel/textures/block/ctm/log_bordered/oak_planks/1.png	444	3391269efa615afa227191c82b0ff9b8123bebba1b86182d621273d5f160f4c8
assets/chisel/textures/block/ctm/log_bordered/oak_planks/2.png	477	1565178f61e2ce2d4488d45581b74c2b076682f6dae59b77bfc65a2ccfd0c623
assets/chisel/textures/block/ctm/log_bordered/oak_planks/3.png	540	ca11f19acb610ca21be6075639bf367dc3a3a338f968dbfd63d66d668fdfdc0d
assets/chisel/textures/block/ctm/log_bordered/oak_planks/4.png	477	1565178f61e2ce2d4488d45581b74c2b076682f6dae59b77bfc65a2ccfd0c623
assets/chisel/textures/block/ctm/log_bordered/spruce_planks/0.png	601	92fb8bbff4ba9f4121c37a2302607018ee05d708c5b8d6ecaf556a5508a03fdf
assets/chisel/textures/block/ctm/log_bordered/spruce_planks/1.png	442	28f49aaa9ccf8d58895d690d479636b41ed841f3b6a90df66bab86096d33bdf4
assets/chisel/textures/block/ctm/log_bordered/spruce_planks/2.png	431	9278ef3df0e97c37a84386a877f350f447378fd5b48bb3e842312ac0ed109c70
assets/chisel/textures/block/ctm/log_bordered/spruce_planks/3.png	459	5b5631d7eaa74e7cdea36297d7afecce751581d9b8e5f79894623142404f8639
assets/chisel/textures/block/ctm/log_bordered/spruce_planks/4.png	431	9278ef3df0e97c37a84386a877f350f447378fd5b48bb3e842312ac0ed109c70
assets/chisel/textures/block/ctm/masonry/coal_block/0.png	537	2c8e62e1338c55cb16ce2e6177350d6735d753d3ee3606cb476709b2c23b9ad2
assets/chisel/textures/block/ctm/masonry/coal_block/1.png	545	c0dc62122e376f8164d1705bacdd04a64ecd7e8c66f5d407284e50a70ddca96f
assets/chisel/textures/block/ctm/masonry/coal_block/2.png	546	7112347e7239e5e5a68cb767c7273d9fa9665c841f89a47da80c1554afbd1dce
assets/chisel/textures/block/ctm/masonry/coal_block/3.png	548	25f3008cb8a0fd34c51bb68cf1df99ffac02c9f0fee59ee2a908ed83791a2575
assets/chisel/textures/block/ctm/masonry/emerald_block/0.png	733	25471e03d980ee7b32eced1b1e11ebc8f6f2b8169ff1339b81b3866b24f8c2cf
assets/chisel/textures/block/ctm/masonry/emerald_block/1.png	722	e98c3ebf0d0a45c3422ca5f82b59a47a7f0eef0e3b0c632ce700dafd8b8c5e53
assets/chisel/textures/block/ctm/masonry/emerald_block/2.png	708	244a4472d00c3581cced4df8b4fb0dbc4892f2bf3eba43e8f08177f0fcb4ac8f
assets/chisel/textures/block/ctm/masonry/emerald_block/3.png	675	63d532898bd971af00dc0032e650b04f85e566658a14673c383313133b6b4f8f
assets/chisel/textures/block/ctm/masonry/lapis_block/0.png	728	77d6029b11ee9f7ef20efc29ebf74cf92b9631a5a53557fc99604f8258fe0df9
assets/chisel/textures/block/ctm/masonry/lapis_block/1.png	730	36877d6856f5b09036c5edbec12de7015639b73a476c76c07746a9ce0a3424de
assets/chisel/textures/block/ctm/masonry/lapis_block/2.png	704	e6b921a2cc49e1846c91168d39c62994ffb66fb54331f8c022cc56ea8d10189b
assets/chisel/textures/block/ctm/masonry/lapis_block/3.png	703	c35fa07725b13bc30fa0885323eefc208628b79852bd67df3a6f5a750571c67e
assets/chisel/textures/block/ctm/mosaic/andesite/0.png	333	f7ceb23d203f8e87d52e26442d99aeca1373f8d1187b82caab6f70b345af1f11
assets/chisel/textures/block/ctm/mosaic/andesite/1.png	334	0b89929d6761a50bc1277e74650b4c1b85896c319a8381749b4005dcce3fbcf3
assets/chisel/textures/block/ctm/mosaic/andesite/2.png	352	cdbeb80dcf754cf7e2b73575e98c6b083498eba262165f9dc90384058bdb2f44
assets/chisel/textures/block/ctm/mosaic/andesite/3.png	340	296a1adf11aa8ae3569ed07cec58bb9f275992cab1ffc47b2c3cd064b2353498
assets/chisel/textures/block/ctm/mosaic/andesite/4.png	350	66562dc2bcaef5a38c40b0a8174a5d7d324b887431e49ac0a87edb90f3f9395b
assets/chisel/textures/block/ctm/mosaic/black_concrete/0.png	210	22f4353814ff64991997b9152ac6ef5791d436cbc9fb2ad2f5e6f76ef1328584
assets/chisel/textures/block/ctm/mosaic/black_concrete/1.png	179	5a4c1611a71c8bd0518a81c20322c41034afb09ab17be51c21a34ec8be96d9ab
assets/chisel/textures/block/ctm/mosaic/black_concrete/2.png	198	ca4edc7bd628671195e0f92b12edc5884ac50e4e00baf1164131732dfeb0fd04
assets/chisel/textures/block/ctm/mosaic/black_concrete/3.png	200	4cb34f94f4052f2a7b3a6fd3c18d12c87e959f130e2e9440ac0ff8fe84bd4f65
assets/chisel/textures/block/ctm/mosaic/black_concrete/4.png	213	a049ef43ed468a2b8a63a93cd871201acb39826dd65a0d5ac7c4139031737934
assets/chisel/textures/block/ctm/mosaic/blue_concrete/0.png	247	ac2b4a8cdf031ffc7833f8909b9a0141441624dfaa0d672adf361d4dcbb7ff2a
assets/chisel/textures/block/ctm/mosaic/blue_concrete/1.png	207	4165b919f980e3f2e3614f7441d931f5908906783cc4d2b371e927ba5bc98c8c
assets/chisel/textures/block/ctm/mosaic/blue_concrete/2.png	231	48c228e5bf901a41b002602097e15c202dde2541171883cbeb4c88aa77b7bd5b
assets/chisel/textures/block/ctm/mosaic/blue_concrete/3.png	226	1bd4f666c2e923d7669ed84c8bda642a97c62f0a35d14529bcfd1c32381bc1c8
assets/chisel/textures/block/ctm/mosaic/blue_concrete/4.png	247	54f912fcc023c79b78957345781bb54d0203f60b559578e36737eead880d570b
assets/chisel/textures/block/ctm/mosaic/bricks/0.png	287	f8d8401f72e1a10d984822bdd1ae46bd127c11cee7a11a3eddfda710e159aeb9
assets/chisel/textures/block/ctm/mosaic/bricks/1.png	273	6ce2a31afb64d144a3a2612bf8a0b4ec1cc050d6701e8ed88738f6bc96873fdc
assets/chisel/textures/block/ctm/mosaic/bricks/2.png	293	3cfd0f8cbc4787fbe758b5eeb11c3824b9e0fca2687a4f007210b5096b3e1d47
assets/chisel/textures/block/ctm/mosaic/bricks/3.png	287	be2e2ceea2a3fad875fbd0aaa158fe1df2aeee7f07290b5d4821914207ffc6fe
assets/chisel/textures/block/ctm/mosaic/bricks/4.png	298	a0a38d79b3abf12235e5a6a2fcd79133bd8b377c260fbec6bedc99742b5c260e
assets/chisel/textures/block/ctm/mosaic/brown_concrete/0.png	247	b27b3e0b42184b984033433393ccb1ca2fc2e37bb81877f2dae29c020c557d1b
assets/chisel/textures/block/ctm/mosaic/brown_concrete/1.png	204	c94a9b9b4379f16fdf8092a61af54f40e56edb1bef5e03e6c73315ce65a97c7c
assets/chisel/textures/block/ctm/mosaic/brown_concrete/2.png	239	61054c11280d9aa6a605ec0e2a059a591c4fdc688a1f127de227cc414a691025
assets/chisel/textures/block/ctm/mosaic/brown_concrete/3.png	232	a5154fbc19f5b8c4a85dcabe92ebd72ae8de342168ff23bdaf61d2751d1002f9
assets/chisel/textures/block/ctm/mosaic/brown_concrete/4.png	248	19ac4294ecfc9dd0ba4cae0afcb46fb4bf6396228910b7476dae29a9a039c57d
assets/chisel/textures/block/ctm/mosaic/coal_block/0.png	216	8c96b12079dd170f1b25d550f459cd2e65f80d24e2853d65c86bd5091bef6af1
assets/chisel/textures/block/ctm/mosaic/coal_block/1.png	206	822fbee7f315511867b1f42b95f0f820e6acb275d875daf3e7bbc5674091cc61
assets/chisel/textures/block/ctm/mosaic/coal_block/2.png	218	510fab342ada3f99c32bc5cf59fd108044c3cd26a1772f9992241e02a611c4f8
assets/chisel/textures/block/ctm/mosaic/coal_block/3.png	215	5de1e2ceddd5a4a0b3dca0615455d67122bbfd29f2683b1d9b33b61c4a95b67c
assets/chisel/textures/block/ctm/mosaic/coal_block/4.png	220	dd88171f9fb24840f4c31a345faa6ccc0b7beb03bcaee82aee4eee49c02a91f9
assets/chisel/textures/block/ctm/mosaic/cobblestone/0.png	259	1cf557ca01abf3415b8a09a99596a7c6b0de370f69894ffcb5ac645e1be0be4c
assets/chisel/textures/block/ctm/mosaic/cobblestone/1.png	439	e11b5ad7e5194de43543416c5df9f3d2a6c9ecbd717d055d4801193dff99eef7
assets/chisel/textures/block/ctm/mosaic/cobblestone/2.png	576	d3a443f4085c49e122f569db84a33a8ceef530f370855a363651f4bcff3d1c75
assets/chisel/textures/block/ctm/mosaic/cobblestone/3.png	547	e8228e98208d6ff7ce910d6f9e366078f1155b0c1636a77437f568815812cfa5
assets/chisel/textures/block/ctm/mosaic/cobblestone/4.png	570	7cf2aaa5ec468e0a7e46007e1a407952bab6a012104da61d2366fadc7034cea7
assets/chisel/textures/block/ctm/mosaic/cyan_concrete/0.png	266	709e3ac50f1b27afc2f3da6dd59543bcb835da37e65df4a603e3fe13f0f30ded
assets/chisel/textures/block/ctm/mosaic/cyan_concrete/1.png	211	1d5435d821f68c888726f9e4c789fc9c7bf6fd94ca7b6113f462379784650cab
assets/chisel/textures/block/ctm/mosaic/cyan_concrete/2.png	247	9fd3e7aa39d582c3b1c8d760c6659ff9c34630a423ce95e7f331f29eb7ea1ce9
assets/chisel/textures/block/ctm/mosaic/cyan_concrete/3.png	251	502cd9e66a68fdb428beba7fab06e02e92d15bfb30a443ce097b1360ca8492df
assets/chisel/textures/block/ctm/mosaic/cyan_concrete/4.png	259	f252dc2fdd8b0473df951d4cda245fb37883c1b59c3bfe9fc89933498dd33344
assets/chisel/textures/block/ctm/mosaic/deepslate/0.png	248	16079abe3e46bcd0401714956c3b603cba0a0f7624b3b71ba80d388d91cc71a6
assets/chisel/textures/block/ctm/mosaic/deepslate/1.png	151	9734e5d8fbb9e1b6cbfeb41a16962b845d80bf62bdaaaee94f4b3cbe831c3de5
assets/chisel/textures/block/ctm/mosaic/deepslate/2.png	178	2b57bc2c60b90b936a6645541df7562ae72090ec73a8cbd92e5b28822e388d3b
assets/chisel/textures/block/ctm/mosaic/deepslate/3.png	173	9526aa77fa9d98f292225862d478f204568c1ccc1def45c7df5cdc85a9d0070d
assets/chisel/textures/block/ctm/mosaic/deepslate/4.png	183	14b9eda4b07a0921adc735d94cfd1ddbcdf8300661dad5035a7ccf671f111046
assets/chisel/textures/block/ctm/mosaic/diorite/0.png	272	0565185e4f27847a3c9eae7ecef6be4895880431bef43bf8de93b8ea8e8d2ecc
assets/chisel/textures/block/ctm/mosaic/diorite/1.png	272	7765a2a3cc565c3d3966ce19e78a412b020180c6b13c3cdfa4cfea1ecffc62dc
assets/chisel/textures/block/ctm/mosaic/diorite/2.png	272	d2dbf2c84b596681ee9d96560ef8b28276f7c7561b89b0d48836c2386dafa803
assets/chisel/textures/block/ctm/mosaic/diorite/3.png	272	521f28576be679ed5f0e399bb5f2a47d4ce2f6e99fbfcb46a044f07850133fd2
assets/chisel/textures/block/ctm/mosaic/diorite/4.png	272	708137d87270a1a56c42b14826801bb1b137247c814bd884567ca5146ea3bbfe
assets/chisel/textures/block/ctm/mosaic/end_stone/0.png	264	9076b0ee635ca407740bd1b0eb158b507deba11f59a931e3a747e1229c89eb31
assets/chisel/textures/block/ctm/mosaic/end_stone/1.png	246	8b60ddd9183c5dd97a500053fe2450fa4b1ed370dd6fbedf461f155378be1483
assets/chisel/textures/block/ctm/mosaic/end_stone/2.png	269	7eb75328d194220aeba0f37200db05181ea08a07af126f87eb90c3907b57e404
assets/chisel/textures/block/ctm/mosaic/end_stone/3.png	259	a95d82be6611744c65222b66d8da5c6820bc63e8c65c36d776424db2412faba1
assets/chisel/textures/block/ctm/mosaic/end_stone/4.png	272	ac39e39e9870068e479fa38e085c827b34d253de3e07e9972fdab4cb5e37fa2a
assets/chisel/textures/block/ctm/mosaic/glowstone/0.png	182	b7bd2d686ecb6eda22ff29ec93fae90aedcc8ec3fd70e95ea8641e31ec58004a
assets/chisel/textures/block/ctm/mosaic/glowstone/1.png	105	e3b2c648f707650bb1bfdb518e9aca931a0c4013670a6c85da336988e3396c47
assets/chisel/textures/block/ctm/mosaic/glowstone/2.png	144	6a4533339a5b47fb830fa1ade383ef514078b9b0740f8c58dd4630bc361fd57b
assets/chisel/textures/block/ctm/mosaic/glowstone/3.png	151	05f3c9814471dd1f680e9ddc7a388f373c35451156831bb08ca4518b91dd8791
assets/chisel/textures/block/ctm/mosaic/glowstone/4.png	177	ecad94dece9388abc6de8ae09d38e2fac0ce296a543d3cb9c7b05b104692de29
assets/chisel/textures/block/ctm/mosaic/granite/0.png	302	77ea6788ab1e32fb4c3f4e544eb1e76bd18126061be24a46f5bd845f25bf27ab
assets/chisel/textures/block/ctm/mosaic/granite/1.png	320	4cb39e97c2167d3770abc9a9cdc86ea507f506b7d84daaa25122ad72827e849e
assets/chisel/textures/block/ctm/mosaic/granite/2.png	317	d2fcfb1de993800c6b51edfdfb98a4581e49d51e9ade05a279dd060328f45697
assets/chisel/textures/block/ctm/mosaic/granite/3.png	313	54d9e457f6c5de6155873f9aabe23cc6d218fabe18d7f32e2b37514d5c363de8
assets/chisel/textures/block/ctm/mosaic/granite/4.png	320	daa846e818d92fa0e1e94a1c0ec2b54cbdccdc9a5ebed7fcac8048fbcee999e3
assets/chisel/textures/block/ctm/mosaic/gray_concrete/0.png	245	d1608fea76c31a426007c421283248afe9dba144d424aafbd4de60a47469f098
assets/chisel/textures/block/ctm/mosaic/gray_concrete/1.png	204	d17709fc263a9d65ad8ef749463fe9fbed2b28d0059ab395ed72be4132c23b56
assets/chisel/textures/block/ctm/mosaic/gray_concrete/2.png	232	31beac7eb0e239efd7ab70ce7b87de5febf0cae8c32d2144edadf1c66af2a62b
assets/chisel/textures/block/ctm/mosaic/gray_concrete/3.png	243	e710f26267499179e6da99ab5df822d0e8c22933d8bf44aa21cfe5488e602389
assets/chisel/textures/block/ctm/mosaic/gray_concrete/4.png	245	03a4bf4caed5e638c83a2d459f80bbb569de983fe249083cf270dc3d448dbfea
assets/chisel/textures/block/ctm/mosaic/green_concrete/0.png	242	a22f91b25e1fc5da9263440a6d72136ac7b42cc90c246aac4a6c9d9583e9ff84
assets/chisel/textures/block/ctm/mosaic/green_concrete/1.png	201	b94b399fa64f0943c396c963260aedc5796d7f80d4a97cf7f3e6f1bb52e9ba00
assets/chisel/textures/block/ctm/mosaic/green_concrete/2.png	230	fc374175a48d8db3c6fb60972946e8606f41f84b88619b89fa21ec99302c9d2e
assets/chisel/textures/block/ctm/mosaic/green_concrete/3.png	225	060335bcbc728e00fca18908bfac0cb66f42e1c5fec8cbb69f51af8ccf450fcb
assets/chisel/textures/block/ctm/mosaic/green_concrete/4.png	240	7fba5a3936a6e461aa7967cd3430a53b03a7d64e72582ecd08009ba27ec6581b
assets/chisel/textures/block/ctm/mosaic/ice/0.png	353	d259d0024723d042b6381b22504019c09a591f1a340dc4f416ce790936552b1a
assets/chisel/textures/block/ctm/mosaic/ice/1.png	283	32c412e6dd161f96c0bcc5a2ee16e5779559192b9fe14f410f9dd8253cc93fc6
assets/chisel/textures/block/ctm/mosaic/ice/2.png	332	ac7e80a5d0a4b93da213f9d2f9cb5206bf388c2df1db6dfb812e3868a2995c46
assets/chisel/textures/block/ctm/mosaic/ice/3.png	322	03bc96cd1327a220c24ea3e3529f4f8568cc46579a2e785c6fa48ce8a2650721
assets/chisel/textures/block/ctm/mosaic/ice/4.png	341	622d0948c2a09be0faf65492484c995427daa80f9e22dfafb753300bd0c6fe04
assets/chisel/textures/block/ctm/mosaic/light_blue_concrete/0.png	229	aceb8c945a62c97245198793948a155fe599349ad3f85ec99aacd9e606e24eaf
assets/chisel/textures/block/ctm/mosaic/light_blue_concrete/1.png	198	95ef4b71e885ddd28689d61b88e2aa8685bc9cc9736782ffb55593177519c37e
assets/chisel/textures/block/ctm/mosaic/light_blue_concrete/2.png	220	ad40e3b7404151a0f4156075f7f07c8805f29aee8abee3edf4cf1ff4f1fcc325
assets/chisel/textures/block/ctm/mosaic/light_blue_concrete/3.png	215	22b547777599154808f8e77fc10cacdac0a803d755b43ffe9a44143edbf8d1e5
assets/chisel/textures/block/ctm/mosaic/light_blue_concrete/4.png	233	6353e36280d4de579586972c42c12fe802f43607eaaff9774fec54c826c12c78
assets/chisel/textures/block/ctm/mosaic/light_gray_concrete/0.png	242	cbb0284b417764f8984602e7beae9c48acccf676dc5dc31f2a0d3bfe3de94259
assets/chisel/textures/block/ctm/mosaic/light_gray_concrete/1.png	206	6890235ae7faf4b066d111dca796ab2ec304944690d4b65e30af8f45f1a775ae
assets/chisel/textures/block/ctm/mosaic/light_gray_concrete/2.png	236	4b13f2f68bc6010b75ed37038327f0b909e04c6533b4ca2ea012f3028abd3d82
assets/chisel/textures/block/ctm/mosaic/light_gray_concrete/3.png	237	d3ceca09b2595597a579b3124003ead3d7bc04e314465a9b631793928fd13522
assets/chisel/textures/block/ctm/mosaic/light_gray_concrete/4.png	251	17fc02e347d80a868999c99604c85d7aa3dd8f1bd25495a5e2f4652e006929ba
assets/chisel/textures/block/ctm/mosaic/lime_concrete/0.png	244	f480f29b25c8369549d3c5d8f34622d4b53e59b64583a4ad66af226b218a104d
assets/chisel/textures/block/ctm/mosaic/lime_concrete/1.png	204	389b8037954f3d617ff0e0b9d7229b8a0953157a3044ea74905d3190563c0bb2
assets/chisel/textures/block/ctm/mosaic/lime_concrete/2.png	229	4585bda46016b76c238ea77c556b33418aa01f8b5cad88417f44c9324792bb6a
assets/chisel/textures/block/ctm/mosaic/lime_concrete/3.png	234	c6b2897c5e7e35e90227b8006d4f4ee44adf41b9a3299b983f5c5e308e85b01e
assets/chisel/textures/block/ctm/mosaic/lime_concrete/4.png	243	a005f0869efc0c7200a309a39e097099b0e0b3e1d460e98ebcaa0ee6f1d1b8a5
assets/chisel/textures/block/ctm/mosaic/magenta_concrete/0.png	231	8307b7fdc2600906b64e59cfc776cc1fb7fc10cfdabf807d22fa1be8eb689fe1
assets/chisel/textures/block/ctm/mosaic/magenta_concrete/1.png	201	a85fb6b4c4e0d99710ff5fcf99d1ecd8370f8f4c07752ab4b115c3046bec43a5
assets/chisel/textures/block/ctm/mosaic/magenta_concrete/2.png	232	a50d8ca362c874ae324e4c2ced57c94012e0dc75276badb6a5346f22618628b4
assets/chisel/textures/block/ctm/mosaic/magenta_concrete/3.png	226	5c23776b1a10ddd7bef70d6b870c13d0dbbf7a850d5e75e864da59be2e862498
assets/chisel/textures/block/ctm/mosaic/magenta_concrete/4.png	244	252e6a9859aa6dc982756c98084f0ab5ecc367048479c48d52cf41484465ba67
assets/chisel/textures/block/ctm/mosaic/nether_brick/0.png	512	c94667e42fe2f00b466a302ff8d1cdd995c2577e375dcfafce3917325b03cebf
assets/chisel/textures/block/ctm/mosaic/nether_brick/1.png	375	b1edeed30d002083d7adb582712b75587bf096f7c9796a22343b7033aeb9f2ce
assets/chisel/textures/block/ctm/mosaic/nether_brick/2.png	512	3c0c29183bb24ba57d6321be404da0707c38c99b57e0be431a27841d0dfeac3a
assets/chisel/textures/block/ctm/mosaic/nether_brick/3.png	442	d06c04239ac2f66fed85395b0d3e593bf6a83c49e4a750936089776716f1716e
assets/chisel/textures/block/ctm/mosaic/nether_brick/4.png	464	f509523f71f51c587c9d505c505ef20df81069c9d878df38d7d7da91ad1cbd01
assets/chisel/textures/block/ctm/mosaic/orange_concrete/0.png	235	5f6eed6b92f9bd08823434745491292df3cc7a8d1e613f6a1a59b861b9eca71e
assets/chisel/textures/block/ctm/mosaic/orange_concrete/1.png	198	9ddf51ddc558d0ce10d54fd9ca34bdc2265828ee3483bf398ef65f5b826625aa
assets/chisel/textures/block/ctm/mosaic/orange_concrete/2.png	225	f230b81d4ab07b21a80d8d671bcfeb2690a73c0e15ffbb714ddd0a7830eeb12b
assets/chisel/textures/block/ctm/mosaic/orange_concrete/3.png	224	4414bb77f30cdf6ca7634d591855a4a2a80fab54e7ebef38ec5e86c59853b703
assets/chisel/textures/block/ctm/mosaic/orange_concrete/4.png	238	d92b3f25b5ad6280d4de23628ca39416eca9956ef82ec99a817b9d8f018aa061
assets/chisel/textures/block/ctm/mosaic/pink_concrete/0.png	268	9b5312b36458895b3c1b89c5b1887cb5242d85e037b20d719a0c5c02e37ef808
assets/chisel/textures/block/ctm/mosaic/pink_concrete/1.png	211	ecfe4144d8d7f72ec1237161af5de8f1745eab12777c83b9823bdb6aa35a3882
assets/chisel/textures/block/ctm/mosaic/pink_concrete/2.png	255	b0b9e6a91885fe9ab3af20e58b042d7db1aaa99df054a6d828413e0e057559bc
assets/chisel/textures/block/ctm/mosaic/pink_concrete/3.png	250	93209590581666d0d3a0effcb2c4947732abe72b8d84adbdd7cec0e882289bbf
assets/chisel/textures/block/ctm/mosaic/pink_concrete/4.png	261	56ba1c54107ae0f5777db46b6032083f594c344a6836949a0a0e13f3c73a6f88
assets/chisel/textures/block/ctm/mosaic/prismarine/0.png	405	0b27127ffbe4a3fcfb572efbc5fe8dd12b73fc07ff301a36435830dbf698c0ff
assets/chisel/textures/block/ctm/mosaic/prismarine/1.png	358	f903afd947fb870eead4a6e943259f6b34d4d1d1f73a7f08a54c2e1adfcfc00d
assets/chisel/textures/block/ctm/mosaic/prismarine/2.png	375	54c76a84b2db89ecdbdc73965377a1e3343775fb1801650bbbb07bcb23d5c191
assets/chisel/textures/block/ctm/mosaic/prismarine/3.png	376	3e0e4640e4316d7847e0300a2275214920ba3fcd6c9fdcb681a52648f2c62352
assets/chisel/textures/block/ctm/mosaic/prismarine/4.png	374	6773faa15e9ddf36a5ae94af0733f2112ab684c67e225f2c00ff2126eea22b14
assets/chisel/textures/block/ctm/mosaic/purple_concrete/0.png	231	bee0d503976e089132f78eaf74172d7ffa99e39875390c20283abdd268c46abb
assets/chisel/textures/block/ctm/mosaic/purple_concrete/1.png	201	cfa87368fa979777125e2326200a66c959263aa6be9e9b303516865f0646ac57
assets/chisel/textures/block/ctm/mosaic/purple_concrete/2.png	231	6c8ea1ce663e9433e8621e7920a4e4c28d9b2339205766b80a6a2f338bf62907
assets/chisel/textures/block/ctm/mosaic/purple_concrete/3.png	226	ce8ec44bdd233dddf41f30b8af8b5ffe6c3cd3a285fd06ef443eb33bae38c41d
assets/chisel/textures/block/ctm/mosaic/purple_concrete/4.png	243	2974de034a5df0d70b13a48c3a36a9624c333c2a52fe0cfdf71b67fde5870828
assets/chisel/textures/block/ctm/mosaic/purpur/0.png	271	9eee26f14829151fa18c687b5133e4208d7ad146be6cff1f0f47dd2f452d0d70
assets/chisel/textures/block/ctm/mosaic/purpur/1.png	252	c85d08fdccf26e67e936e92829019b427118d3ea6c31ee8b3ed94b44d867d393
assets/chisel/textures/block/ctm/mosaic/purpur/2.png	268	ec5d60c73d64690895c69c338fc92cc8e2cb32daaa4730b5e32f4b9f0d1f2b0a
assets/chisel/textures/block/ctm/mosaic/purpur/3.png	265	b4d01b122ff72b6b33637967d6e1d3da043469493b35d5dc375e45122ef2d9b8
assets/chisel/textures/block/ctm/mosaic/purpur/4.png	272	5912ea5c9f75973e92014323f1eaea15122bbf8f8f3b4a2b7ac59429184be3c3
assets/chisel/textures/block/ctm/mosaic/quartz/0.png	238	000a81306ac68d1564af244597eaf80df2248039208b7d8af4cb2fce1e3ae74d
assets/chisel/textures/block/ctm/mosaic/quartz/1.png	233	9c49e4d9a53e5016250350748de7ccff1dea56accc9b4f1570da3601746b9bbe
assets/chisel/textures/block/ctm/mosaic/quartz/2.png	235	00005e701280f152d4740b8d69bab18a140c3ea937a689f59ca8a08e2a5c218f
assets/chisel/textures/block/ctm/mosaic/quartz/3.png	225	6a8d228799945555556c841b074e5684ccd386ed961e7b4ccd9af8fde2e76661
assets/chisel/textures/block/ctm/mosaic/quartz/4.png	243	18825a65daf7cbff40a949612a4a8176eb4d0cfa8d1f19555da60879a12da09c
assets/chisel/textures/block/ctm/mosaic/red_concrete/0.png	252	f8bdfd3e9ea7f151dceb4615b079c9f4f2d758f4ea2d0192941824890417271d
assets/chisel/textures/block/ctm/mosaic/red_concrete/1.png	204	5f0256124ea165446ce5ba2479d871deafa61a8b8efcd52f6ca4a1397bbe8e87
assets/chisel/textures/block/ctm/mosaic/red_concrete/2.png	236	08166bb3402db0e2dc1c5ed81bab6cef5d1ef2a7d891a709aaedf76a2cbf7c0d
assets/chisel/textures/block/ctm/mosaic/red_concrete/3.png	235	956bdc3a5d5b61d26111ff22e74e1aef2eb5548a81e9b951307120c186659f9b
assets/chisel/textures/block/ctm/mosaic/red_concrete/4.png	253	84be6d155ec4dd0bb968402402e2028009592f0086b44c901ce99623b32194cf
assets/chisel/textures/block/ctm/mosaic/red_sandstone/0.png	291	1e5f81d6ce244fec0ad559445eea24e3304179c775dbfa236eeb45550d35c951
assets/chisel/textures/block/ctm/mosaic/red_sandstone/1.png	283	4914a475b75a74491e6ba359122e9ee41b3297b627497814fb77ddb124ab4cc5
assets/chisel/textures/block/ctm/mosaic/red_sandstone/2.png	298	def78d15ded9059a57ad6d9222ac6909073d64902c1cf1597bb96a4640257036
assets/chisel/textures/block/ctm/mosaic/red_sandstone/3.png	289	8164be902460b9ce58fa1afa47b479ed7e7347a2c9de275aa1b8cdb19aae54f9
assets/chisel/textures/block/ctm/mosaic/red_sandstone/4.png	299	4aa32ec8ee2a6820ac055f96d81c0ee1c76b36233e011d21c7587eb752d89cca
assets/chisel/textures/block/ctm/mosaic/redstone_block/0.png	251	7541d504b30728522747527774dd0bcc191051e5126196c807f9a341615758c8
assets/chisel/textures/block/ctm/mosaic/redstone_block/1.png	276	67fe09f17479cc74ab19925b5bfda3f4f6f4b449f3ff290b8f6ddf7ee33a5a30
assets/chisel/textures/block/ctm/mosaic/redstone_block/2.png	272	c399df2c9af6a95480b1dbaf4dca1237fa51a2e12759f5963d666531af8f18b9
assets/chisel/textures/block/ctm/mosaic/redstone_block/3.png	269	a9e5cdd82e6abe64715557b0d26c32d0c01a2b81e1ecb9224bbcee6865069c5b
assets/chisel/textures/block/ctm/mosaic/redstone_block/4.png	287	3ae8e5674983598efc47cc897bb0a6bb36015f8b21c2e138cc1b557fd73552f2
assets/chisel/textures/block/ctm/mosaic/sandstone/0.png	287	e41d1d9c8574c17c3a42fa418fdb41c73f6edebe8c6088a3191f374f25f7fd36
assets/chisel/textures/block/ctm/mosaic/sandstone/1.png	295	ccd1787257676ef004b51c046a3f6a41c2a8ec19ae7adf91dabf38240e7bb029
assets/chisel/textures/block/ctm/mosaic/sandstone/2.png	301	331e5bb3aa56f8f271e275e1f9c02f27ba531e970b9bc137616ffac70eee5edf
assets/chisel/textures/block/ctm/mosaic/sandstone/3.png	289	a7b01221940c8eb3e891a19d6e9cbea66cd3d9d6f3a0927050ebd52b6daae1dc
assets/chisel/textures/block/ctm/mosaic/sandstone/4.png	305	de24e8e3d345659182c8b8424fc5bc2d60507762e107521b0dc7606cbc4b6b79
assets/chisel/textures/block/ctm/mosaic/stone/0.png	269	d8b7b0afc8ed3b6203d9ef5f80ac13fab6f033d4e5e74dd7bb3493c3a677d9d9
assets/chisel/textures/block/ctm/mosaic/stone/1.png	237	33c379bf5e929d588eb5e7a99e7d3e62b6e7154188f9a330cb42bdaec46892c4
assets/chisel/textures/block/ctm/mosaic/stone/2.png	267	7c7d42aeaf849f87be85831648760aaff7c104de43e2912aacd65437405ce0fb
assets/chisel/textures/block/ctm/mosaic/stone/3.png	266	ead18e5bce5f6c4788ba14ac8f18d4f24c9d585032291c77fab2f2cd6d9cec8f
assets/chisel/textures/block/ctm/mosaic/stone/4.png	269	2b317ed972522ba8e25fda5eb194091bae1cecd65f27cc36a62c07dc29c69a48
assets/chisel/textures/block/ctm/mosaic/white_concrete/0.png	266	8cbea1e3c5687f988a48ba0cdc3672539928e1e45f2dff24f393ac8c62a09bb2
assets/chisel/textures/block/ctm/mosaic/white_concrete/1.png	204	7ab0e2a45e2cecc151a447a74d5b083cab521972f4b59dc5cc1acdec2d365ddc
assets/chisel/textures/block/ctm/mosaic/white_concrete/2.png	248	9d88fad2d5e4022d2a35388a74d715e70cf7c028af3c3d8455e3391f4f042733
assets/chisel/textures/block/ctm/mosaic/white_concrete/3.png	246	1f6e0c30cfd8a1a6ee424f2842b4bd0bb4bb29bb3091902b27eb58dc65eb3fe6
assets/chisel/textures/block/ctm/mosaic/white_concrete/4.png	254	18bb64db9cf2894ae136c35e26a82ce0d97c0c89a4fc134095878a9658411a7f
assets/chisel/textures/block/ctm/mosaic/yellow_concrete/0.png	233	af359bb4a5776c78e658ed17070acbf7bf5002545902ebacd63a26d248864fd6
assets/chisel/textures/block/ctm/mosaic/yellow_concrete/1.png	198	b3186c6c6e0292cdad339a8ce44732f2c298fd43dee192dccfa0e7e94bc3d872
assets/chisel/textures/block/ctm/mosaic/yellow_concrete/2.png	221	99159aba97430c347c099370246ad5c886b0892648a1409ca82d24ea3dd98f15
assets/chisel/textures/block/ctm/mosaic/yellow_concrete/3.png	218	98821f47588264da1749e580f7639445c2f0b983e27b2ca2894d972a12e41f60
assets/chisel/textures/block/ctm/mosaic/yellow_concrete/4.png	233	6aac7a1e8859b972bed61a8af8064eeaddc426bd79f88aa86599a4cc1130c11c
assets/chisel/textures/block/ctm/noborder/glass/0.png	328	dd0220f9e7774a13c899ac3878ebb9ebfe88db0791ec079528d914e1a2d212c3
assets/chisel/textures/block/ctm/noborder/glass/1.png	230	93999b623dec5d5c93dc50c9ac4f13b1a24f0ad18cf4f44597c616fe0c5fde81
assets/chisel/textures/block/ctm/noborder/glass/2.png	239	1582bbaadfb9d14efa60af7d314869d9c828b58df6ad8ef442d374dd13df6586
assets/chisel/textures/block/ctm/noborder/glass/3.png	219	41b2bb22a2e5043a99a86f2deeb28eab43352d95465ae9e0a309f54b5f02f930
assets/chisel/textures/block/ctm/noborder/glass/4.png	198	3a5562aa1b36f43302637839b89bd7144d9a00bf8cfd69e6a1a31d7cedeaab8f
assets/chisel/textures/block/ctm/ornatesteel/glass/0.png	234	8ded680e2cc161617a870391727c9c64ee18a0649501c6cbf6ad0243654f6e90
assets/chisel/textures/block/ctm/ornatesteel/glass/1.png	204	f87bc25711aba4b46f4b0f80a2f67939b76b0b4212f0470215210ede8ca0d6e6
assets/chisel/textures/block/ctm/ornatesteel/glass/2.png	239	d353f07653e5fd1232547fe431f1fc7e5e4bf72794de67694665ca5ebc84caab
assets/chisel/textures/block/ctm/ornatesteel/glass/3.png	248	976aa4e87da7f34e981619c39321b9aae407c98afb9dee8dd46e3cfdf2405075
assets/chisel/textures/block/ctm/ornatesteel/glass/4.png	255	9798cdc19109e3119a040c89367215a846ba04900b51c51bb2f5cee6aa4a6917
assets/chisel/textures/block/ctm/paneling/acacia_planks/0.png	723	5dfe337346c1a9e264285b20dd49a79450ff271d45c1025cc0447f9e1ef009a2
assets/chisel/textures/block/ctm/paneling/acacia_planks/1.png	448	2cb7412fa6242513948beaa21e64e279e4358ce3d3fb5e26f6dd6bf6f72b4db5
assets/chisel/textures/block/ctm/paneling/acacia_planks/2.png	448	2cb7412fa6242513948beaa21e64e279e4358ce3d3fb5e26f6dd6bf6f72b4db5
assets/chisel/textures/block/ctm/paneling/acacia_planks/3.png	503	987b29506b1c98171feebe6588136e170a01ad965f6a609a3063b485ed5173ce
assets/chisel/textures/block/ctm/paneling/acacia_planks/4.png	448	2cb7412fa6242513948beaa21e64e279e4358ce3d3fb5e26f6dd6bf6f72b4db5
assets/chisel/textures/block/ctm/paneling/birch_planks/0.png	733	8fe238b4ea68e1ba32e25e4fe692dab61a6b0f25b3c346fddcc5a9d088559910
assets/chisel/textures/block/ctm/paneling/birch_planks/1.png	456	aa8a692109b6fdd66d78326f31fa703178d07464027e46325235fa67a72efc9e
assets/chisel/textures/block/ctm/paneling/birch_planks/2.png	456	aa8a692109b6fdd66d78326f31fa703178d07464027e46325235fa67a72efc9e
assets/chisel/textures/block/ctm/paneling/birch_planks/3.png	522	68c8b04d85733be2336f0bf0c2398463aa7249d06e0803d76062ac81343b9ae5
assets/chisel/textures/block/ctm/paneling/birch_planks/4.png	456	aa8a692109b6fdd66d78326f31fa703178d07464027e46325235fa67a72efc9e
assets/chisel/textures/block/ctm/paneling/crimson_planks/0.png	718	c6311688c039ead9c7da428bef55380ef552d647415fc6778c0f03655aff7ba2
assets/chisel/textures/block/ctm/paneling/crimson_planks/1.png	436	5d413198e9e0a2ad220a42b1bebc2337b14dcca3638a7815918cb39c2bbab08d
assets/chisel/textures/block/ctm/paneling/crimson_planks/2.png	436	5d413198e9e0a2ad220a42b1bebc2337b14dcca3638a7815918cb39c2bbab08d
assets/chisel/textures/block/ctm/paneling/crimson_planks/3.png	487	63387dc6c94c483241f0d95b4798cded8bbdb2cb1671850d68f7deb49c1d731f
assets/chisel/textures/block/ctm/paneling/crimson_planks/4.png	436	5d413198e9e0a2ad220a42b1bebc2337b14dcca3638a7815918cb39c2bbab08d
assets/chisel/textures/block/ctm/paneling/dark_oak_planks/0.png	653	ec60f9ff0560574537bfca19c5617dec6f066acec9bb77892ee07b1a1d8e79ad
assets/chisel/textures/block/ctm/paneling/dark_oak_planks/1.png	410	69514fa9390e8f3aa4d7d5efac98ec5e8d550dda37410366c012a747b41ae3e0
assets/chisel/textures/block/ctm/paneling/dark_oak_planks/2.png	410	69514fa9390e8f3aa4d7d5efac98ec5e8d550dda37410366c012a747b41ae3e0
assets/chisel/textures/block/ctm/paneling/dark_oak_planks/3.png	459	03a4b896f4d8f3269e350e3322675d5c8665dfcbeed1d7b002da0bc2f6c6baa6
assets/chisel/textures/block/ctm/paneling/dark_oak_planks/4.png	410	69514fa9390e8f3aa4d7d5efac98ec5e8d550dda37410366c012a747b41ae3e0
assets/chisel/textures/block/ctm/paneling/jungle_planks/0.png	750	4a03fa621d1f6295aa666aba55bbf2ba67bb990ceadfe2d053e95614dcc54460
assets/chisel/textures/block/ctm/paneling/jungle_planks/1.png	466	20aa2f9f7aa96d6f068d87e518cb2a9c846b94151bc57eacf7d6cc7b57357359
assets/chisel/textures/block/ctm/paneling/jungle_planks/2.png	466	20aa2f9f7aa96d6f068d87e518cb2a9c846b94151bc57eacf7d6cc7b57357359
assets/chisel/textures/block/ctm/paneling/jungle_planks/3.png	533	01b96e07d02902d00f8688172c9cd5b12cfd0130bb7f55b1935605d63940f86b
assets/chisel/textures/block/ctm/paneling/jungle_planks/4.png	466	20aa2f9f7aa96d6f068d87e518cb2a9c846b94151bc57eacf7d6cc7b57357359
assets/chisel/textures/block/ctm/paneling/oak_planks/0.png	748	0c679f7c02944bcadf6e36cf8ff1ee32b452c3523dba97271e13866b89f10534
assets/chisel/textures/block/ctm/paneling/oak_planks/1.png	459	5f451dcda61b960afc98c15c0bcf02ca818821a4214c9400481b9fc3b67bfad4
assets/chisel/textures/block/ctm/paneling/oak_planks/2.png	459	5f451dcda61b960afc98c15c0bcf02ca818821a4214c9400481b9fc3b67bfad4
assets/chisel/textures/block/ctm/paneling/oak_planks/3.png	523	e22b93dd0c6ef725d65b157523d62c1ed01a6243bc88760d24f5c87ee70b7a88
assets/chisel/textures/block/ctm/paneling/oak_planks/4.png	459	5f451dcda61b960afc98c15c0bcf02ca818821a4214c9400481b9fc3b67bfad4
assets/chisel/textures/block/ctm/paneling/spruce_planks/0.png	713	57e4946e3c6e4f897e21098f96041eca38a94e52cfe02f7071f620fb5fc419ca
assets/chisel/textures/block/ctm/paneling/spruce_planks/1.png	443	fdf198625f03591fee2e28d469835473d1a29a17ff3280ca972039104ccfd28d
assets/chisel/textures/block/ctm/paneling/spruce_planks/2.png	443	fdf198625f03591fee2e28d469835473d1a29a17ff3280ca972039104ccfd28d
assets/chisel/textures/block/ctm/paneling/spruce_planks/3.png	489	9b35bbd09a3669473948b8e8b7cc5879bd8adf8b1a84b362e5424c512677f2ce
assets/chisel/textures/block/ctm/paneling/spruce_planks/4.png	443	fdf198625f03591fee2e28d469835473d1a29a17ff3280ca972039104ccfd28d
assets/chisel/textures/block/ctm/reinforced/dirt/0.png	533	0625a43864b1f286111e5069d80d2d05da3dd77f16a1a05202230a04c2f918ce
assets/chisel/textures/block/ctm/reinforced/dirt/1.png	588	ede980bf7305d28f1f148b6fa959370b55ef64dd76742b31461db32f55c4ac5b
assets/chisel/textures/block/ctm/reinforced/dirt/2.png	625	a240d0237194f1ffdc26897aa97f42a6e75a5ad097c5959224058406faedbf7e
assets/chisel/textures/block/ctm/reinforced/dirt/3.png	624	1b7bc9cfbe37f1334eee14a0ca1345d28f724e33aaa6d5c7c3530c9f4cd4bb3e
assets/chisel/textures/block/ctm/reinforced/dirt/4.png	615	ab67a26273942c2ed15ea41972e258308246ee2a76d1c4d7372f1ca2ab343567
assets/chisel/textures/block/ctm/reinforcedcobble/dirt/0.png	783	3a3561c80663495c81d5ca6f50116928e97ca382e8fd7f0e56b329e27444a51d
assets/chisel/textures/block/ctm/reinforcedcobble/dirt/1.png	1099	124e61b9891fc171c4f89f94c0b703c224568e76682a310d2ef44fecf83139d7
assets/chisel/textures/block/ctm/reinforcedcobble/dirt/2.png	1099	777acb0d23fa0ccd965fe1cc6775dba737f36a501c9558ec2b29122441cf0baa
assets/chisel/textures/block/ctm/reinforcedcobble/dirt/3.png	1099	ce8d2dd506ba476dcde5adecb751dd810105d1e1ddf76f13a755b6cba1fc65af
assets/chisel/textures/block/ctm/reinforcedcobble/dirt/4.png	1099	d768dab5fc1f5d4f96f12982790cf286f51c36e8ceb1a3bf7807ed826c60a589
assets/chisel/textures/block/ctm/shale/glass/0.png	404	99b4b89cec2e2d0f83fff16caaa5086cf108e61cd7e8a4275f498ce448d2df01
assets/chisel/textures/block/ctm/shale/glass/1.png	369	a434f4ee8c6250186d1a04c89ff156252fe3a7bd76cb4292d16ab7215e444357
assets/chisel/textures/block/ctm/shale/glass/2.png	412	49f430cf1b6a3ebe8a71da9875d6de5b843ba362f3c059849354cfd3f4fa6405
assets/chisel/textures/block/ctm/shale/glass/3.png	380	1c60f17a26625a51a6771a5ff30356473f9a89cd1475c29e509929b4071cc85f
assets/chisel/textures/block/ctm/shale/glass/4.png	361	a771b5fcb29b7a4d0f062a3f1965cc8f8bedde5986d634bc78a238a1777c9663
assets/chisel/textures/block/ctm/shipping_crate/acacia_planks/0.png	607	23b519abcaddf3dbdf3d52d4dd10de0d05f1cf2c8803a0612087a50edc6afa31
assets/chisel/textures/block/ctm/shipping_crate/acacia_planks/1.png	629	af636d74a45938946626ef3acecc2807d70bedfb5456ff73f05b89ca534e7c09
assets/chisel/textures/block/ctm/shipping_crate/acacia_planks/2.png	622	1464d89e2821fa8599a5b41f056e5831530f99865f3ed4ed89bc04afaa33731b
assets/chisel/textures/block/ctm/shipping_crate/acacia_planks/3.png	642	5ab1a4645e29db33f647bf19e74a6574bde95223493272e04a32cc6f517841f1
assets/chisel/textures/block/ctm/shipping_crate/acacia_planks/4.png	553	c9e614a4182d7bed22e53c54b05f8816462e353af080e9d0620b730118597466
assets/chisel/textures/block/ctm/shipping_crate/birch_planks/0.png	625	ac134868966636759753be5bdea556199fa5960a7db062e10525d07d0b41532c
assets/chisel/textures/block/ctm/shipping_crate/birch_planks/1.png	657	cd840a37d0ce1d73819ea2637f2131e736fa3b5c0d23560ba6bc7b1cfd7b3f78
assets/chisel/textures/block/ctm/shipping_crate/birch_planks/2.png	641	0cc3ddcc9cd18958d555e5325f7aeb067e3786c13e9993152950e391b25f1979
assets/chisel/textures/block/ctm/shipping_crate/birch_planks/3.png	660	8410f94b89f7a4083c4606e85d35fed98be8c9aa5f14ddeadcdf19013016b3e8
assets/chisel/textures/block/ctm/shipping_crate/birch_planks/4.png	554	ad0cd2db5e249d501eb88f047ab369c405d9fb71af2900baedfb4d5005089250
assets/chisel/textures/block/ctm/shipping_crate/crimson_planks/0.png	583	0843aaebbb2185b0fd13373c7315985c6de827b96da19fb515e202793fafbad5
assets/chisel/textures/block/ctm/shipping_crate/crimson_planks/1.png	609	cb2dfc97479fe462f8d5c3ea044bb8e6a2beda3713bb031615cc632bb00e7f7b
assets/chisel/textures/block/ctm/shipping_crate/crimson_planks/2.png	596	66bbcc661a4888e0d42d93e3b4711c64391679ce224e768695be021e9df03516
assets/chisel/textures/block/ctm/shipping_crate/crimson_planks/3.png	590	6cd253385994bea34a2d0848d2f788b69416cc741b7794cab8b671b0470169f9
assets/chisel/textures/block/ctm/shipping_crate/crimson_planks/4.png	515	c58be6bd704b7e5dc6a6aef66c61ff9ac5b87c6fd40226176eb52263de923ef6
assets/chisel/textures/block/ctm/shipping_crate/dark_oak_planks/0.png	549	5ba7d5b7b5dca9752af98fac42d8a819c8f91e86042444dd62149a3655d151e0
assets/chisel/textures/block/ctm/shipping_crate/dark_oak_planks/1.png	543	93af9c9b690594d836c1d4b1bac81e345f797525a4e3823f7df798ef418ba514
assets/chisel/textures/block/ctm/shipping_crate/dark_oak_planks/2.png	534	39d95c03445f9cd8cca85f90695009392e99d3c7b12d4350d6365b3bbabe3989
assets/chisel/textures/block/ctm/shipping_crate/dark_oak_planks/3.png	542	577dbccccca297ad80bbea6cf0ea2caf697233e5cf0cc5a7e721765d20aafddf
assets/chisel/textures/block/ctm/shipping_crate/dark_oak_planks/4.png	473	883139ee911e402a29f348f639c8b3b4ec4d251576f0f054b54f21a49851706b
assets/chisel/textures/block/ctm/shipping_crate/jungle_planks/0.png	625	46aeddf4e52acbb0861b4aed88dbd5ae6863d38f8abcc5f92ae0a8304e0f91c2
assets/chisel/textures/block/ctm/shipping_crate/jungle_planks/1.png	675	db0a623b5bea8cd703647b187d54161dfef5b66cf7ee5b0350bfa0d91316e34e
assets/chisel/textures/block/ctm/shipping_crate/jungle_planks/2.png	652	00c7c95be817b18f02b77d7dbca3f5258afd4cc79ccdc2be3070d9f4146be0e6
assets/chisel/textures/block/ctm/shipping_crate/jungle_planks/3.png	650	8f81852a672e4dd91c3b3b5ea4c64fa9b75466b2305b8cc9bde4305bc239ed8d
assets/chisel/textures/block/ctm/shipping_crate/jungle_planks/4.png	557	2959fef1f3a9af5b25e4bc8a76dd4b7b53943d41e1a2c8f402b7a46e33c013d5
assets/chisel/textures/block/ctm/shipping_crate/oak_planks/0.png	629	6cd62cf51ebce49b3d25315ea8e9547cb0bcdb4e55c5106de138af460131bb06
assets/chisel/textures/block/ctm/shipping_crate/oak_planks/1.png	680	4d728e7c8e6d4cffb4bb6e5fb7b52693453f36c29c886c212e366f74f722ff1e
assets/chisel/textures/block/ctm/shipping_crate/oak_planks/2.png	659	6819f6c47ced14bdd2f8ae53b1aab3a41ca33e31d033e9121652ad204e92af12
assets/chisel/textures/block/ctm/shipping_crate/oak_planks/3.png	655	c33fc0c32c0b91824fa6e845b00553d1a10a747df0e4979c8299a6fa4ef27f26
assets/chisel/textures/block/ctm/shipping_crate/oak_planks/4.png	560	393d9867090c3d095a1d4effa3f343d981be29d8a3b097fe55ac82b5d5b3b045
assets/chisel/textures/block/ctm/shipping_crate/spruce_planks/0.png	601	b0a08df656b2ecd905c2ccf432b1a09c08e8c161c895470c910b3b0a9d20b757
assets/chisel/textures/block/ctm/shipping_crate/spruce_planks/1.png	638	7088a3c351408ce3b59476e026ab83a84bf2b065918c4bd5a2c03a22ad44b130
assets/chisel/textures/block/ctm/shipping_crate/spruce_planks/2.png	620	6ac6dc80273c235b2adaceac2e35e8b398bbde5d09bd02f38e72921a9d479400
assets/chisel/textures/block/ctm/shipping_crate/spruce_planks/3.png	614	0bd33d6078c748b1224d65383f1f69c9a8c5204e2fa05a08d50eb85c317a5dd1
assets/chisel/textures/block/ctm/shipping_crate/spruce_planks/4.png	526	08c39d6134893576ba2d0e00e3802b4670fa59a51cb2f947ce80c9b550bfc6d5
assets/chisel/textures/block/ctm/slant/andesite/0.png	352	622407bc26d630493a814b99728f21aae2c32d8984a14122e82364ef8f2472df
assets/chisel/textures/block/ctm/slant/andesite/1.png	353	b9d481c1a85c3ffa485051f9fe75360ad19714fb09269f722592d011128924f1
assets/chisel/textures/block/ctm/slant/andesite/2.png	352	622407bc26d630493a814b99728f21aae2c32d8984a14122e82364ef8f2472df
assets/chisel/textures/block/ctm/slant/andesite/3.png	353	b9d481c1a85c3ffa485051f9fe75360ad19714fb09269f722592d011128924f1
assets/chisel/textures/block/ctm/slant/black_concrete/0.png	202	08b60515d6392a482872793b91018aa2a838ad4736850502948e2619a7196880
assets/chisel/textures/block/ctm/slant/black_concrete/1.png	203	1dba1307003093415369a6499f89468fd4af9270e5b2417dd42ba8c786668186
assets/chisel/textures/block/ctm/slant/black_concrete/2.png	202	08b60515d6392a482872793b91018aa2a838ad4736850502948e2619a7196880
assets/chisel/textures/block/ctm/slant/black_concrete/3.png	203	1dba1307003093415369a6499f89468fd4af9270e5b2417dd42ba8c786668186
assets/chisel/textures/block/ctm/slant/blue_concrete/0.png	256	ab850b48e3b15a6e5d85403aa1d756bf5a91a1010e036bef409a9f5bd532b0b6
assets/chisel/textures/block/ctm/slant/blue_concrete/1.png	253	bfd79b61942fc6ea2b670a3e111e3057449b69067a89c7f2da132be74b571192
assets/chisel/textures/block/ctm/slant/blue_concrete/2.png	256	ab850b48e3b15a6e5d85403aa1d756bf5a91a1010e036bef409a9f5bd532b0b6
assets/chisel/textures/block/ctm/slant/blue_concrete/3.png	253	bfd79b61942fc6ea2b670a3e111e3057449b69067a89c7f2da132be74b571192
assets/chisel/textures/block/ctm/slant/bricks/0.png	298	eac009548849c9759c9dfcf41044c0fa7a47e1531964cb1b4a76a133d5166480
assets/chisel/textures/block/ctm/slant/bricks/1.png	294	a579aab133915ce9bc29aed75e3fea2863914562709a6fe7e2c6b61eedd12a1c
assets/chisel/textures/block/ctm/slant/bricks/2.png	296	efc3f3e6f8a037431c57b222595798e8f47880bffe8fff33a9b731fa0e85b2dc
assets/chisel/textures/block/ctm/slant/bricks/3.png	291	a3fd065a715598e8e418d64caed4d07fe4e802d2d55d22f40c6f63b01dd97c9c
assets/chisel/textures/block/ctm/slant/brown_concrete/0.png	240	8fa2b68a5d314ef8147b4067b48ab47c348f7d3efaefe43e797c286789c455eb
assets/chisel/textures/block/ctm/slant/brown_concrete/1.png	238	3a55d9a3135fd35e99725e3e901244ab6ef6445525c9be10c67b5c999495d681
assets/chisel/textures/block/ctm/slant/brown_concrete/2.png	240	8fa2b68a5d314ef8147b4067b48ab47c348f7d3efaefe43e797c286789c455eb
assets/chisel/textures/block/ctm/slant/brown_concrete/3.png	238	3a55d9a3135fd35e99725e3e901244ab6ef6445525c9be10c67b5c999495d681
assets/chisel/textures/block/ctm/slant/coal_block/0.png	219	47723a40d35f0228e378b9f8c604dc6c3cd2c7f22aa26aa5347b0cbd25f333ff
assets/chisel/textures/block/ctm/slant/coal_block/1.png	216	2e0c94212e15fd76b545bdf67d6f28a89a3d43a07ca9108ba23196bc2ac8c521
assets/chisel/textures/block/ctm/slant/coal_block/2.png	219	47723a40d35f0228e378b9f8c604dc6c3cd2c7f22aa26aa5347b0cbd25f333ff
assets/chisel/textures/block/ctm/slant/coal_block/3.png	217	348bd8d855218c44f2a8ab5b99617dd3496f85230b823567336dd55f30b55183
assets/chisel/textures/block/ctm/slant/cobblestone/0.png	622	d190a94a26b8c7bdf1135f398916c7dd956743f7b1586617659f545db275d890
assets/chisel/textures/block/ctm/slant/cobblestone/1.png	665	96b94e164aa94b1b3604ec1502542353669e66dc81d11b880c75805835fe351c
assets/chisel/textures/block/ctm/slant/cobblestone/2.png	632	9aae3270c3565c51593a1ac93b4e1fa6a86091101390d8ad63901a0903a944a9
assets/chisel/textures/block/ctm/slant/cobblestone/3.png	655	61823815757be28d9b9c71100466256eed7499838f52d9b519e1202626f1192c
assets/chisel/textures/block/ctm/slant/cyan_concrete/0.png	249	8765b761775a9894c1d30988ef994cc87ce119df3eea30574b28eb96b2caec20
assets/chisel/textures/block/ctm/slant/cyan_concrete/1.png	247	f0df1922e2b1c0999176cbfc903998d2de9f2b7ba4b5ef4c92447e2b4580bf73
assets/chisel/textures/block/ctm/slant/cyan_concrete/2.png	249	8765b761775a9894c1d30988ef994cc87ce119df3eea30574b28eb96b2caec20
assets/chisel/textures/block/ctm/slant/cyan_concrete/3.png	247	f0df1922e2b1c0999176cbfc903998d2de9f2b7ba4b5ef4c92447e2b4580bf73
assets/chisel/textures/block/ctm/slant/deepslate/0.png	192	4146d94e8f53457c4a5fcb25b488945827cfa676acafc2fb603721294c1ac26e
assets/chisel/textures/block/ctm/slant/deepslate/1.png	191	9f8abf1e12d95b5ac96c42005dce8e7d092021efccc0f7a38a9c2b1990a402d1
assets/chisel/textures/block/ctm/slant/deepslate/2.png	192	4146d94e8f53457c4a5fcb25b488945827cfa676acafc2fb603721294c1ac26e
assets/chisel/textures/block/ctm/slant/deepslate/3.png	191	9f8abf1e12d95b5ac96c42005dce8e7d092021efccc0f7a38a9c2b1990a402d1
assets/chisel/textures/block/ctm/slant/diorite/0.png	272	2c395063711ce63070146a9443756a3b5ad7d05c3954d1069aace3b8b7664736
assets/chisel/textures/block/ctm/slant/diorite/1.png	272	a53a7bb306c5d938d68ba200d6b9a43f834a3dd61fb256131d2cc8a1ecd6ff24
assets/chisel/textures/block/ctm/slant/diorite/2.png	272	f2d31429895dc66448d3954fad7c3c8e9fcb16adda68e11d07e0ae2a48497ec4
assets/chisel/textures/block/ctm/slant/diorite/3.png	272	42cc4d66841ffc138396512a018a31fe05cf417839dd308e646d2836de2001b0
assets/chisel/textures/block/ctm/slant/end_stone/0.png	272	107e2966c0afff5ac2f311f205c827b262e687ffd79042d8818ac9cfdf425d06
assets/chisel/textures/block/ctm/slant/end_stone/1.png	270	8252ffca188fcfdd51677db47baec92d4f6b823a9bf436cd61853e965bda25c2
assets/chisel/textures/block/ctm/slant/end_stone/2.png	272	fb77213761cb39e08ceae9e3a74e0717dce1fb8536a3b6a0863640e68726aff2
assets/chisel/textures/block/ctm/slant/end_stone/3.png	272	6b311cf25b90d76e0a7a9bc900345beddef3766fff26cd5a2889a0efade7b07b
assets/chisel/textures/block/ctm/slant/glowstone/0.png	188	d800b661cf59ffb046b407eb76cd35ca78d02ab36d5d0653d94687e9f2c6996e
assets/chisel/textures/block/ctm/slant/glowstone/1.png	183	1fd1fac3f9fd4f787ebe2efa2cbe5e14ef9156e2d927c1e34dc2b35ce9171488
assets/chisel/textures/block/ctm/slant/glowstone/2.png	188	d800b661cf59ffb046b407eb76cd35ca78d02ab36d5d0653d94687e9f2c6996e
assets/chisel/textures/block/ctm/slant/glowstone/3.png	183	1fd1fac3f9fd4f787ebe2efa2cbe5e14ef9156e2d927c1e34dc2b35ce9171488
assets/chisel/textures/block/ctm/slant/granite/0.png	325	703e9d503317569f538c0e2b15498640088a06951a207fceaf1d86761e65ec95
assets/chisel/textures/block/ctm/slant/granite/1.png	320	402b06140d0fa3119b2651ed7172e3408dbd7dfb0574cf62ae5a08dc70a8a2e2
assets/chisel/textures/block/ctm/slant/granite/2.png	325	703e9d503317569f538c0e2b15498640088a06951a207fceaf1d86761e65ec95
assets/chisel/textures/block/ctm/slant/granite/3.png	320	402b06140d0fa3119b2651ed7172e3408dbd7dfb0574cf62ae5a08dc70a8a2e2
assets/chisel/textures/block/ctm/slant/gray_concrete/0.png	235	23b0a1b1002c2e59b6fb8ab35a23cb6616d79f9c30638aebc25b0f95b9d30ab3
assets/chisel/textures/block/ctm/slant/gray_concrete/1.png	234	1060bc1e917a6c4ee3b4622d50e44ded34a3bc0cd3192e40f59d4aca9fe039ac
assets/chisel/textures/block/ctm/slant/gray_concrete/2.png	235	23b0a1b1002c2e59b6fb8ab35a23cb6616d79f9c30638aebc25b0f95b9d30ab3
assets/chisel/textures/block/ctm/slant/gray_concrete/3.png	234	1060bc1e917a6c4ee3b4622d50e44ded34a3bc0cd3192e40f59d4aca9fe039ac
assets/chisel/textures/block/ctm/slant/green_concrete/0.png	241	ee1121ed950a9c2ce1b4ccf7267ef3744abed42ba34f4a274a1568a448a60e7d
assets/chisel/textures/block/ctm/slant/green_concrete/1.png	243	d04c001d99cbd45b05da7c97d4c98ba5656f042829c9226d673eba4b02d1a7a3
assets/chisel/textures/block/ctm/slant/green_concrete/2.png	241	ee1121ed950a9c2ce1b4ccf7267ef3744abed42ba34f4a274a1568a448a60e7d
assets/chisel/textures/block/ctm/slant/green_concrete/3.png	243	d04c001d99cbd45b05da7c97d4c98ba5656f042829c9226d673eba4b02d1a7a3
assets/chisel/textures/block/ctm/slant/ice/0.png	328	483115e864b0df0e1d1737890dd429689adc2b8517f60999a960305c18c9fcb9
assets/chisel/textures/block/ctm/slant/ice/1.png	325	58399f7a56e8c19a2211e3276ec2a885a0828a3453b90dfd7862153627cd9db5
assets/chisel/textures/block/ctm/slant/ice/2.png	328	483115e864b0df0e1d1737890dd429689adc2b8517f60999a960305c18c9fcb9
assets/chisel/textures/block/ctm/slant/ice/3.png	325	58399f7a56e8c19a2211e3276ec2a885a0828a3453b90dfd7862153627cd9db5
assets/chisel/textures/block/ctm/slant/light_blue_concrete/0.png	241	84c656a62ee8059fae136f1e2018d08f4bd849ad657307307813394a98368ed7
assets/chisel/textures/block/ctm/slant/light_blue_concrete/1.png	238	df01681e1eb967f030f3b3aa8897a1d5a56e700a206dc05b41af914efdfe2871
assets/chisel/textures/block/ctm/slant/light_blue_concrete/2.png	241	84c656a62ee8059fae136f1e2018d08f4bd849ad657307307813394a98368ed7
assets/chisel/textures/block/ctm/slant/light_blue_concrete/3.png	238	df01681e1eb967f030f3b3aa8897a1d5a56e700a206dc05b41af914efdfe2871
assets/chisel/textures/block/ctm/slant/light_gray_concrete/0.png	245	4d7f2f9618beff0bad24c1a5f16467d5c3ed221224cc871812a03eb2de882435
assets/chisel/textures/block/ctm/slant/light_gray_concrete/1.png	246	776f1e1eb2c5e7ca1df080e5bf7bab6c1fe693744709d17fa45044aaf5da992f
assets/chisel/textures/block/ctm/slant/light_gray_concrete/2.png	245	4d7f2f9618beff0bad24c1a5f16467d5c3ed221224cc871812a03eb2de882435
assets/chisel/textures/block/ctm/slant/light_gray_concrete/3.png	246	776f1e1eb2c5e7ca1df080e5bf7bab6c1fe693744709d17fa45044aaf5da992f
assets/chisel/textures/block/ctm/slant/lime_concrete/0.png	242	d7ca05acd4e26fdae0027aba14fa27853a1a1317a035f18076158cb5eb2ca41a
assets/chisel/textures/block/ctm/slant/lime_concrete/1.png	244	aab3d9d18c2594564e1a630a13acfa22f579fab0dd598ac3d89c9cb9e8468f38
assets/chisel/textures/block/ctm/slant/lime_concrete/2.png	242	d7ca05acd4e26fdae0027aba14fa27853a1a1317a035f18076158cb5eb2ca41a
assets/chisel/textures/block/ctm/slant/lime_concrete/3.png	244	aab3d9d18c2594564e1a630a13acfa22f579fab0dd598ac3d89c9cb9e8468f38
assets/chisel/textures/block/ctm/slant/magenta_concrete/0.png	222	cf63743c47dc34d00c9da06e968502bc3aa508403dd260780372fe44703c9759
assets/chisel/textures/block/ctm/slant/magenta_concrete/1.png	222	1822567817d79665e5489d2e0804d606aa8910464842af8be2371aa52ce74ca8
assets/chisel/textures/block/ctm/slant/magenta_concrete/2.png	222	cf63743c47dc34d00c9da06e968502bc3aa508403dd260780372fe44703c9759
assets/chisel/textures/block/ctm/slant/magenta_concrete/3.png	222	1822567817d79665e5489d2e0804d606aa8910464842af8be2371aa52ce74ca8
assets/chisel/textures/block/ctm/slant/nether_brick/0.png	555	b015a76ea37eff835d3945ba5d2f1479232399e387ea04494bdc1573d963315d
assets/chisel/textures/block/ctm/slant/nether_brick/1.png	537	450470a13d0905b40e15adebabe08c208d341c6245deb05107b0bbe5d963f119
assets/chisel/textures/block/ctm/slant/nether_brick/2.png	555	b015a76ea37eff835d3945ba5d2f1479232399e387ea04494bdc1573d963315d
assets/chisel/textures/block/ctm/slant/nether_brick/3.png	537	450470a13d0905b40e15adebabe08c208d341c6245deb05107b0bbe5d963f119
assets/chisel/textures/block/ctm/slant/orange_concrete/0.png	242	b78fc134ab50f7c1a33d18cb1ea4edd48dcc6fd446fe9d722a6cc9eeed55e148
assets/chisel/textures/block/ctm/slant/orange_concrete/1.png	239	fad07e47d7f2b6f3e17a390139b6e499f1c92c2d4ca3684623e43dab77226292
assets/chisel/textures/block/ctm/slant/orange_concrete/2.png	242	b78fc134ab50f7c1a33d18cb1ea4edd48dcc6fd446fe9d722a6cc9eeed55e148
assets/chisel/textures/block/ctm/slant/orange_concrete/3.png	239	fad07e47d7f2b6f3e17a390139b6e499f1c92c2d4ca3684623e43dab77226292
assets/chisel/textures/block/ctm/slant/pink_concrete/0.png	248	08ca54413d5046a0fc585e589c009b9d0c2bc8cf705c87ac33d7a8544ff67268
assets/chisel/textures/block/ctm/slant/pink_concrete/1.png	248	7eae627b71fe5e631c5b44fb8007a9088b334cbafdeae072df28085b8e673571
assets/chisel/textures/block/ctm/slant/pink_concrete/2.png	248	08ca54413d5046a0fc585e589c009b9d0c2bc8cf705c87ac33d7a8544ff67268
assets/chisel/textures/block/ctm/slant/pink_concrete/3.png	248	7eae627b71fe5e631c5b44fb8007a9088b334cbafdeae072df28085b8e673571
assets/chisel/textures/block/ctm/slant/prismarine/0.png	364	fffdc45c9883037096c3660422da0883dff0d286e8bce7830122c9620b653fd1
assets/chisel/textures/block/ctm/slant/prismarine/1.png	364	afb1922d3adb1f05fd187de919adef75ff3ae69f9b154b0cd803953c29972385
assets/chisel/textures/block/ctm/slant/prismarine/2.png	367	7ebe95e238baa8e4f2193b4a4abee9f942739fafc5ee553f527298f7705b6ded
assets/chisel/textures/block/ctm/slant/prismarine/3.png	366	286592660cc84991179a290d7e879590a8c8955820274f973b80d2883b9d10e2
assets/chisel/textures/block/ctm/slant/purple_concrete/0.png	227	4b1974298ae1c9010c23ae8c2de75950af2690766019df686bc67f84f7d0a4d7
assets/chisel/textures/block/ctm/slant/purple_concrete/1.png	225	28aeb713d7688eabd5bc52d5ee3a7348b680db94a4bdff8b10ae30a840f1d4e3
assets/chisel/textures/block/ctm/slant/purple_concrete/2.png	227	4b1974298ae1c9010c23ae8c2de75950af2690766019df686bc67f84f7d0a4d7
assets/chisel/textures/block/ctm/slant/purple_concrete/3.png	225	28aeb713d7688eabd5bc52d5ee3a7348b680db94a4bdff8b10ae30a840f1d4e3
assets/chisel/textures/block/ctm/slant/purpur/0.png	269	0317122da6ee2f3f5c10d3d35157dfbbb327ad1dcf2ccb775545a48376ec00cf
assets/chisel/textures/block/ctm/slant/purpur/1.png	269	7bdd09de8fce3b385a06dcd30b848a6554307ed3ca59115c83bca7cdb71baf81
assets/chisel/textures/block/ctm/slant/purpur/2.png	269	0317122da6ee2f3f5c10d3d35157dfbbb327ad1dcf2ccb775545a48376ec00cf
assets/chisel/textures/block/ctm/slant/purpur/3.png	269	7bdd09de8fce3b385a06dcd30b848a6554307ed3ca59115c83bca7cdb71baf81
assets/chisel/textures/block/ctm/slant/quartz/0.png	247	7b5be8c46a9cff1f632f87f4e26ca931e2a71faa04479dbbe355d04197e1f41e
assets/chisel/textures/block/ctm/slant/quartz/1.png	242	900fa156a82e0a9e1503ec1683900314a64fa317dbda3c1ee7498fa0283c353d
assets/chisel/textures/block/ctm/slant/quartz/2.png	247	7b5be8c46a9cff1f632f87f4e26ca931e2a71faa04479dbbe355d04197e1f41e
assets/chisel/textures/block/ctm/slant/quartz/3.png	242	900fa156a82e0a9e1503ec1683900314a64fa317dbda3c1ee7498fa0283c353d
assets/chisel/textures/block/ctm/slant/red_concrete/0.png	243	1ac5284db645d31310d8ce79e75aa2757991ab4593cb2af11313d1eed9d5c1af
assets/chisel/textures/block/ctm/slant/red_concrete/1.png	240	ec3c975d3673a92f89b6b502203b8e30dc20573ec590693eda6f20f8ff6d3015
assets/chisel/textures/block/ctm/slant/red_concrete/2.png	243	1ac5284db645d31310d8ce79e75aa2757991ab4593cb2af11313d1eed9d5c1af
assets/chisel/textures/block/ctm/slant/red_concrete/3.png	240	ec3c975d3673a92f89b6b502203b8e30dc20573ec590693eda6f20f8ff6d3015
assets/chisel/textures/block/ctm/slant/red_sandstone/0.png	297	6245d16624d2b6b1a6c395a808d80f8d2f5ff91512c24488a4ec7a4f5bab76a1
assets/chisel/textures/block/ctm/slant/red_sandstone/1.png	299	f8337010e2a9c23653c791fbe16eca65b671c9eb97141d9b1ef28742305057bc
assets/chisel/textures/block/ctm/slant/red_sandstone/2.png	300	6e072d8264cab29bf79a8704ba5bb40505e4b561eefca049affc38ea9c862783
assets/chisel/textures/block/ctm/slant/red_sandstone/3.png	299	0187d04e321659c55ec2422b436eb7d736df367b3ce946d56d0b960c5b80ce76
assets/chisel/textures/block/ctm/slant/redstone_block/0.png	294	5cd5f143a6edd67b5b88dd843e4ed2befc97c8179eda086a5a73df75a95cb296
assets/chisel/textures/block/ctm/slant/redstone_block/1.png	291	858b31a01292a9db2100dc05190d76554559d138287127e0cf39151ffcefb705
assets/chisel/textures/block/ctm/slant/redstone_block/2.png	289	a653252ef314730556325806f946cdb492f26c3a2054064953beba1908183ce9
assets/chisel/textures/block/ctm/slant/redstone_block/3.png	291	452d85668e8e8068ee5b1317514972f92bb846892113795fd1c8649b7c5d6fc6
assets/chisel/textures/block/ctm/slant/sandstone/0.png	306	885c99bc9b52cb27fbf38e7b9927023341d79003fb0b06cf672723645a176f4d
assets/chisel/textures/block/ctm/slant/sandstone/1.png	303	79d9343b72cd2108d990eb23e2fcb862f519b027f9c3d3fdfb4ab0570b686551
assets/chisel/textures/block/ctm/slant/sandstone/2.png	306	885c99bc9b52cb27fbf38e7b9927023341d79003fb0b06cf672723645a176f4d
assets/chisel/textures/block/ctm/slant/sandstone/3.png	303	79d9343b72cd2108d990eb23e2fcb862f519b027f9c3d3fdfb4ab0570b686551
assets/chisel/textures/block/ctm/slant/stone/0.png	269	427f6b8e8c64636dac4d4475367d2899f72ef7e829c66fbed4d483774b0ea14f
assets/chisel/textures/block/ctm/slant/stone/1.png	269	b3a97fac80e872798dde7156736d13803aac700b8fc900f8dfacadbd056bae27
assets/chisel/textures/block/ctm/slant/stone/2.png	269	427f6b8e8c64636dac4d4475367d2899f72ef7e829c66fbed4d483774b0ea14f
assets/chisel/textures/block/ctm/slant/stone/3.png	269	b3a97fac80e872798dde7156736d13803aac700b8fc900f8dfacadbd056bae27
assets/chisel/textures/block/ctm/slant/white_concrete/0.png	249	5badf174f08e1bd0564314b66c2212b886a588de0634785e2e56245028a03ffc
assets/chisel/textures/block/ctm/slant/white_concrete/1.png	246	5a063d4589eae0f50a66db270788825fd458016f70eb4cda69da5fe7cba9949a
assets/chisel/textures/block/ctm/slant/white_concrete/2.png	249	5badf174f08e1bd0564314b66c2212b886a588de0634785e2e56245028a03ffc
assets/chisel/textures/block/ctm/slant/white_concrete/3.png	246	5a063d4589eae0f50a66db270788825fd458016f70eb4cda69da5fe7cba9949a
assets/chisel/textures/block/ctm/slant/yellow_concrete/0.png	245	c1ebcdff81e89ee9f2871c1739762ed4826f6884cc99af671c4fc257b5380345
assets/chisel/textures/block/ctm/slant/yellow_concrete/1.png	242	9b6375cf74dadab553b3a0af2735b1918e4c43de0d1afa550fb6a0e4ed66a620
assets/chisel/textures/block/ctm/slant/yellow_concrete/2.png	245	c1ebcdff81e89ee9f2871c1739762ed4826f6884cc99af671c4fc257b5380345
assets/chisel/textures/block/ctm/slant/yellow_concrete/3.png	242	9b6375cf74dadab553b3a0af2735b1918e4c43de0d1afa550fb6a0e4ed66a620
assets/chisel/textures/block/ctm/smooth/acacia_planks/0.png	629	1671c4b0fafa4baab9fd30cdf91a6ec0c1862b9779d2a76fe768fa065f2a1c75
assets/chisel/textures/block/ctm/smooth/acacia_planks/1.png	474	e76b03e70850b4001febb49507f1deed41528f14fab315f7e85105ff126a28a0
assets/chisel/textures/block/ctm/smooth/acacia_planks/2.png	554	a36d29ad04a3c5fdcbc3fb8457040cba5909da4a1110d16244a1460079c16ec1
assets/chisel/textures/block/ctm/smooth/acacia_planks/3.png	500	05546304a6c7c8d8eb9b5bbf047ccf0e63d01fd5f010ce1b32ef9b1c3765bcb8
assets/chisel/textures/block/ctm/smooth/acacia_planks/4.png	578	e2d36fbb7954543192890caa59b3a620e4f5d3a60a8662eaf54baafc95ed4a7a
assets/chisel/textures/block/ctm/smooth/birch_planks/0.png	617	2105f320f3049e8cf232dfcb2676c5aafe74f0c693ddd7cfa719582f28f90532
assets/chisel/textures/block/ctm/smooth/birch_planks/1.png	467	6601d7500a2b0dbede839aee631e565f660673164462d374592eceef9eff31f0
assets/chisel/textures/block/ctm/smooth/birch_planks/2.png	543	9ec9876bcd6c91c8f033350a2f47bc5826218ec849d7f2e9dcebd6f1781a4719
assets/chisel/textures/block/ctm/smooth/birch_planks/3.png	493	4839052ab6d68970fd94d6928d6152b58c7c4a7deecbc89f40d0d6f3035cd8b1
assets/chisel/textures/block/ctm/smooth/birch_planks/4.png	581	cee802a0b0a00f8ce2d07e2bc647c0eaca40de4d40d4aa3e819a2fbdfd3d958e
assets/chisel/textures/block/ctm/smooth/crimson_planks/0.png	604	17dacb3a154ab4c6e63616b25414c4260fc36f0ca5d5a59a190729cefc85e368
assets/chisel/textures/block/ctm/smooth/crimson_planks/1.png	450	6fd5ecb5cf00c1f5b0ccca5ec6c95f01cf6841359fc46bb1838ce17f552ce6a1
assets/chisel/textures/block/ctm/smooth/crimson_planks/2.png	527	925da4c7ebbf8ed2982a99b77517d34ee816981de8b94e998a114936a6da537c
assets/chisel/textures/block/ctm/smooth/crimson_planks/3.png	459	22e01d8db339fbfee860e9df6d6ad78603af14ed25920d2583d6e21565a9744a
assets/chisel/textures/block/ctm/smooth/crimson_planks/4.png	568	6d19cccd87c576785c9f8c79c9d7045583c2ffafffed368560a2afeea50eb5fc
assets/chisel/textures/block/ctm/smooth/dark_oak_planks/0.png	561	4b01636ece2224312d13e2fe855a648e1137c66b27f82107b86ba15a9aa2a2a5
assets/chisel/textures/block/ctm/smooth/dark_oak_planks/1.png	412	57afa81bc854cead0b6222e7e88b0272337b7e5a6d79ee778b989a1ee2187303
assets/chisel/textures/block/ctm/smooth/dark_oak_planks/2.png	482	a669fc5983ab296c4ddb0850aba9b7e7f94a15960076189fecbcff9b70c40990
assets/chisel/textures/block/ctm/smooth/dark_oak_planks/3.png	436	b14c58d6e64212523266a5da1dc6598d3e565895227547c9aab9d71e3469304e
assets/chisel/textures/block/ctm/smooth/dark_oak_planks/4.png	511	114c9a8bc0db22eb66d6aa6e0e6ebad782bc9402be4d2906cb38d00ebd129396
assets/chisel/textures/block/ctm/smooth/jungle_planks/0.png	643	cd61500c9e7a2ef93f40443da526e04b4318c8d0cdf8e727ce5ed5c5cad88d45
assets/chisel/textures/block/ctm/smooth/jungle_planks/1.png	481	737f30619037983fab82e5d3c82723fc8fffce20290dd8cdd8ca1c618fa457e9
assets/chisel/textures/block/ctm/smooth/jungle_planks/2.png	571	1a69941dcf08520349e678c9b70ec67dcd20de8235045aaed99eee4cfb7e0274
assets/chisel/textures/block/ctm/smooth/jungle_planks/3.png	495	619904e7b49c76ce4940f2204c8eb21f88964bd2f6b89434dfdb69e94076b11e
assets/chisel/textures/block/ctm/smooth/jungle_planks/4.png	612	52b6172fc8ea443641df2346e852eae4360bde225da265f170ef4d61d7adec4b
assets/chisel/textures/block/ctm/smooth/oak_planks/0.png	629	66e7b5d709b299264533c93535fd257f352ffe921409ed8f9f13c97916683567
assets/chisel/textures/block/ctm/smooth/oak_planks/1.png	478	2afeadab2d6916e5c454e9be3446f383484e2bbfad4520214375410432cb68c9
assets/chisel/textures/block/ctm/smooth/oak_planks/2.png	576	3f61be2f5fbcaa4b1e5467fefbd14c986fe6f5f20d539344eb64e2fb0f3f06c9
assets/chisel/textures/block/ctm/smooth/oak_planks/3.png	489	58baacba51b1a68ad78d72241596655078ceb700eeb93ce69f61749b1e0ff6bb
assets/chisel/textures/block/ctm/smooth/oak_planks/4.png	605	fbb848b8b7f5b2d1639a73a115933439cbe4eccaa86bf4d490b2f07d197f46c6
assets/chisel/textures/block/ctm/smooth/spruce_planks/0.png	607	3884f47674bed18c467f7887d4bbcb93e4cf2d72b76e4e60fa1492d60a7e3c32
assets/chisel/textures/block/ctm/smooth/spruce_planks/1.png	455	91c384f2230ec462317627621facef22ad169761345b2ef2ece66ae488122c1c
assets/chisel/textures/block/ctm/smooth/spruce_planks/2.png	543	80bea34e58c7be32212d662428b5a2d5a59262185d6cf3654335517f278e7f2b
assets/chisel/textures/block/ctm/smooth/spruce_planks/3.png	478	b17f7ead445c7398eba0d37e8ea8cf4fdae0e8ebcde24e5d564fbcee49fc6ab7
assets/chisel/textures/block/ctm/smooth/spruce_planks/4.png	577	ea528d28b76c57edb02d61bfdbe4958daeaa3a0701788ca5dd6843968b48c2f4
assets/chisel/textures/block/ctm/steelframe/glass/0.png	209	cab70cc4f4f329c60d4e5b1fa434246fca03a34e5beb439ebdfae1ba210a79e9
assets/chisel/textures/block/ctm/steelframe/glass/1.png	208	aa91f8a9422941ebe9f9b7138644d872ebef85678c62fe226064647bd6e2837a
assets/chisel/textures/block/ctm/steelframe/glass/2.png	205	def5bed53c7c2432ae3f22ee0ab36548926f74d65cb1aa1626a136ff9e4ecb8a
assets/chisel/textures/block/ctm/steelframe/glass/3.png	214	87dc81b77735fac5193a9d54a5e2f5afb8b271f22ae2e457b2fd8fbe0fbdbaf9
assets/chisel/textures/block/ctm/steelframe/glass/4.png	194	4e1fd9d58d6c2e8b02b12f6b8e06d11befc0dcb70161c9d798d84224c1cdb05c
assets/chisel/textures/block/ctm/stone/glass/0.png	433	edc4581d29c7c77f097283c0760a60a830d658e7588b59fe788bc59d2903db1c
assets/chisel/textures/block/ctm/stone/glass/1.png	388	1a1d25b71b6e81618f99904a6c813c987df22110e12f8f2b3add7ff8f3389fe2
assets/chisel/textures/block/ctm/stone/glass/2.png	429	9ae2aace1463c7f08674da0f4840f900276fabc189dc4473741ccf07fba49520
assets/chisel/textures/block/ctm/stone/glass/3.png	403	1a0f5332b0ff3665d94e9f2b267edcb42a38f56ed3c9ae4f02e91621ee75f5e7
assets/chisel/textures/block/ctm/stone/glass/4.png	373	db5939debde1728860764d3c141c94054901138d3cff74f761143a55404d397f
assets/chisel/textures/block/ctm/sunken/deepslate/0.png	220	bb34dabf8f30ccda8638032033f4a57f1cf89f9023724b27f2a5e7d8ee6f5109
assets/chisel/textures/block/ctm/sunken/deepslate/1.png	151	6cd70399ee53dc9545ba9946ae39e079cebc7a592b6f1278c65a767868036b58
assets/chisel/textures/block/ctm/sunken/deepslate/2.png	157	d7ca897298e1f912196130f45cfaa75b583c330159ea044dcbbdd0806d5fee20
assets/chisel/textures/block/ctm/sunken/deepslate/3.png	154	570e1af089af34f4854df57a09f38c6079dfc5819a9587e3cbcf8992a0a3a1ac
assets/chisel/textures/block/ctm/sunken/deepslate/4.png	162	f83bdde07ed387cf56c6194912ce395080a77076d485541d42496147b46947e4
assets/chisel/textures/block/ctm/sunken/stone/0.png	294	0c77d4902273d51418368c180e24a459c0d7e57d899d406f52cd3a76359b6309
assets/chisel/textures/block/ctm/sunken/stone/1.png	255	ce261f994eb5e5a68c2dc100144914ca46ad4fe5e375cb5c880951f126b8ce4c
assets/chisel/textures/block/ctm/sunken/stone/2.png	280	b6c663681c4485cf062c44deeb4e72eb40fa73f5ff2da370d92ac5632f7dbdce
assets/chisel/textures/block/ctm/sunken/stone/3.png	282	3c8d63d413548c8b1c7ee04f4387c5449d6c1fe139426dd5eff4d6dc4b9d7009
assets/chisel/textures/block/ctm/sunken/stone/4.png	274	420ffc42178017930a531bcaa4222ca94f8b567851c5ab3e8d7b667670bce8c0
assets/chisel/textures/block/ctm/weaver/andesite/0.png	337	e4b579749b53ddca69644ad12b7807320fe716168c23ec036b9581b5ece1a397
assets/chisel/textures/block/ctm/weaver/andesite/1.png	351	1d1354c55d42662df2cc5a9d5454112142e5ad056a6a1034b2e3174bb1d308b4
assets/chisel/textures/block/ctm/weaver/andesite/2.png	351	160ad0b7aa6d9ff17e8f7f6136537ef2d8e315fc35cea731617ce31c662419f9
assets/chisel/textures/block/ctm/weaver/andesite/3.png	350	e563d8f003676f9907216734deec4d536e4bbecfa9c567f86fe7c48a91334063
assets/chisel/textures/block/ctm/weaver/andesite/4.png	351	1d1354c55d42662df2cc5a9d5454112142e5ad056a6a1034b2e3174bb1d308b4
assets/chisel/textures/block/ctm/weaver/black_concrete/0.png	191	5f3e13926acad241701cb37f70edfbfc07326688bb557177b5b1cf4e3232da84
assets/chisel/textures/block/ctm/weaver/black_concrete/1.png	209	d0214aed8687fcf36a46369e4f6f60201df216349bf83dc32b2bea12ce1efcd5
assets/chisel/textures/block/ctm/weaver/black_concrete/2.png	209	1ab19efcc8cb1cd2df844c5a480cb0fc9f6f41ebfd2dc9f10580390b670becce
assets/chisel/textures/block/ctm/weaver/black_concrete/3.png	207	baf307e1a2ea23aaeb39dd93dfec0b1621c975346f590e9d47a625aee8894218
assets/chisel/textures/block/ctm/weaver/black_concrete/4.png	209	d0214aed8687fcf36a46369e4f6f60201df216349bf83dc32b2bea12ce1efcd5
assets/chisel/textures/block/ctm/weaver/blue_concrete/0.png	248	467b4661e356fc172fc9c811f528d092b24e429a5dd2d77f4e7af64d1c7c78c0
assets/chisel/textures/block/ctm/weaver/blue_concrete/1.png	253	eea04d15e572b82b9be656d4ce7d19dc26e50ab51de5a122759a34c081e4f3d1
assets/chisel/textures/block/ctm/weaver/blue_concrete/2.png	258	17e646cca3fd88e2eb6416542c85bd13fa6c16f52762ca30b0b4e29529d5782f
assets/chisel/textures/block/ctm/weaver/blue_concrete/3.png	253	098eefe931f9d4e0e50b608bbfac9c70d0a9e9b384aec48e3694ebba33f6bfdc
assets/chisel/textures/block/ctm/weaver/blue_concrete/4.png	253	eea04d15e572b82b9be656d4ce7d19dc26e50ab51de5a122759a34c081e4f3d1
assets/chisel/textures/block/ctm/weaver/bricks/0.png	277	0975d23d7a4fa0ae2e9f9d07cb5830579aca47eb984cff0f9ff5ebd4a2f09bde
assets/chisel/textures/block/ctm/weaver/bricks/1.png	284	70fcd883b157f57cb8b5255742e6faaab2c69a70fdccd92d0e5601f37b17cc20
assets/chisel/textures/block/ctm/weaver/bricks/2.png	287	9e0e07ab8a2a74ec1ad2bcb8128277c8518020d9ea716a79aaed105b6242ae98
assets/chisel/textures/block/ctm/weaver/bricks/3.png	289	5603e6b66f568554eec84af0ed4219730d7f2c36aba1e03dffecdfbb70387678
assets/chisel/textures/block/ctm/weaver/bricks/4.png	285	b3caa8bd2087f1fc7ec50bd7d359e2d81ac7943c23247fa903f239c8fa00826c
assets/chisel/textures/block/ctm/weaver/brown_concrete/0.png	236	b265cba66a74f3fba5f0ebf435bc7fc0515521f8c157c5ddf9b90c184c3ffb5d
assets/chisel/textures/block/ctm/weaver/brown_concrete/1.png	244	b8265b7436938f1c63670f74be009c8e8e72e0cd9e8e71c324bca98155b02ab9
assets/chisel/textures/block/ctm/weaver/brown_concrete/2.png	250	5f45bfb44583e4f3c25ec6de36987a0264e61b57b12dd45b117d0957a0d98552
assets/chisel/textures/block/ctm/weaver/brown_concrete/3.png	241	caeab7ae05762c13b486a2a8702b6b6e0b5c510963e92914f95288057c043d98
assets/chisel/textures/block/ctm/weaver/brown_concrete/4.png	244	b8265b7436938f1c63670f74be009c8e8e72e0cd9e8e71c324bca98155b02ab9
assets/chisel/textures/block/ctm/weaver/coal_block/0.png	215	4d87f5b404b2375fc08280d85d773e9b64f41223c2014500a993a748f7db15bb
assets/chisel/textures/block/ctm/weaver/coal_block/1.png	216	22b5d27875fe4c20b5fc4a0006c44c33b9cfe665bb47ba715aa01dc0021c7f97
assets/chisel/textures/block/ctm/weaver/coal_block/2.png	217	11a8ffa0009aeb9beb9d1c94db7a846e2b0e76faa09a0b44d8a932d2e9a87914
assets/chisel/textures/block/ctm/weaver/coal_block/3.png	213	8e3ef8d6304580c04b515cc1f0666f5343e93594de65485fd1b7e4dd2898d4fe
assets/chisel/textures/block/ctm/weaver/coal_block/4.png	215	44e6d81429ca63df21eec5ccd8ab64ae470c0853f6367a5890e5690e4272c03e
assets/chisel/textures/block/ctm/weaver/cobblestone/0.png	258	17e7a3527fcb385858f1e2c1890c3fe92312c188af64f91076a4758783a22793
assets/chisel/textures/block/ctm/weaver/cobblestone/1.png	258	20d9fa3a2cec88362584a50c09358e88cad2956e75eae49277fe865f7b612b89
assets/chisel/textures/block/ctm/weaver/cobblestone/2.png	258	bf186a059ebe4187f710785d634af947bb6597e3af4f7b224b734ebdd9d13a4c
assets/chisel/textures/block/ctm/weaver/cobblestone/3.png	258	21671e586736488a46ba3ab9b4f56a74ff07865e69ca60d76777a9a873c69a2e
assets/chisel/textures/block/ctm/weaver/cobblestone/4.png	258	4a3e246d4be5824ca607ff76f9554417f9e4335918c62f6b4f45fffbf2127cd6
assets/chisel/textures/block/ctm/weaver/cyan_concrete/0.png	259	36e65108bc3992213bd5ff092807525bd93dbfbe057cbd54fd3f4924d507e34d
assets/chisel/textures/block/ctm/weaver/cyan_concrete/1.png	263	1ea3f72bb831e165dd073505e8b27f043a9654830e1f987ffc1b5f25a2300cc3
assets/chisel/textures/block/ctm/weaver/cyan_concrete/2.png	267	e15726fd7471cc6bf54a360c11f31f257c594ba7fb34615a8db2940821fbe4ad
assets/chisel/textures/block/ctm/weaver/cyan_concrete/3.png	259	10fa921c82dc5b22d2acfa7f775ba90ae1314b86978ba49efb6db105caf0bd0c
assets/chisel/textures/block/ctm/weaver/cyan_concrete/4.png	263	1ea3f72bb831e165dd073505e8b27f043a9654830e1f987ffc1b5f25a2300cc3
assets/chisel/textures/block/ctm/weaver/deepslate/0.png	229	4973a50c5564ba1e885f0eaf66523c4eb4b223c51ab211de3db3d508458e25b0
assets/chisel/textures/block/ctm/weaver/deepslate/1.png	200	18cb725ba7dbac3aab302d45856fdb52eccaa50828be13f3c56cb190afb935e6
assets/chisel/textures/block/ctm/weaver/deepslate/2.png	199	e595cf34b4f21af0c7dc0d7d73716856e46a593b8cfd60e6f984c754b345ce14
assets/chisel/textures/block/ctm/weaver/deepslate/3.png	195	30a58862ca87ff704354b27fce73109960e2e316ccc0946aefe791928b6b4bc6
assets/chisel/textures/block/ctm/weaver/deepslate/4.png	200	18cb725ba7dbac3aab302d45856fdb52eccaa50828be13f3c56cb190afb935e6
assets/chisel/textures/block/ctm/weaver/diorite/0.png	272	db04c7abf4735426f802b8917e3b7dd7bfdea277df440fc1a4d3c694f8f031f9
assets/chisel/textures/block/ctm/weaver/diorite/1.png	272	1b7370d65692237e95b802f45f6d3092fe4eaef57083f861efa9a15d0a4c9b1b
assets/chisel/textures/block/ctm/weaver/diorite/2.png	272	d017f2029798ef3da8c24e8e8200975750b1ef990095a3b0920a2bd5071beeba
assets/chisel/textures/block/ctm/weaver/diorite/3.png	272	978b0bf1a80aaf4e9caeba6132cc2a09e4e5083fef5e712d4ddf116678839130
assets/chisel/textures/block/ctm/weaver/diorite/4.png	272	834a210741beec0dbecded4732cca9baad4dc656d8e310b293a9356e4b0a3e3d
assets/chisel/textures/block/ctm/weaver/end_stone/0.png	266	42dc7104f976d4ccfb69d1ddf3c173a6016a410f353ad991489dfea55f42b8a2
assets/chisel/textures/block/ctm/weaver/end_stone/1.png	262	441cce57e1d91f9bb9cfad4ad6f22e5903c6332b04366cf77f6a2b329bd61a7d
assets/chisel/textures/block/ctm/weaver/end_stone/2.png	265	9d8b279dee9ee39d616690b9a3bd5cc9dcb0a9faf71c1c041d62d1ae83937fad
assets/chisel/textures/block/ctm/weaver/end_stone/3.png	260	fd16c51706b6e52902119e8d13da14ffa540ffe5f76f9e4140e33f647e5c55c3
assets/chisel/textures/block/ctm/weaver/end_stone/4.png	264	3c4ac056439b685a34eabb99623d4707c6e8e4a25fbf1975d61467de4600f6f9
assets/chisel/textures/block/ctm/weaver/granite/0.png	310	d0f59a417c4652b57a173f53122b36d26018863309e138aae003e312fd03af7f
assets/chisel/textures/block/ctm/weaver/granite/1.png	318	e510c0a684dd016dd5e293ab59c4e96cadf76e1873ec8fb4425173c7bdaea8c0
assets/chisel/textures/block/ctm/weaver/granite/2.png	317	2b5513395f354b7bbbae3eeedbdab99d46b80353443d0f106b6fa70410eeacca
assets/chisel/textures/block/ctm/weaver/granite/3.png	321	582eff6c4d2f96e10f2e3366ee7e2f69441d37a59efb73457a58dd81fcb9e3ae
assets/chisel/textures/block/ctm/weaver/granite/4.png	318	e510c0a684dd016dd5e293ab59c4e96cadf76e1873ec8fb4425173c7bdaea8c0
assets/chisel/textures/block/ctm/weaver/gray_concrete/0.png	225	7a7891ed5e1a235f9a666d3b783a31bbe18d02f78f06c33467e599710f4f96b0
assets/chisel/textures/block/ctm/weaver/gray_concrete/1.png	234	f18e1f7f97e4b923dbac7f18ac503ba048d6cf0063a5da5cbff48eaa68b33672
assets/chisel/textures/block/ctm/weaver/gray_concrete/2.png	236	066980d070c8f196c2009c6f8a35a8d122ef2995748b2d0b65a674145fadcd8e
assets/chisel/textures/block/ctm/weaver/gray_concrete/3.png	234	9c59e5de15d8c8b2574f21c615f5c5290a3a81b6b61282733df854605480a18f
assets/chisel/textures/block/ctm/weaver/gray_concrete/4.png	234	f18e1f7f97e4b923dbac7f18ac503ba048d6cf0063a5da5cbff48eaa68b33672
assets/chisel/textures/block/ctm/weaver/green_concrete/0.png	230	6548513ac89cf88d6d24eee79909368e2a22b213bf0f1a2af7f933caa8e53a4d
assets/chisel/textures/block/ctm/weaver/green_concrete/1.png	252	64299d7a0bf0a41ab02057a051051169cabfa164ff3fbf8e081945929fcc6c06
assets/chisel/textures/block/ctm/weaver/green_concrete/2.png	256	f2364ddbed62a2fcf8f1aea86dec508ff49e89d8b68b96eb9eb187f5b6a20444
assets/chisel/textures/block/ctm/weaver/green_concrete/3.png	249	cc92e39c16e4c5af68f4449e524555a55ca83b742b5eb2e4e6d56ddb5272d858
assets/chisel/textures/block/ctm/weaver/green_concrete/4.png	252	64299d7a0bf0a41ab02057a051051169cabfa164ff3fbf8e081945929fcc6c06
assets/chisel/textures/block/ctm/weaver/ice/0.png	311	e8ca29505de8e67a3fda2df45f4ce7d8538da04d06d55cf709ed124fe1b1f5fe
assets/chisel/textures/block/ctm/weaver/ice/1.png	335	03953d0320915931c3a1edcf077542be3adc9d18dd5b56e4f702f81dd8e0f1e9
assets/chisel/textures/block/ctm/weaver/ice/2.png	336	1d645882cb505715bd0ea3a9e6eb43bdc733c22370488f02121478e564810db2
assets/chisel/textures/block/ctm/weaver/ice/3.png	341	a8443cd478932670e23bfe3682ce20e4bd2275be5601c71820d3105f724bf906
assets/chisel/textures/block/ctm/weaver/ice/4.png	335	03953d0320915931c3a1edcf077542be3adc9d18dd5b56e4f702f81dd8e0f1e9
assets/chisel/textures/block/ctm/weaver/light_blue_concrete/0.png	228	390f0a1d9e5c427568fee53b69e7b2b83a7c4db66f5b1ddcee205c6f4f3c2c8f
assets/chisel/textures/block/ctm/weaver/light_blue_concrete/1.png	237	42651497e8cd21876253a69221094ccc079b412d97b9108c5aa561882c74e1fc
assets/chisel/textures/block/ctm/weaver/light_blue_concrete/2.png	237	b210b4fc66779e714c03adb7da4b22bb4786f0a95ac25e658e6e4001aabc8368
assets/chisel/textures/block/ctm/weaver/light_blue_concrete/3.png	236	7b0f00ad18f77ac9decc406c0cc4cfa0d9cd7c660f34d8689402aabf27834367
assets/chisel/textures/block/ctm/weaver/light_blue_concrete/4.png	237	42651497e8cd21876253a69221094ccc079b412d97b9108c5aa561882c74e1fc
assets/chisel/textures/block/ctm/weaver/light_gray_concrete/0.png	245	8b4c028fe9f2a4f1ecff479b1f5e3bc0ed8fa799f633059d288444573eb79610
assets/chisel/textures/block/ctm/weaver/light_gray_concrete/1.png	260	00f849f0f4c456ac6d587a32cc0d965b6307e956c4020eda9521eceaf2e63a80
assets/chisel/textures/block/ctm/weaver/light_gray_concrete/2.png	260	da124a6cb3527ece5ee5782b5f0e6728f44f9fff73fe49292f5e29aacd5e05db
assets/chisel/textures/block/ctm/weaver/light_gray_concrete/3.png	256	8bc620a0cac30a741d44d6248ee4dd51d2451741ca9ba9603f75317de94a6d2e
assets/chisel/textures/block/ctm/weaver/light_gray_concrete/4.png	260	00f849f0f4c456ac6d587a32cc0d965b6307e956c4020eda9521eceaf2e63a80
assets/chisel/textures/block/ctm/weaver/lime_concrete/0.png	247	fa127e00e3eaf1753a860546e7737130daf6e1a2c199dfd6e116033fd5c42926
assets/chisel/textures/block/ctm/weaver/lime_concrete/1.png	259	ebd8e181dca59ebdc2a7703773a0302b777b849dde6231bd78e60d313af03cb9
assets/chisel/textures/block/ctm/weaver/lime_concrete/2.png	262	fd9262cb4be18716533ce59c962160adcf9bb2429923bb0423b993c5083700b2
assets/chisel/textures/block/ctm/weaver/lime_concrete/3.png	259	4169ea9b5c91a1d6343592ee0600e409a5da9a4a18ef5c26252e577b77b8b714
assets/chisel/textures/block/ctm/weaver/lime_concrete/4.png	259	ebd8e181dca59ebdc2a7703773a0302b777b849dde6231bd78e60d313af03cb9
assets/chisel/textures/block/ctm/weaver/magenta_concrete/0.png	237	5d63e3329ccbef2c4c16e715dd076a1d1541a4f48038b71978ec0e6c8c96ec1f
assets/chisel/textures/block/ctm/weaver/magenta_concrete/1.png	248	c6a31c51058d6b57e2f3a8e72b5f994d5a66efd41f9348fd51665733ba3cebc8
assets/chisel/textures/block/ctm/weaver/magenta_concrete/2.png	253	276b3af7fbc6196d94d77a52f2176c8d235e74cda97392af16b3481ca0cfbcbb
assets/chisel/textures/block/ctm/weaver/magenta_concrete/3.png	247	e90185bbeb3211a28ce636d1150cff276d1dcd407bdfac8575cd35beb30c1790
assets/chisel/textures/block/ctm/weaver/magenta_concrete/4.png	248	c6a31c51058d6b57e2f3a8e72b5f994d5a66efd41f9348fd51665733ba3cebc8
assets/chisel/textures/block/ctm/weaver/orange_concrete/0.png	232	c4a2be89a4ff1cdb1921361e90425ec617b5128525ba7fb842868f9fefcafaf6
assets/chisel/textures/block/ctm/weaver/orange_concrete/1.png	239	1e84d9c5858d800c54564c240814db312ae820ac107bde082eed26226d8b91f3
assets/chisel/textures/block/ctm/weaver/orange_concrete/2.png	239	7c549c81fe08e64fd7e72dacf51fcc95fa81ea98315494fdf7da6943ace4305b
assets/chisel/textures/block/ctm/weaver/orange_concrete/3.png	239	8f984aa6bd9337e7f0e73b98b0079eec9ea5beacce2053d0060e6f56666e386c
assets/chisel/textures/block/ctm/weaver/orange_concrete/4.png	239	1e84d9c5858d800c54564c240814db312ae820ac107bde082eed26226d8b91f3
assets/chisel/textures/block/ctm/weaver/pink_concrete/0.png	253	93d08c9e1301e169512397cb269058c2690007f097a2fcd8700aa0640b346a2a
assets/chisel/textures/block/ctm/weaver/pink_concrete/1.png	269	e1f2da031c5814c5f07a287528f91a0e9501856d46bd9d31d45cdbcb0e5c6589
assets/chisel/textures/block/ctm/weaver/pink_concrete/2.png	272	f8e297129f071d3fb5e4a29e41804e603bae92ff8dba0d69f30e3df9ca9c36e0
assets/chisel/textures/block/ctm/weaver/pink_concrete/3.png	265	cfe1c3bb949204afae5de8542bcf20f37f103ecefbda1b8f3eff4281edbaf5fc
assets/chisel/textures/block/ctm/weaver/pink_concrete/4.png	269	e1f2da031c5814c5f07a287528f91a0e9501856d46bd9d31d45cdbcb0e5c6589
assets/chisel/textures/block/ctm/weaver/prismarine/0.png	403	b845f3ef42ec985247600049bc5d500952fd20b9cbec071e9bc833ee2bed31e5
assets/chisel/textures/block/ctm/weaver/prismarine/1.png	378	c1636d8d882d8ead6eae52439b45a810c48b0692c01ee83029799e672583b9b3
assets/chisel/textures/block/ctm/weaver/prismarine/2.png	380	cea7206e051b3e1c0305a807dada60ecc98eebc0d64caccc02714b280930ea6b
assets/chisel/textures/block/ctm/weaver/prismarine/3.png	377	9e657fae0213a3c529742d37dc2bac5619c6b89c2c5d697e25d4adc064305523
assets/chisel/textures/block/ctm/weaver/prismarine/4.png	380	2a207febad34d9c463963c95efcd5aa47e322f3d5238ab671662be50069747bd
assets/chisel/textures/block/ctm/weaver/purple_concrete/0.png	222	0727f2a0837e499c7424c9fcb762c7fff74ec4a2196891d75ae06bfb22736abe
assets/chisel/textures/block/ctm/weaver/purple_concrete/1.png	231	517972ee822ad61606ae83e257bd67144b2bcfa1815b0be5419e46135c06c359
assets/chisel/textures/block/ctm/weaver/purple_concrete/2.png	235	bf0f39a9cb6a0f707b7e9a75c3f2d4ceb6e8d01ca87bc3a366229523c03ac524
assets/chisel/textures/block/ctm/weaver/purple_concrete/3.png	232	2962b871f631c3974989b0ac5853052ff9661d6cb422a112edaa674ba96685e2
assets/chisel/textures/block/ctm/weaver/purple_concrete/4.png	231	517972ee822ad61606ae83e257bd67144b2bcfa1815b0be5419e46135c06c359
assets/chisel/textures/block/ctm/weaver/purpur/0.png	248	62a4cfca22c7eede58d5e6ae2a572b03b168b86855e327d4f4139e7ef74c53e5
assets/chisel/textures/block/ctm/weaver/purpur/1.png	264	e243c478b5bbf203f374574e807baafcc71adb6c825ef7de1fec96c2efaaede3
assets/chisel/textures/block/ctm/weaver/purpur/2.png	265	f1d809e54f41b66b75c03b9bc755e94ee33e0b976c48a24fbfbcf2b3c47e1b89
assets/chisel/textures/block/ctm/weaver/purpur/3.png	265	f37ed4c0940e97b0447b27fb016f08fdb5b6e1a93308b63cb8a4efad87fe7550
assets/chisel/textures/block/ctm/weaver/purpur/4.png	264	e243c478b5bbf203f374574e807baafcc71adb6c825ef7de1fec96c2efaaede3
assets/chisel/textures/block/ctm/weaver/quartz/0.png	219	5f9ca712e78932c8f13f6933e11ddbfdae391f3d6881f9deaa2543380630bfef
assets/chisel/textures/block/ctm/weaver/quartz/1.png	242	3cb5ba8a7bdf523b460cc3836afe22ee80d9374024353c637f2ed50750682b50
assets/chisel/textures/block/ctm/weaver/quartz/2.png	236	fce9a57845ad2c9c6c65a136ee9bee340e28cd28f5cdd60f45fb74e010eb7ea9
assets/chisel/textures/block/ctm/weaver/quartz/3.png	231	b4b32bfcd6dbbb73d9846fd9d676df2797d8070b8803215e723b0cf3a96152c6
assets/chisel/textures/block/ctm/weaver/quartz/4.png	242	3cb5ba8a7bdf523b460cc3836afe22ee80d9374024353c637f2ed50750682b50
assets/chisel/textures/block/ctm/weaver/red_concrete/0.png	230	2fac52931b6b69308d92ca21e3c6cbd0c2e8694392c9acbca7941ad327dd3e02
assets/chisel/textures/block/ctm/weaver/red_concrete/1.png	242	07ad284fb2c69a1b72f686387f5e1832320dc7d9fa9d5cd621d341cfa55452eb
assets/chisel/textures/block/ctm/weaver/red_concrete/2.png	248	e2aeba6c1658007578fffef21da51945bec30159d864f74f917884f6ec733462
assets/chisel/textures/block/ctm/weaver/red_concrete/3.png	245	031c0ae85d72e9486b9425a040261b1ed97c13b37f7c1daaff373dc1b58d6677
assets/chisel/textures/block/ctm/weaver/red_concrete/4.png	242	07ad284fb2c69a1b72f686387f5e1832320dc7d9fa9d5cd621d341cfa55452eb
assets/chisel/textures/block/ctm/weaver/red_sandstone/0.png	286	3a8798b6692b2c7d5512594229ed37b72249efb3be3f06b7ce4a52111d911a67
assets/chisel/textures/block/ctm/weaver/red_sandstone/1.png	294	6d651bd5d7fdaf5a5f83ed48f99b9900bbf3fe708ba6100c638a09c27a31deff
assets/chisel/textures/block/ctm/weaver/red_sandstone/2.png	295	e5c2098a40a37f683d576e83f9ef47a40f32062bc4e9950db76fec33694fe27f
assets/chisel/textures/block/ctm/weaver/red_sandstone/3.png	295	95117d83f49743794c48a71347e606e69931bc0a27d231388e99e1df7239949d
assets/chisel/textures/block/ctm/weaver/red_sandstone/4.png	295	db68e7f516b14eb440d49fd076558825a75284fed84d421698dcdf5c740d4e51
assets/chisel/textures/block/ctm/weaver/sandstone/0.png	293	f883c1afe019d7d83f0ad68ef6a7a975c5df933d263a3f200d7590d0c36d7ca0
assets/chisel/textures/block/ctm/weaver/sandstone/1.png	300	001d30e98bf5ebb5bcca4c638835c6f74b73f15b30c8f3e47235061923218ebc
assets/chisel/textures/block/ctm/weaver/sandstone/2.png	299	4c10d8647eebb2a4e8214e491f2556209d85e96b40ec9eaff7925aa410f3b411
assets/chisel/textures/block/ctm/weaver/sandstone/3.png	296	c55e51dbc99287066609d3ccff480e316c93b138a89a5478f52471ab9ef8c1b9
assets/chisel/textures/block/ctm/weaver/sandstone/4.png	300	001d30e98bf5ebb5bcca4c638835c6f74b73f15b30c8f3e47235061923218ebc
assets/chisel/textures/block/ctm/weaver/stone/0.png	269	58a6e16e79a9d366062cf60b9ce7e03627529dbbd2c9a15297769a745ea26a53
assets/chisel/textures/block/ctm/weaver/stone/1.png	269	44b1b90458f658f17f2fedb8da31c96301d75964968df357bd32fc4a55b757e3
assets/chisel/textures/block/ctm/weaver/stone/2.png	269	a6301bea48413418d5d83a046ec2ccff929d552123407cbe6d3c81593eafe185
assets/chisel/textures/block/ctm/weaver/stone/3.png	269	7a6ac2a161442d2dc87907c0da6b51d11ee01669b92bf9fb12ac6b42a7669969
assets/chisel/textures/block/ctm/weaver/stone/4.png	269	6b75ce10170c166182b4a03047e93811170e46661fee240a644324edeb992f2b
assets/chisel/textures/block/ctm/weaver/white_concrete/0.png	258	25e95778fa914d7bea508cec158b5dd5183b1f4a07b0501e7c6980a277da3e4c
assets/chisel/textures/block/ctm/weaver/white_concrete/1.png	272	a4e12e1239f16f3cfee3f9256b694f37a7e48f7fb942da4b45e00b316d4c5c76
assets/chisel/textures/block/ctm/weaver/white_concrete/2.png	272	3235f1eea050826a4a08506066db16f5f43301aac3dc743dcc41c2d2646aa2aa
assets/chisel/textures/block/ctm/weaver/white_concrete/3.png	270	4489fa45fe838443eaf4134f6f4148cc1d387bcac90eb1b56364e1021fd7a219
assets/chisel/textures/block/ctm/weaver/white_concrete/4.png	272	a4e12e1239f16f3cfee3f9256b694f37a7e48f7fb942da4b45e00b316d4c5c76
assets/chisel/textures/block/ctm/weaver/yellow_concrete/0.png	241	ba9427863eda647badd929a69f019b3fd587a98b50eb7e6ed044ac9441cdc078
assets/chisel/textures/block/ctm/weaver/yellow_concrete/1.png	263	734ebf5d1653aea5c90b07d2bd6eb6dbdfb02fc3c63e36dd514b085942788f92
assets/chisel/textures/block/ctm/weaver/yellow_concrete/2.png	261	05c0540816fd3bbc2fbaf2d906bcd500fad7e2811fbfaa3d97b6bb59b1e231a1
assets/chisel/textures/block/ctm/weaver/yellow_concrete/3.png	258	29dfa11697b13114e6eb32b620a6ebca91bc7467a31acd691e0e4ae3dd135406
assets/chisel/textures/block/ctm/weaver/yellow_concrete/4.png	263	734ebf5d1653aea5c90b07d2bd6eb6dbdfb02fc3c63e36dd514b085942788f92
assets/chisel/textures/block/ctm/zag/andesite/0.png	333	97d2c3655585156a5624cf762dc0782a940e0af318f4cc31b570771f4ce752a9
assets/chisel/textures/block/ctm/zag/andesite/1.png	336	819c245315af9c98a7d9abe18c07cccee1bbc489cd00f573fe67d53460e2be66
assets/chisel/textures/block/ctm/zag/andesite/2.png	336	819c245315af9c98a7d9abe18c07cccee1bbc489cd00f573fe67d53460e2be66
assets/chisel/textures/block/ctm/zag/andesite/3.png	333	97d2c3655585156a5624cf762dc0782a940e0af318f4cc31b570771f4ce752a9
assets/chisel/textures/block/ctm/zag/black_concrete/0.png	168	0dd9a46b53eb4f1aaae6c22aca9d80258fab454883a29a7691513ee5056576b5
assets/chisel/textures/block/ctm/zag/black_concrete/1.png	189	ed72d9c3468ead34b093e830686d484ea96d32a7935d0d71ff731d32e84a40f5
assets/chisel/textures/block/ctm/zag/black_concrete/2.png	189	ed72d9c3468ead34b093e830686d484ea96d32a7935d0d71ff731d32e84a40f5
assets/chisel/textures/block/ctm/zag/black_concrete/3.png	168	0dd9a46b53eb4f1aaae6c22aca9d80258fab454883a29a7691513ee5056576b5
assets/chisel/textures/block/ctm/zag/blue_concrete/0.png	226	1fb10a90cb4746dde49115a6513166f326e9f2bcb00d01eb854abe10e366170b
assets/chisel/textures/block/ctm/zag/blue_concrete/1.png	230	934c2ab1e8046c2a401d0fc0ebc7d1b3272be35caa2f43a983390ae85c6c4603
assets/chisel/textures/block/ctm/zag/blue_concrete/2.png	230	934c2ab1e8046c2a401d0fc0ebc7d1b3272be35caa2f43a983390ae85c6c4603
assets/chisel/textures/block/ctm/zag/blue_concrete/3.png	226	1fb10a90cb4746dde49115a6513166f326e9f2bcb00d01eb854abe10e366170b
assets/chisel/textures/block/ctm/zag/bricks/0.png	239	26e1e4d74bac5e0abe84817e1c35c2e22e106f32369f825466c84428fb9ba997
assets/chisel/textures/block/ctm/zag/bricks/1.png	277	eb8aa346a3a017de895ab8096847841b2904e9e969f25c3ad08719939c41f94f
assets/chisel/textures/block/ctm/zag/bricks/2.png	277	eb8aa346a3a017de895ab8096847841b2904e9e969f25c3ad08719939c41f94f
assets/chisel/textures/block/ctm/zag/bricks/3.png	239	26e1e4d74bac5e0abe84817e1c35c2e22e106f32369f825466c84428fb9ba997
assets/chisel/textures/block/ctm/zag/brown_concrete/0.png	212	afa08f110598a652885186608e0cd4ade83da616189a10914648df45a40c19ef
assets/chisel/textures/block/ctm/zag/brown_concrete/1.png	220	c9832b9cfd90b2a9ea91eabb474917e85fbd464f94281f2a65bef0a0a3eae2ec
assets/chisel/textures/block/ctm/zag/brown_concrete/2.png	220	c9832b9cfd90b2a9ea91eabb474917e85fbd464f94281f2a65bef0a0a3eae2ec
assets/chisel/textures/block/ctm/zag/brown_concrete/3.png	212	afa08f110598a652885186608e0cd4ade83da616189a10914648df45a40c19ef
assets/chisel/textures/block/ctm/zag/coal_block/0.png	213	822e9297d936641f350d94e8c26e478c3b2eea257f5d5b86eeb4be1ab5a9ea19
assets/chisel/textures/block/ctm/zag/coal_block/1.png	220	5ca551546d04de43968ae0c0b39b129e4880401bfccdb0a4fef2a4aaa31eec21
assets/chisel/textures/block/ctm/zag/coal_block/2.png	220	5ca551546d04de43968ae0c0b39b129e4880401bfccdb0a4fef2a4aaa31eec21
assets/chisel/textures/block/ctm/zag/coal_block/3.png	213	822e9297d936641f350d94e8c26e478c3b2eea257f5d5b86eeb4be1ab5a9ea19
assets/chisel/textures/block/ctm/zag/cobblestone/0.png	237	37ed941c5bc2b27a0cc9e995cc5878ad46b3385e9f43ec3004ffcb0c1473778c
assets/chisel/textures/block/ctm/zag/cobblestone/1.png	234	0a4ce1478bb4009bba43c682c64016f5148818261bd93538d1b0ab78765dddaf
assets/chisel/textures/block/ctm/zag/cobblestone/2.png	234	0a4ce1478bb4009bba43c682c64016f5148818261bd93538d1b0ab78765dddaf
assets/chisel/textures/block/ctm/zag/cobblestone/3.png	237	37ed941c5bc2b27a0cc9e995cc5878ad46b3385e9f43ec3004ffcb0c1473778c
assets/chisel/textures/block/ctm/zag/cyan_concrete/0.png	237	d14f749f664a42b0d67d3322cf34a8b56c54e7b2f3fd50ab0487d043c7a73b82
assets/chisel/textures/block/ctm/zag/cyan_concrete/1.png	233	c8231b2b5430ee427a44a3e77d19975da5ea14bf13a37d832886f2413e8ff016
assets/chisel/textures/block/ctm/zag/cyan_concrete/2.png	233	c8231b2b5430ee427a44a3e77d19975da5ea14bf13a37d832886f2413e8ff016
assets/chisel/textures/block/ctm/zag/cyan_concrete/3.png	237	d14f749f664a42b0d67d3322cf34a8b56c54e7b2f3fd50ab0487d043c7a73b82
assets/chisel/textures/block/ctm/zag/deepslate/0.png	182	6067fab6c73e31964cc0bd81ea7a781e8ee9450ce7290f501d0831e823ca2ad9
assets/chisel/textures/block/ctm/zag/deepslate/1.png	177	cf159f74016a2a1da40f1c42054d39abc90aa0ee6851888fdabd9f27a6e443ca
assets/chisel/textures/block/ctm/zag/deepslate/2.png	177	cf159f74016a2a1da40f1c42054d39abc90aa0ee6851888fdabd9f27a6e443ca
assets/chisel/textures/block/ctm/zag/deepslate/3.png	182	6067fab6c73e31964cc0bd81ea7a781e8ee9450ce7290f501d0831e823ca2ad9
assets/chisel/textures/block/ctm/zag/diorite/0.png	272	163a2e67703601f7b638fc9022f4ef12bc5ad2159ea53606dcd908a4f988933e
assets/chisel/textures/block/ctm/zag/diorite/1.png	272	aa4c643fbb1b62a42aff16899db7ecc6cf7afb6c895b9e9b0ac6ed01e750b27d
assets/chisel/textures/block/ctm/zag/diorite/2.png	272	aa4c643fbb1b62a42aff16899db7ecc6cf7afb6c895b9e9b0ac6ed01e750b27d
assets/chisel/textures/block/ctm/zag/diorite/3.png	272	163a2e67703601f7b638fc9022f4ef12bc5ad2159ea53606dcd908a4f988933e
assets/chisel/textures/block/ctm/zag/end_stone/0.png	272	a453ab24e8d1ea66fff35feb22fbc815c351d717df61d49a70adcbdb840a4d60
assets/chisel/textures/block/ctm/zag/end_stone/1.png	272	067df3a8073609d639c2fd4f2b13ac300602cf9db9f675e86ecf2d7267aafa49
assets/chisel/textures/block/ctm/zag/end_stone/2.png	272	067df3a8073609d639c2fd4f2b13ac300602cf9db9f675e86ecf2d7267aafa49
assets/chisel/textures/block/ctm/zag/end_stone/3.png	272	a453ab24e8d1ea66fff35feb22fbc815c351d717df61d49a70adcbdb840a4d60
assets/chisel/textures/block/ctm/zag/granite/0.png	322	bc59e66d45c3223b6784e92eaac67b32ddd4cfa2e29de3750cccd07074d8bdf2
assets/chisel/textures/block/ctm/zag/granite/1.png	321	0eb46b3f07061015d201dbbf1fd666762ec4a01824fff8d5aff09602c5c96455
assets/chisel/textures/block/ctm/zag/granite/2.png	321	0eb46b3f07061015d201dbbf1fd666762ec4a01824fff8d5aff09602c5c96455
assets/chisel/textures/block/ctm/zag/granite/3.png	322	bc59e66d45c3223b6784e92eaac67b32ddd4cfa2e29de3750cccd07074d8bdf2
assets/chisel/textures/block/ctm/zag/gray_concrete/0.png	217	f73d2350469a9500be75757cd52fe954f1d270c93bb00d4ef4080ecd26783444
assets/chisel/textures/block/ctm/zag/gray_concrete/1.png	221	04f3de74f92b8ed3ce9575494c1e85e4f38dc3c430881f78b82e46ff99b96e62
assets/chisel/textures/block/ctm/zag/gray_concrete/2.png	221	04f3de74f92b8ed3ce9575494c1e85e4f38dc3c430881f78b82e46ff99b96e62
assets/chisel/textures/block/ctm/zag/gray_concrete/3.png	217	f73d2350469a9500be75757cd52fe954f1d270c93bb00d4ef4080ecd26783444
assets/chisel/textures/block/ctm/zag/green_concrete/0.png	234	5ffeac9fc92beded22191f9b1cc0b9263630fbd42fe6f6be5d8e5c4a39c594b0
assets/chisel/textures/block/ctm/zag/green_concrete/1.png	232	fae0426bdd46f81c5f641fd431915402eed745b2275c58281e0260e310604314
assets/chisel/textures/block/ctm/zag/green_concrete/2.png	232	fae0426bdd46f81c5f641fd431915402eed745b2275c58281e0260e310604314
assets/chisel/textures/block/ctm/zag/green_concrete/3.png	234	5ffeac9fc92beded22191f9b1cc0b9263630fbd42fe6f6be5d8e5c4a39c594b0
assets/chisel/textures/block/ctm/zag/ice/0.png	266	9a7d010f1c1588eb0f126ff28ecd16b704857fba3032a26f00d82d3882871bd8
assets/chisel/textures/block/ctm/zag/ice/1.png	262	41c3023f6f7437c2b20ee36ef086f3c5d1ef27cb21a2e06b65546578fdef79a0
assets/chisel/textures/block/ctm/zag/ice/2.png	262	41c3023f6f7437c2b20ee36ef086f3c5d1ef27cb21a2e06b65546578fdef79a0
assets/chisel/textures/block/ctm/zag/ice/3.png	266	9a7d010f1c1588eb0f126ff28ecd16b704857fba3032a26f00d82d3882871bd8
assets/chisel/textures/block/ctm/zag/light_blue_concrete/0.png	234	a4f27d50f42ccd1491b3ddaab074ae6a53702e0d75bebcd119f8d0a05ba7a6f3
assets/chisel/textures/block/ctm/zag/light_blue_concrete/1.png	235	704169753b4990dfda71eaeff7cd58c196b1d60c2697dba9d2f58701af26e95a
assets/chisel/textures/block/ctm/zag/light_blue_concrete/2.png	235	704169753b4990dfda71eaeff7cd58c196b1d60c2697dba9d2f58701af26e95a
assets/chisel/textures/block/ctm/zag/light_blue_concrete/3.png	234	a4f27d50f42ccd1491b3ddaab074ae6a53702e0d75bebcd119f8d0a05ba7a6f3
assets/chisel/textures/block/ctm/zag/light_gray_concrete/0.png	221	6f946dbfaad7ae2d3fbf4cb52fb79e18d849135fedf3c03338994bce91295f19
assets/chisel/textures/block/ctm/zag/light_gray_concrete/1.png	228	505f0afbec91a5de770dd48f5b35daebea4081a51ba8846f833bbdc8b866d7b3
assets/chisel/textures/block/ctm/zag/light_gray_concrete/2.png	228	505f0afbec91a5de770dd48f5b35daebea4081a51ba8846f833bbdc8b866d7b3
assets/chisel/textures/block/ctm/zag/light_gray_concrete/3.png	221	6f946dbfaad7ae2d3fbf4cb52fb79e18d849135fedf3c03338994bce91295f19
assets/chisel/textures/block/ctm/zag/lime_concrete/0.png	241	9c59abf823cde76ae1efb62daa9141cdd12fa7d13b3dc77ece28ef1f66925fa7
assets/chisel/textures/block/ctm/zag/lime_concrete/1.png	238	5a832d211b5a47c943a74438e6803a2b03e44040a8c18226dce56822b8c5eab3
assets/chisel/textures/block/ctm/zag/lime_concrete/2.png	238	5a832d211b5a47c943a74438e6803a2b03e44040a8c18226dce56822b8c5eab3
assets/chisel/textures/block/ctm/zag/lime_concrete/3.png	241	9c59abf823cde76ae1efb62daa9141cdd12fa7d13b3dc77ece28ef1f66925fa7
assets/chisel/textures/block/ctm/zag/magenta_concrete/0.png	203	e93abfd85c0082be8d1f087df41def274026d61290248e04d3d5cc75c4434c4b
assets/chisel/textures/block/ctm/zag/magenta_concrete/1.png	212	3f479ce75ced733216315350c986a89f6a99debceddae2c721c9b864a12f990a
assets/chisel/textures/block/ctm/zag/magenta_concrete/2.png	212	3f479ce75ced733216315350c986a89f6a99debceddae2c721c9b864a12f990a
assets/chisel/textures/block/ctm/zag/magenta_concrete/3.png	203	e93abfd85c0082be8d1f087df41def274026d61290248e04d3d5cc75c4434c4b
assets/chisel/textures/block/ctm/zag/orange_concrete/0.png	231	db1cbb0d76e26476691f1609fb0187d188c79c9221b871a487026c59f35aa737
assets/chisel/textures/block/ctm/zag/orange_concrete/1.png	232	bb288cd2041c52e18b7178feceaa5d6ada5aa52366ddad8335013a3d9d637e91
assets/chisel/textures/block/ctm/zag/orange_concrete/2.png	232	bb288cd2041c52e18b7178feceaa5d6ada5aa52366ddad8335013a3d9d637e91
assets/chisel/textures/block/ctm/zag/orange_concrete/3.png	231	db1cbb0d76e26476691f1609fb0187d188c79c9221b871a487026c59f35aa737
assets/chisel/textures/block/ctm/zag/pink_concrete/0.png	238	f19552bf07c080a539b8345a35cc5e6d58170de551e1d11220ff5a8c511a0833
assets/chisel/textures/block/ctm/zag/pink_concrete/1.png	235	c7eb7996ca9a8881638d4b991642a96a54640f3b6850e6d9c55b52de9c9cd814
assets/chisel/textures/block/ctm/zag/pink_concrete/2.png	235	c7eb7996ca9a8881638d4b991642a96a54640f3b6850e6d9c55b52de9c9cd814
assets/chisel/textures/block/ctm/zag/pink_concrete/3.png	238	f19552bf07c080a539b8345a35cc5e6d58170de551e1d11220ff5a8c511a0833
assets/chisel/textures/block/ctm/zag/prismarine/0.png	357	d943f5f173899c727a8dc786af2ed9ce3d68be8838d8d86bfac078cd3c49758a
assets/chisel/textures/block/ctm/zag/prismarine/1.png	360	d2aab52a175ce1c2d336f15c4c3ce80ef9101a28ff3929c3efa189f5325099a4
assets/chisel/textures/block/ctm/zag/prismarine/2.png	360	d2aab52a175ce1c2d336f15c4c3ce80ef9101a28ff3929c3efa189f5325099a4
assets/chisel/textures/block/ctm/zag/prismarine/3.png	357	d943f5f173899c727a8dc786af2ed9ce3d68be8838d8d86bfac078cd3c49758a
assets/chisel/textures/block/ctm/zag/purple_concrete/0.png	213	48c62582a18c96d3c18d802a453b048a19e640e7da4f11f5e00689baed81fe37
assets/chisel/textures/block/ctm/zag/purple_concrete/1.png	221	9092283757f2a5201604740f77258b5b2e818c60b9efa5aae46535dce7fe89be
assets/chisel/textures/block/ctm/zag/purple_concrete/2.png	221	9092283757f2a5201604740f77258b5b2e818c60b9efa5aae46535dce7fe89be
assets/chisel/textures/block/ctm/zag/purple_concrete/3.png	213	48c62582a18c96d3c18d802a453b048a19e640e7da4f11f5e00689baed81fe37
assets/chisel/textures/block/ctm/zag/purpur/0.png	264	4bb2d1730f47d13b6de376f32e6b726787ac28fe3a30bc89b41e497bc2571ae7
assets/chisel/textures/block/ctm/zag/purpur/1.png	266	70bc0d1af474d1491fe93c3ecd0895f2a1cbba3dfa7995d5b16df8d1a5a91433
assets/chisel/textures/block/ctm/zag/purpur/2.png	266	70bc0d1af474d1491fe93c3ecd0895f2a1cbba3dfa7995d5b16df8d1a5a91433
assets/chisel/textures/block/ctm/zag/purpur/3.png	264	4bb2d1730f47d13b6de376f32e6b726787ac28fe3a30bc89b41e497bc2571ae7
assets/chisel/textures/block/ctm/zag/quartz/0.png	250	e2a11cbb4591751ea52f028bd8bd44ae8d642fc0a780e7d0bd79e2b6f7624297
assets/chisel/textures/block/ctm/zag/quartz/1.png	250	4627ec76735c1fb86ae5feab87cebb5388d0d4d9ab92a378b4ad9a44c0a8b4be
assets/chisel/textures/block/ctm/zag/quartz/2.png	250	4627ec76735c1fb86ae5feab87cebb5388d0d4d9ab92a378b4ad9a44c0a8b4be
assets/chisel/textures/block/ctm/zag/quartz/3.png	250	e2a11cbb4591751ea52f028bd8bd44ae8d642fc0a780e7d0bd79e2b6f7624297
assets/chisel/textures/block/ctm/zag/red_concrete/0.png	227	718360e2a8f730735b3ecf33c752b63fb52713a8cfd66927b985b62294546633
assets/chisel/textures/block/ctm/zag/red_concrete/1.png	228	653db3eef27a80e042cfa05a1f7731c200ef6ec4d274e1014ebf52b5d7c9e2e0
assets/chisel/textures/block/ctm/zag/red_concrete/2.png	228	653db3eef27a80e042cfa05a1f7731c200ef6ec4d274e1014ebf52b5d7c9e2e0
assets/chisel/textures/block/ctm/zag/red_concrete/3.png	227	718360e2a8f730735b3ecf33c752b63fb52713a8cfd66927b985b62294546633
assets/chisel/textures/block/ctm/zag/red_sandstone/0.png	290	6ef001c9a3605a55032ea1b17ea43c960b3c44192e68dec351b01a590e7d0ae8
assets/chisel/textures/block/ctm/zag/red_sandstone/1.png	292	769781248589e7b4963c86aae4f9cb24a07132f98b021e95544b398e88aebd0d
assets/chisel/textures/block/ctm/zag/red_sandstone/2.png	292	769781248589e7b4963c86aae4f9cb24a07132f98b021e95544b398e88aebd0d
assets/chisel/textures/block/ctm/zag/red_sandstone/3.png	290	6ef001c9a3605a55032ea1b17ea43c960b3c44192e68dec351b01a590e7d0ae8
assets/chisel/textures/block/ctm/zag/sandstone/0.png	295	075d918178045015484c123e8ad291c2749c3fdf6e9df3fb24fcd08af2e1f2d6
assets/chisel/textures/block/ctm/zag/sandstone/1.png	296	22d14b4a7e9ecb6ec818b8483ccd64085d5d9b9225877fe8221eb3b2d93c545c
assets/chisel/textures/block/ctm/zag/sandstone/2.png	296	22d14b4a7e9ecb6ec818b8483ccd64085d5d9b9225877fe8221eb3b2d93c545c
assets/chisel/textures/block/ctm/zag/sandstone/3.png	295	075d918178045015484c123e8ad291c2749c3fdf6e9df3fb24fcd08af2e1f2d6
assets/chisel/textures/block/ctm/zag/stone/0.png	254	256c55c6da5a1cfcb11e12630547071f9a82f54237b562add4549169f3912a6a
assets/chisel/textures/block/ctm/zag/stone/1.png	248	8374ab29e78a3b702dba846437c89c7c05ee0259f201e18670473917258b150b
assets/chisel/textures/block/ctm/zag/stone/2.png	248	8374ab29e78a3b702dba846437c89c7c05ee0259f201e18670473917258b150b
assets/chisel/textures/block/ctm/zag/stone/3.png	254	256c55c6da5a1cfcb11e12630547071f9a82f54237b562add4549169f3912a6a
assets/chisel/textures/block/ctm/zag/white_concrete/0.png	236	4bf3bdd989aae5318664a10f431d39e3c19ace81f810671e3dcf101890a25dd3
assets/chisel/textures/block/ctm/zag/white_concrete/1.png	234	d31becbd8133946c8437ec48e5c3c55a994a955939488f0ccbce5b8b6f688961
assets/chisel/textures/block/ctm/zag/white_concrete/2.png	234	d31becbd8133946c8437ec48e5c3c55a994a955939488f0ccbce5b8b6f688961
assets/chisel/textures/block/ctm/zag/white_concrete/3.png	236	4bf3bdd989aae5318664a10f431d39e3c19ace81f810671e3dcf101890a25dd3
assets/chisel/textures/block/ctm/zag/yellow_concrete/0.png	221	9df526539062e97caea6e29a5c0672950ab8d2391b1703c9309b6646713deaef
assets/chisel/textures/block/ctm/zag/yellow_concrete/1.png	228	957207d62962b5e4773997ed75f08125a6890d78e72f58c955a53780fc7f53f2
assets/chisel/textures/block/ctm/zag/yellow_concrete/2.png	228	957207d62962b5e4773997ed75f08125a6890d78e72f58c955a53780fc7f53f2
assets/chisel/textures/block/ctm/zag/yellow_concrete/3.png	221	9df526539062e97caea6e29a5c0672950ab8d2391b1703c9309b6646713deaef
assets/chisel/textures/block/dent/andesite.png	334	1861ab43871f40f5905a1f305229618a8162353adc3c13268d3e96fc63a41494
assets/chisel/textures/block/dent/black_concrete.png	184	fff96c74a54c83d1fb074008a65c61e2ea8f32cf31cbe4aa2e696d588cdf438c
assets/chisel/textures/block/dent/blue_concrete.png	243	f7614a1445a310781928d80bd6058f47913af0b0171fc4cf0bccf6dc0ce31928
assets/chisel/textures/block/dent/bricks.png	279	c9c4a0b82637617467ac8cd45367cc728409e95ecfe8acaf4a34d3aac4e429a2
assets/chisel/textures/block/dent/brown_concrete.png	239	9494eb7f510dcb383ecde424d431b816a370b23156b74b75e8bffe843c3c8c08
assets/chisel/textures/block/dent/coal_block.png	215	188013bdf4b83ecade8529b9b2523076f58b7781c6322e0e926633414fd550a2
assets/chisel/textures/block/dent/cobblestone.png	256	abf99b2a500df030febd5ab6516660a6b6811fcd0244c6cba085480d83b9ea02
assets/chisel/textures/block/dent/cyan_concrete.png	261	6b66a9ddcd4246967072a1c9b1005f3f0c91fa74b449c61086d2e3746bf4274e
assets/chisel/textures/block/dent/deepslate.png	228	dd4c9af75e7a5c22b312669d01c7e7354d245a8988558e396773c34d9b1e33c7
assets/chisel/textures/block/dent/diorite.png	269	ccb89c027f29e5ff6af8241ff4c4a5de87d2a583e0e574787ffaa34dbfdd35f6
assets/chisel/textures/block/dent/end_stone.png	272	f66fcf9ba3a830e33c8517692ba7746ff60a02f3b7e4f622dc899341089e43b9
assets/chisel/textures/block/dent/glowstone.png	136	72276ca69ca62bc04b8f711aca3df6c53b8b8fda0afdfcf61b7e847151ae6f63
assets/chisel/textures/block/dent/granite.png	308	ed95712e3edc75ef7bd8ba95bf5e21d80428efd57ce9e745402ba186965122fe
assets/chisel/textures/block/dent/gray_concrete.png	236	becc217e22d97b084c91b83d6039e34f944aafa245b7b08fd058796398c1e072
assets/chisel/textures/block/dent/green_concrete.png	245	328d68fbc1e8d23c21339d9c4483a1fdc4e0127135dce84823576041caf5bdf9
assets/chisel/textures/block/dent/ice.png	330	864ca0c35115f724295fb4f7301bb07ead15d71c7848eb5c6ea7dc3215cbd336
assets/chisel/textures/block/dent/light_blue_concrete.png	229	1d7596cd94a2baba17830c80aebc6426a706be11e9c5b354a4884303aa29be6c
assets/chisel/textures/block/dent/light_gray_concrete.png	224	e76be9f1148fc7c4e41f039a8ee30f23301278467007503500052c669e88222a
assets/chisel/textures/block/dent/lime_concrete.png	256	ea87a2b61694cdcd09d001a452435e7b8c8e3a1ec53b2078d8974015c1541e61
assets/chisel/textures/block/dent/magenta_concrete.png	238	e432bcb63bc4f860f5ad6b1c95d5cfe7ffca32f143c1db8a75258723001d7800
assets/chisel/textures/block/dent/orange_concrete.png	241	1bb4b14dc6a36fdb5077d96de14749d3560b7c3c8b6d3fb0c98d962ebf6bbcfd
assets/chisel/textures/block/dent/pink_concrete.png	262	5744e863c96866913b4d5ac962e6c5ff13ad17da0772f47cd9dd27c87701fef9
assets/chisel/textures/block/dent/prismarine.png	411	a704ceb4c20494a55c91276ea98b04d680b9a71480c8f0776a0f875c6d7c2f8a
assets/chisel/textures/block/dent/purple_concrete.png	235	5dda130767d1d09ab4adec724da18003b83a0d4709d07b6fa68f53a3f2755897
assets/chisel/textures/block/dent/purpur.png	265	9767604871fb589a14acbadc46b0ee635889da68e8e472e8934c493a190ae0a5
assets/chisel/textures/block/dent/quartz.png	232	c0e667213f7c9c06ac605a60ff9509825d8b89cb1c02c7300cf5e71caaf3789d
assets/chisel/textures/block/dent/red_concrete.png	241	bbe01f6b0fd39bb456b484eae39258257c2d0bbc69214042d2105f80feecf9fb
assets/chisel/textures/block/dent/red_sandstone.png	293	6fce32d2749f38b713995c201361d90963a4974ea22ec96e07ee1590e590eab9
assets/chisel/textures/block/dent/redstone_block.png	240	320a8d83faeb4f46072bb22483f4661fd7b66e640ca7ef34c39d46eb59bf9739
assets/chisel/textures/block/dent/sandstone.png	291	f2f182413bb7290b8c12145bb119916b27cb25b35e598334413dbfc5e8fdd1e6
assets/chisel/textures/block/dent/stone.png	263	fc2305f43b4ab3a836ce8f82945e5b6b2f46b96f68fd02a99f462a8e8500845b
assets/chisel/textures/block/dent/white_concrete.png	262	349309e9623c7c46ed8703de56934cbb8a2777bd1483980015fdcca989d74640
assets/chisel/textures/block/dent/yellow_concrete.png	236	26a8a5f7f7435b018377176c99e56ad7c39e301adbaca38ae423733c570d6d84
assets/chisel/textures/block/encased/acacia_planks.png	665	70ef87735246a5444e7b5e093070be2433deeba9d7d4568009774668a1286454
assets/chisel/textures/block/encased/birch_planks.png	660	164c6dacd5a55ba5fbaa0884ad9c42b92d6dc113f3ba098688dfdcdaf2a54dc2
assets/chisel/textures/block/encased/crimson_planks.png	650	38d1674896f91d7920fba913e0bb27614ef6c970b704e3cfebdd6bca9663fef1
assets/chisel/textures/block/encased/dark_oak_planks.png	611	2b4164b2050e898c554255c230ee1e6bc2ebb6c9f8a7056805b80d701b13ebd1
assets/chisel/textures/block/encased/jungle_planks.png	695	0e45d4aabbc0b0c0ff104197d59454bc8dfcd845d9ce6dabe14925e92434e5d1
assets/chisel/textures/block/encased/oak_planks.png	698	8fef2ae155bb5f5965a9184a691f95d659fd5344d076dd30b33ee8105d6b5d5c
assets/chisel/textures/block/encased/spruce_planks.png	649	a5e481f51302fcb11cfbc16d9d3decdce275f48d492fbf6a7e53499bd35e093c
assets/chisel/textures/block/encased_bricks/andesite.png	335	f5c3736a9e6f57263c405c32c709d662616dee956d8b7d4a639cce569c8906e6
assets/chisel/textures/block/encased_bricks/black_concrete.png	203	1064b4077f475b5dd1ac017b6cfd558b4698e3842f817ab07c4b9a708ee15638
assets/chisel/textures/block/encased_bricks/blue_concrete.png	245	7e06f96a3716d0859429bc803b974ab02e3bdd64ea1b0cb964b9bd368f07a60a
assets/chisel/textures/block/encased_bricks/bricks.png	274	03d7acb74a9e8ca667f4b4df42dd2cd5634bbe4e4f7888b8dd98289b57860fa5
assets/chisel/textures/block/encased_bricks/brown_concrete.png	251	e8427011295d9cacd2dff266a682bc52354490dfa4afaf2b7d31bc1c9a667acc
assets/chisel/textures/block/encased_bricks/coal_block.png	215	2cb8613c0ba25e8f5feaa369e1062dcc7f35b5c6afe59d0ff724a4554efab744
assets/chisel/textures/block/encased_bricks/cobblestone.png	259	cc9e5711e709eaf08f4699d2b887277a8a84fd506ec17e16e7dd711fdae16b01
assets/chisel/textures/block/encased_bricks/cyan_concrete.png	255	5d828c157bb93d47151f1046c28e1d1e98dff7f51b8f3fa00420b056263d123d
assets/chisel/textures/block/encased_bricks/deepslate.png	227	598300b67cf89894014e86c2fa7df8bb43af6e1c06ec34084f4c184f23633565
assets/chisel/textures/block/encased_bricks/diorite.png	272	e4a17e11f3ff916d854ebaae9b6293517b42a002d415441a9aa120cde3b9cb07
assets/chisel/textures/block/encased_bricks/end_stone.png	269	42824621bc215e470937fae30dec8394e80b307bf1c469e1b0c0071fd6dac964
assets/chisel/textures/block/encased_bricks/glowstone.png	160	8125729f380d284999be00d3aaafe2327521a8a5757635e44b8bc88c5b4365ea
assets/chisel/textures/block/encased_bricks/granite.png	297	4ebd7c87f1f881c0e21a03561a42994915b4b133189e2db185c57b88ecde5340
assets/chisel/textures/block/encased_bricks/gray_concrete.png	239	cc8ce9ac93c7b4377b9517eb65793887cda015542464b2b2149b7203b3983ade
assets/chisel/textures/block/encased_bricks/green_concrete.png	249	4aea31c3d010d345ec45d9716fd67519502733c0788debb293a5f768764b722e
assets/chisel/textures/block/encased_bricks/ice.png	348	df56451b46a596ee41871d2116f0307ddfdbd363d997327bddbb899ce3d649b6
assets/chisel/textures/block/encased_bricks/light_blue_concrete.png	234	965cff2748f2b844d5737b6754411e363b13ea41d4a1abc673cffe5a25a27a46
assets/chisel/textures/block/encased_bricks/light_gray_concrete.png	240	b733ee7b6a0a576cdd35a270a3ff79c76e03d2c97facc01aecf1f1fd33616889
assets/chisel/textures/block/encased_bricks/lime_concrete.png	247	26a0cccd3a43d95356face6d8f55a0c564da4d38983688403d4bb5b862ff55e3
assets/chisel/textures/block/encased_bricks/magenta_concrete.png	243	54fcd922c3a80cb9b1a5060b7f1081ad8b6b36243b015b9107bfb15b73fbec01
assets/chisel/textures/block/encased_bricks/orange_concrete.png	239	e8190b1c498550f9b5444df39d3a6e356cd6cd882309d1e5733f7c1dbd7e7b98
assets/chisel/textures/block/encased_bricks/pink_concrete.png	264	b5570aa053e44dffba1503aec2c88422ed055a1953f66638fd04ac0ce09be8a6
assets/chisel/textures/block/encased_bricks/prismarine.png	427	504ffe99d706369f40c1159d48c3abdcc4c4f3cf2c8c9d23de314b730f486af3
assets/chisel/textures/block/encased_bricks/purple_concrete.png	235	e7b39458aaed6e46931e58ebe9b0a830663b8ffd3ae44846e4d96acab1133e7a
assets/chisel/textures/block/encased_bricks/purpur.png	271	3ba720d25c430bf6eede5fd4c251325c3337087dbc8e8acedc13392b4553f29a
assets/chisel/textures/block/encased_bricks/quartz.png	230	449481056712aa7ca13c2609a38ab1cfb3546d581165a7f5dedc82804d82e354
assets/chisel/textures/block/encased_bricks/red_concrete.png	254	717d6119a87f64d9d055ff7b3555497b198ad59e5c2bb724b4becee3686f0801
assets/chisel/textures/block/encased_bricks/red_sandstone.png	291	8e74941a63eb8b3301b0556917aacd42750261883c454588c94bf2742e853566
assets/chisel/textures/block/encased_bricks/redstone_block.png	245	10eae350ac3ef6a994bc8f55d3ce06ef5e8a78410c07639aaca5fdb509b3f049
assets/chisel/textures/block/encased_bricks/sandstone.png	289	9d8b536b9ef5f2097244e1b4874009caec5fb347b7361de8457678233528fb48
assets/chisel/textures/block/encased_bricks/stone.png	268	8439ce621ac6a9858e382a8090afcc4d95157f8889fc4ec6f69a973fc43c94c0
assets/chisel/textures/block/encased_bricks/white_concrete.png	267	4b711d0d7afa85a623ecd04d55f1893ed8aad93f57d18355f22fc1e2b6eb4ae3
assets/chisel/textures/block/encased_bricks/yellow_concrete.png	237	3b8d62e050cd63b8b00d7bf93d34b16c349b3d72b0c6196b69d3ea40ed598004
assets/chisel/textures/block/encased_large/acacia_planks.png	660	5a6b777e046d1558e22a91cf1ba5320997f87458b6b32c35c8d135c2d5dd6d8f
assets/chisel/textures/block/encased_large/birch_planks.png	671	77de6edc4450565f4f01e0c7dcb8a559ed0ad2f14570b74a85cc74859be9da3d
assets/chisel/textures/block/encased_large/crimson_planks.png	658	f0245180b6d8d52dc9e25631d7b82a1bcba772c114f3f3c5a3d863d42bebdace
assets/chisel/textures/block/encased_large/dark_oak_planks.png	612	4da9a072c00ed9287199034091347b6cd93a7a5659c0fbf94245573527f2b478
assets/chisel/textures/block/encased_large/jungle_planks.png	706	b1411a081746c3555416a4c5fa063f610eabac087aac9274ddb18fd23b6c5493
assets/chisel/textures/block/encased_large/oak_planks.png	709	314435e66492a2359eea694c4507599eedc20bf1583fc2cc811a051d8112d30f
assets/chisel/textures/block/encased_large/spruce_planks.png	662	eadc11e1015f8bb0e5969976ae69bb84b12702f32563b9738a64e64a78bb3306
assets/chisel/textures/block/encased_smooth/acacia_planks.png	661	6778cb1043a4208e807685a853220a171f2538e862c7cfd970ab2e9edae67317
assets/chisel/textures/block/encased_smooth/birch_planks.png	665	61be2b07ceb810fc9f77da3847cdc765b9efad56f4ba5c39f32b006acd5ea31d
assets/chisel/textures/block/encased_smooth/crimson_planks.png	656	adb0ecea61eadc0c5ec63d60cf99411ae4eb5f8b3604b28df554b858100a0804
assets/chisel/textures/block/encased_smooth/dark_oak_planks.png	610	f863094384e6fbc5784dce37a17cfab379d084514f690d55b7b0b3e9949c495b
assets/chisel/textures/block/encased_smooth/jungle_planks.png	700	ed2d34510968bbb5f9aa5f629f3a9600487ad47220bccb28e06d3bb66d897027
assets/chisel/textures/block/encased_smooth/oak_planks.png	703	3249af8448a4573517f54657d4423063c5a8734f6d42746489ac43cbcbf884cd
assets/chisel/textures/block/encased_smooth/spruce_planks.png	666	1c9d2e3e08fbfd04dfb11486431feca2922600c3cb266ae9b148776e89e07ad7
assets/chisel/textures/block/jellybean/andesite.png	1045	0fab43f5cffdbb8568d8f4c2df5c24bcad5c57bcd1ec82dc3155a0625751ee2e
assets/chisel/textures/block/jellybean/black_concrete.png	254	ef048601e25da544f202283accae2e279c1f345faebbf5fba98df4693df187fa
assets/chisel/textures/block/jellybean/blue_concrete.png	272	2cdc0b4241830eb1e956f159d9bd76fd53e43be05781dd742613c61aeb06d974
assets/chisel/textures/block/jellybean/bricks.png	1018	a5fa268dc8c48a38ae4ad9d1cdbfb66ba873507246d684e348c626446ac9ca05
assets/chisel/textures/block/jellybean/brown_concrete.png	267	4af6a1d4cd9375ed85a4aad299e0229a6a2a047cc21dea7de393badcb4ff461e
assets/chisel/textures/block/jellybean/coal_block.png	270	b0a9deb9af16749d40adfe465b09172a4eaa5f66898c4cbcaeaccb9a614c9242
assets/chisel/textures/block/jellybean/cobblestone.png	272	1f9b79c389c1de07a7ba7e54f9d2f9fbcb154c619ec321cff678b4da6471724d
assets/chisel/textures/block/jellybean/cyan_concrete.png	272	032764f6e990e1ea95a47c851819f5bfb40e54ca72c3c32bad490f98e1b1bb02
assets/chisel/textures/block/jellybean/deepslate.png	246	fe07fc78555a2013f315d52699566b0fdd5d3b280be3d445ca98414c2178d2bc
assets/chisel/textures/block/jellybean/diorite.png	272	4f46bc1dc3b80ce3c6b9033a3bed2c12a220bddeb5d654f92a095261095ac1c1
assets/chisel/textures/block/jellybean/end_stone.png	272	039b5107b198fff7cc718ef146533decdb8eb2b0272510825335c2f00a0a0d7a
assets/chisel/textures/block/jellybean/glowstone.png	233	f6ee23b4aa73dd68f1c910c675464df57f38056b92bbd006f4bc234910c41b20
assets/chisel/textures/block/jellybean/granite.png	1033	41bcfb8bda80569d4cfd87e8d9c163cf02736366ad8fb5ee2fc34cacd9b3fad1
assets/chisel/textures/block/jellybean/gray_concrete.png	272	b3e681b992b61f2e2bd3c5afc09e1d7a5eeb6d9a7584a7657de4f610f8da788a
assets/chisel/textures/block/jellybean/green_concrete.png	270	0ad09f3471d925d6e1170ce218411d72769bcdb75409e74d9c7c969889d217d8
assets/chisel/textures/block/jellybean/ice.png	1071	c94f76d29a5c14a18445fcc24b96601559ba75a9f5b10427428790ef2a1135af
assets/chisel/textures/block/jellybean/light_blue_concrete.png	272	beda952fcdfa063714dc8e0586d039ff78344c9a104726ffca1d31adfcf0e08c
assets/chisel/textures/block/jellybean/light_gray_concrete.png	267	6e0bf05ddfa8908659008bc8a9e81e27c6ed6264ac708c436a4bd34c5552f3a3
assets/chisel/textures/block/jellybean/lime_concrete.png	272	2b84af03c08372b95a2de03107117cdae4d68db87ed1e3e36d0a95d9174fb397
assets/chisel/textures/block/jellybean/magenta_concrete.png	272	27223666d57b0a75267aa1fce8c69d2c72c24dca815f4cf0c76478c51489a26e
assets/chisel/textures/block/jellybean/orange_concrete.png	272	0fe3e79421dbe05db48ec1a3732ff77d7fdb1808f7bfa6fc9da825a5df7a5552
assets/chisel/textures/block/jellybean/pink_concrete.png	272	af754706f2ce2b833398d8507f9195b119dd9d43c0ea64a0be47308e831e9013
assets/chisel/textures/block/jellybean/prismarine.png	1057	6edb56404728771294a953acc3cb1d1fb78dfeb069dbf06d7555e08f3ba23222
assets/chisel/textures/block/jellybean/purple_concrete.png	272	2b9563e4599481a0e193a1301b5d8e9f4f61e06f741981a30164942184439b05
assets/chisel/textures/block/jellybean/purpur.png	272	49ec1def9d2131afe33dcbcec0e0d4d5045b4ccba783b7519a8c989fd1fd6938
assets/chisel/textures/block/jellybean/quartz.png	264	84642f9a1444600669cb4d1338c2d87a0ddc0177fe97ce6b12cb1e24fe3699ec
assets/chisel/textures/block/jellybean/red_concrete.png	272	1342efd9d61fd2f95ff86cafff501a7d4bdce9a5a96065001ddd6546e68f8345
assets/chisel/textures/block/jellybean/red_sandstone.png	1020	f077d594031cea61731814a8329596264201abb381d76ba2ef9e3c4637cd2b42
assets/chisel/textures/block/jellybean/redstone_block.png	1014	60cfa4b5617788b34f58e5136d8403808236e5bffa2f81592f17f0fb4ed1ecb4
assets/chisel/textures/block/jellybean/sandstone.png	1020	19777daff6b58c9ff36589cf8908faa04fe7a277d743071c7bb9902adc5cf6da
assets/chisel/textures/block/jellybean/stone.png	272	8062c8c7d6962d4e9409c27392a70fb33715ff651536b005a2cedef5e285647d
assets/chisel/textures/block/jellybean/white_concrete.png	269	33067f2b1207e87fe68909dd1783a0754548c63fa567323487122507040ae441
assets/chisel/textures/block/jellybean/yellow_concrete.png	272	26c9feff6056db4dfb7f35e2545a4cb80f51a600db7770cc1320f7f2018eb8c7
assets/chisel/textures/block/large/acacia_planks.png	510	3a00872962033f53ba5b23cf3c1cb77036e65dd0e10c1f0be618294d9adfbb8e
assets/chisel/textures/block/large/birch_planks.png	495	0c722d159d860ea0715ee3d1853c12214aa7c528d9e5e5a63895beeaadc66e5d
assets/chisel/textures/block/large/crimson_planks.png	492	2064807efa89c98586dd1353a907b5eddea001020704e25fb64312cdba72ccd5
assets/chisel/textures/block/large/dark_oak_planks.png	460	f5d8585794ff4fecb2a846876d93afea493b67c01d1966a1b3204f30ccb0c600
assets/chisel/textures/block/large/jungle_planks.png	520	62cba9ce57ce9381d4988bc52a3bf0d25f71d1e380e7c74aaa849fd50c291dd9
assets/chisel/textures/block/large/oak_planks.png	521	aa7bdd3d8eafc207d642bc00115d95e12df3d94f2a217dede4f9c5f5c47bbdb2
assets/chisel/textures/block/large/spruce_planks.png	497	495db9fadd52022ca0a566172ac7feb062a83b34bab2dd276c914c6cc01bfd9b
assets/chisel/textures/block/large_tile/andesite.png	329	82c68cece19527c3f0c17d0597da5814709961047291e703cd8529d4083e4b65
assets/chisel/textures/block/large_tile/black_concrete.png	188	ed3b1195399a5fd9c3afd4761385eed09843bf367bd8f9b76eaffe9b028edf5f
assets/chisel/textures/block/large_tile/blue_concrete.png	235	140dda8a6023ded10a0731f7b66e162fa15b6e2ae7107aabbe088309c9e412b2
assets/chisel/textures/block/large_tile/bricks.png	282	5856ca7cd245e5222119d0b3fbef11d808453448721ca5f922b409777d3fe13e
assets/chisel/textures/block/large_tile/brown_concrete.png	236	e9e11caee40aeb293df2543a410e0439af3011bf123fbd78f4c87071b08d9eb7
assets/chisel/textures/block/large_tile/coal_block.png	217	0b0e0757bf43988865f14e8ee109c195dd5e99bc0d1ea90d3971c4c5ba3fb9d9
assets/chisel/textures/block/large_tile/cobblestone.png	249	cbee717465ddf5a01e55732fce25d52ba81e5076d90c1be83adedcefd33b441f
assets/chisel/textures/block/large_tile/cyan_concrete.png	244	98e996833e8154d2a40214c57b5e08f58b8546a53a2057ad1a01eb4bb3760afc
assets/chisel/textures/block/large_tile/deepslate.png	230	1eac0e0862e81b2ec8c48a872d58fba257829ff7d3018cc953fb465890451991
assets/chisel/textures/block/large_tile/diorite.png	269	f90d7d852117b3e4e13a81783978f1a60fe5572ee7eb0fdf889ca3a166492504
assets/chisel/textures/block/large_tile/end_stone.png	266	226d6fad8e099e9f6efd71a3b38c342e2efb6ea65a41015e5099c50838ad1b5f
assets/chisel/textures/block/large_tile/glowstone.png	135	dbdb7b47b0713844b13573312a00ab72a4fec9789ad738befe4d49f9af0531e7
assets/chisel/textures/block/large_tile/granite.png	318	88521dbc487bb12c6bf98e625756d784afd70350f855938d907d7f22bd24a4a1
assets/chisel/textures/block/large_tile/gray_concrete.png	225	ae6663e75e46efcbad563f89d092999058a98ee48b8a894f4006f1adfe91d742
assets/chisel/textures/block/large_tile/green_concrete.png	232	e6494645158922282c06510f63b679f385ae47c2322609a4dfe3d240567ad6f1
assets/chisel/textures/block/large_tile/ice.png	260	de82f3f619c9a0fcf1feafc5efe559a97ab14f1ed35f3b578e865da4d91dd274
assets/chisel/textures/block/large_tile/light_blue_concrete.png	222	f3dfe1faf4e24c90da56b258ad273faecffc56217b8584b76a61b129d2322825
assets/chisel/textures/block/large_tile/light_gray_concrete.png	218	3f72ff9c532d3a0f63ba0a5a3ea8899ca9bba471e970128733faf69f5c9d8208
assets/chisel/textures/block/large_tile/lime_concrete.png	236	9544818aaca452633c54b8bb889475c1818f254b660b762423c00f47ba234d4d
assets/chisel/textures/block/large_tile/magenta_concrete.png	229	3799780bbe4eba7ff9e8953e85f8926ddb303f656147240b90f1e453c1d0ed73
assets/chisel/textures/block/large_tile/orange_concrete.png	231	f53f48ab2ed486182ef9e8f5c30d6da7763f25d5427fa2c4943112c6485870f8
assets/chisel/textures/block/large_tile/pink_concrete.png	248	c086a12ad18a6e6bcef41e17fd94418b96911b4048b6701e6d4fb63e875eb9e5
assets/chisel/textures/block/large_tile/prismarine.png	408	543df6a4313214f2c5cfd04ef765f0a6418da97132d42c8a730f3c1524bc9000
assets/chisel/textures/block/large_tile/purple_concrete.png	228	95c7b38a09a43a600ac8b18902fffd25b16628f77a8d41ab3763401cc3985689
assets/chisel/textures/block/large_tile/purpur.png	267	8deab6c7176e34f15f0e4ba1064ea6b8950568c6d02711365131e57e23334aa9
assets/chisel/textures/block/large_tile/quartz.png	221	017a6e73d8e4df9ba2a90f19470619bc5691f757a3a948fea15627618132bb94
assets/chisel/textures/block/large_tile/red_concrete.png	237	288b31ef65a367fefdfa3b7def2d5ae5834e321b226292c06044d272619fdad2
assets/chisel/textures/block/large_tile/red_sandstone.png	291	b22922b8b6a27cf9b532f4a833c354c7e2a53a819057cbb08289b490360a5cbd
assets/chisel/textures/block/large_tile/redstone_block.png	226	151c1a5e18d798eb922d6fc0804cee72c167592043247076ace514ff4c55dd21
assets/chisel/textures/block/large_tile/sandstone.png	297	a9a77fbc7760d3e4b953d0066ab2fd61b11458d0b5d75605a7337232fcef5d12
assets/chisel/textures/block/large_tile/stone.png	259	f50c46d96d70aa8c1f3ea5b3c8e37b26cacf56f94427cdd9c8c42d80cd03a0fa
assets/chisel/textures/block/large_tile/white_concrete.png	238	cae4c99bcef5030a2d2b8fe0e3e44b2f68d95e4445441cbd0088bc07ecbf71f4
assets/chisel/textures/block/large_tile/yellow_concrete.png	215	5931eabce63b2cf94cdfc5cc91fd9920e762a9daa332e19b2a9cc5f763cf9425
assets/chisel/textures/block/legacy/black_wool.png	249	d638e04958b52c274a7c87376ab3d3443bb217ab654fd4ee97137398d9a395ca
assets/chisel/textures/block/legacy/blue_wool.png	500	b076ead77352a89a06d1739950761e8de2cf1986e20ef840695b8a0e91347ac0
assets/chisel/textures/block/legacy/brown_wool.png	426	3fef30f5caac215ade93f3676143739adaacbc81a2784023cb7f48d7c9af34d7
assets/chisel/textures/block/legacy/cyan_wool.png	208	4a277182a2d1583b32ee32d5d6e0e259fa50b1150a38a3eae7ab5daf9c064481
assets/chisel/textures/block/legacy/gray_wool.png	251	7cd491057c9489fcdd9499212494130b9370c535d3004fb839118aa8ddd44c66
assets/chisel/textures/block/legacy/green_wool.png	150	ad1d813ad129cf81aa73c8095d4ca6bd0f4860f6f4d7488a4e4f354adb3704ed
assets/chisel/textures/block/legacy/light_blue_wool.png	780	5e721ced12bdc4c7a5603be60273f23749bac8ab1dc83fd6bab83b0b87cddab4
assets/chisel/textures/block/legacy/light_gray_wool.png	488	e90f29294210c778f58230508c156cbb4fcdcb5f11edc0fad3eeff65c557e3ee
assets/chisel/textures/block/legacy/lime_wool.png	699	51b7e12eacb8414c1cf0fc654f346f1a1c3afd94b56a0ece39f9f734d072f10c
assets/chisel/textures/block/legacy/magenta_wool.png	261	c9c552adf7aa3c5bd8278402fc5e0517c2d3bce9fbfd6b52c9e8fe37d4d46a08
assets/chisel/textures/block/legacy/orange_wool.png	613	a31976725e359e7f1f98751d51d98d6c4f9ea762529cb1def94550d957fc7183
assets/chisel/textures/block/legacy/pink_wool.png	695	e858760bc3085426e24ce7c33f1f01a46e453a975459180c9c307ddd328befd9
assets/chisel/textures/block/legacy/purple_wool.png	452	1a2c3c1dc6abf3cb73a38ef928fa5fbd54c9d67649113be1ab95610c3c226e7c
assets/chisel/textures/block/legacy/red_wool.png	170	bae51862c54c20a524e6474dbf85e5779b991fd9d5aa9098a5cfc84becce91ac
assets/chisel/textures/block/legacy/white_wool.png	328	6da74663e8e434b7a6fba88f8a84b2a8cfae044c002a6773084e7cbe3c472a11
assets/chisel/textures/block/legacy/yellow_wool.png	197	c1d94f2a86d590fcb84419f45e2c443b788899cd23cdf2193b462a76c833d97c
assets/chisel/textures/block/light/glass.png	537	a9ea74068636659adbc494092ac833b12967c5819d04a0bd931f54ab0d5452dd
assets/chisel/textures/block/llama/black_wool.png	272	420df46768a6449d07b76952e76689db873bec9e1bec82cc2e40d82d94f4225b
assets/chisel/textures/block/llama/blue_wool.png	257	42e500c4fdc88eab2d18bb75e3f3b9195f36db27f9c095c4ab4bd416f7b01925
assets/chisel/textures/block/llama/brown_wool.png	272	ae245babcd36ecd047fa0a0eead154393f9f459af029bfe7e252e2a9e5385e4a
assets/chisel/textures/block/llama/cyan_wool.png	271	c8b5350490608dc20ed1aad73974c0b05ede4b7e3c13a7b7770b93ad07f9f7eb
assets/chisel/textures/block/llama/gray_wool.png	272	e20dd674dd7c3073ac1ee58d88907d83cfeb2d7f7f724359072b6a239da20df3
assets/chisel/textures/block/llama/green_wool.png	268	df11509806660757045981af427566391294acef595c4dd19a887efc6a0e21b8
assets/chisel/textures/block/llama/light_blue_wool.png	272	62475897ca05287a299945f057d2055037a4b4a4b2dc9507071d1b9ce88fbeae
assets/chisel/textures/block/llama/light_gray_wool.png	345	4bb075b4db251628bb690f96af14b20e8f63a7a454cc412121e859b513d20089
assets/chisel/textures/block/llama/lime_wool.png	354	082bedd8c2a0adad965ef875bafda4eed43748bd74313aa01802343371f6ba37
assets/chisel/textures/block/llama/magenta_wool.png	349	661f6fe94411838d1046d1b88025443a6482dec92802926dc3c26bd86df52786
assets/chisel/textures/block/llama/orange_wool.png	345	214ecc75088f0861b954b19028c30617e2a11de57bfd157b71164249946648bc
assets/chisel/textures/block/llama/pink_wool.png	272	dd4e98722bf2a3ccb523583429675df8d63b2eec4bee6663535acbed5bbe14f2
assets/chisel/textures/block/llama/purple_wool.png	272	cccc7efe5bc0b01bce3b3857e985405b3126b109635acce53ce605199399226d
assets/chisel/textures/block/llama/red_wool.png	272	764165d80a6fa4211eee39fcb2a3133c5753511445582dce999639d6803b292f
assets/chisel/textures/block/llama/white_wool.png	354	89604d267a3b5ac6c142815c9ee54108f73b3576ec9d487f2007f814c9a992c9
assets/chisel/textures/block/llama/yellow_wool.png	270	bb8c49fa93c4409b7c16f2fa27ae9da552cc237e626f6be8fe2d9f0b506f76b6
assets/chisel/textures/block/log_bordered/acacia_planks.png	646	51b5430fbf61f50c9ec0ec3f6057c25c43b4c5dc2dbead923da2ef87873d5f8f
assets/chisel/textures/block/log_bordered/birch_planks.png	714	f68ca5d13ec40f37592ad728ee9f10126c5175919df2afcfac774a915662830c
assets/chisel/textures/block/log_bordered/crimson_planks.png	1570	cdae8a3b8afb6a4656836df4607767435554df717d868e27ba39ceb8d0a91cf7
assets/chisel/textures/block/log_bordered/dark_oak_planks.png	593	585e1d693289211e4d1876e03261db985e280d3c838edae56355d3e71ac2d141
assets/chisel/textures/block/log_bordered/jungle_planks.png	662	ad6cb84769ad4eab8e3975c18a9d0df2edfb602a82aa81f016369e143096b9c8
assets/chisel/textures/block/log_bordered/oak_planks.png	676	504ca2ffcb0874d35e84bad5e9d549705a109b6d0accfa54f273090011469a1c
assets/chisel/textures/block/log_bordered/spruce_planks.png	601	92fb8bbff4ba9f4121c37a2302607018ee05d708c5b8d6ecaf556a5508a03fdf
assets/chisel/textures/block/masonry/coal_block.png	2514	9f8d47aa719310a4706f1c05a1bed76f0270e00daac321864f46b50fbaac6580
assets/chisel/textures/block/masonry/emerald_block.png	799	3d44a5f9ff9d2d19cf0c2e879e87729cee449cc4ea343708d685206a371d86c6
assets/chisel/textures/block/masonry/lapis_block.png	793	ab597384e5657bc5eb14fd76556c96ac2a7963aead3d35a9dcb9983492815877
assets/chisel/textures/block/mosaic/andesite.png	333	f7ceb23d203f8e87d52e26442d99aeca1373f8d1187b82caab6f70b345af1f11
assets/chisel/textures/block/mosaic/black_concrete.png	210	22f4353814ff64991997b9152ac6ef5791d436cbc9fb2ad2f5e6f76ef1328584
assets/chisel/textures/block/mosaic/blue_concrete.png	247	ac2b4a8cdf031ffc7833f8909b9a0141441624dfaa0d672adf361d4dcbb7ff2a
assets/chisel/textures/block/mosaic/bricks.png	287	f8d8401f72e1a10d984822bdd1ae46bd127c11cee7a11a3eddfda710e159aeb9
assets/chisel/textures/block/mosaic/brown_concrete.png	247	b27b3e0b42184b984033433393ccb1ca2fc2e37bb81877f2dae29c020c557d1b
assets/chisel/textures/block/mosaic/coal_block.png	216	8c96b12079dd170f1b25d550f459cd2e65f80d24e2853d65c86bd5091bef6af1
assets/chisel/textures/block/mosaic/cobblestone.png	259	1cf557ca01abf3415b8a09a99596a7c6b0de370f69894ffcb5ac645e1be0be4c
assets/chisel/textures/block/mosaic/cyan_concrete.png	266	709e3ac50f1b27afc2f3da6dd59543bcb835da37e65df4a603e3fe13f0f30ded
assets/chisel/textures/block/mosaic/deepslate.png	248	16079abe3e46bcd0401714956c3b603cba0a0f7624b3b71ba80d388d91cc71a6
assets/chisel/textures/block/mosaic/diorite.png	272	0565185e4f27847a3c9eae7ecef6be4895880431bef43bf8de93b8ea8e8d2ecc
assets/chisel/textures/block/mosaic/end_stone.png	264	9076b0ee635ca407740bd1b0eb158b507deba11f59a931e3a747e1229c89eb31
assets/chisel/textures/block/mosaic/glowstone.png	182	b7bd2d686ecb6eda22ff29ec93fae90aedcc8ec3fd70e95ea8641e31ec58004a
assets/chisel/textures/block/mosaic/granite.png	302	77ea6788ab1e32fb4c3f4e544eb1e76bd18126061be24a46f5bd845f25bf27ab
assets/chisel/textures/block/mosaic/gray_concrete.png	245	d1608fea76c31a426007c421283248afe9dba144d424aafbd4de60a47469f098
assets/chisel/textures/block/mosaic/green_concrete.png	242	a22f91b25e1fc5da9263440a6d72136ac7b42cc90c246aac4a6c9d9583e9ff84
assets/chisel/textures/block/mosaic/ice.png	353	d259d0024723d042b6381b22504019c09a591f1a340dc4f416ce790936552b1a
assets/chisel/textures/block/mosaic/light_blue_concrete.png	229	aceb8c945a62c97245198793948a155fe599349ad3f85ec99aacd9e606e24eaf
assets/chisel/textures/block/mosaic/light_gray_concrete.png	242	cbb0284b417764f8984602e7beae9c48acccf676dc5dc31f2a0d3bfe3de94259
assets/chisel/textures/block/mosaic/lime_concrete.png	244	f480f29b25c8369549d3c5d8f34622d4b53e59b64583a4ad66af226b218a104d
assets/chisel/textures/block/mosaic/magenta_concrete.png	231	8307b7fdc2600906b64e59cfc776cc1fb7fc10cfdabf807d22fa1be8eb689fe1
assets/chisel/textures/block/mosaic/nether_brick.png	308	c406d80ea85ac4d43e7c509ae9e7a20672dab9cd378064926994c8af3a0748a8
assets/chisel/textures/block/mosaic/orange_concrete.png	235	5f6eed6b92f9bd08823434745491292df3cc7a8d1e613f6a1a59b861b9eca71e
assets/chisel/textures/block/mosaic/pink_concrete.png	268	9b5312b36458895b3c1b89c5b1887cb5242d85e037b20d719a0c5c02e37ef808
assets/chisel/textures/block/mosaic/prismarine.png	405	0b27127ffbe4a3fcfb572efbc5fe8dd12b73fc07ff301a36435830dbf698c0ff
assets/chisel/textures/block/mosaic/purple_concrete.png	231	bee0d503976e089132f78eaf74172d7ffa99e39875390c20283abdd268c46abb
assets/chisel/textures/block/mosaic/purpur.png	271	9eee26f14829151fa18c687b5133e4208d7ad146be6cff1f0f47dd2f452d0d70
assets/chisel/textures/block/mosaic/quartz.png	238	000a81306ac68d1564af244597eaf80df2248039208b7d8af4cb2fce1e3ae74d
assets/chisel/textures/block/mosaic/red_concrete.png	252	f8bdfd3e9ea7f151dceb4615b079c9f4f2d758f4ea2d0192941824890417271d
assets/chisel/textures/block/mosaic/red_sandstone.png	291	1e5f81d6ce244fec0ad559445eea24e3304179c775dbfa236eeb45550d35c951
assets/chisel/textures/block/mosaic/redstone_block.png	251	7541d504b30728522747527774dd0bcc191051e5126196c807f9a341615758c8
assets/chisel/textures/block/mosaic/sandstone.png	287	e41d1d9c8574c17c3a42fa418fdb41c73f6edebe8c6088a3191f374f25f7fd36
assets/chisel/textures/block/mosaic/stone.png	269	d8b7b0afc8ed3b6203d9ef5f80ac13fab6f033d4e5e74dd7bb3493c3a677d9d9
assets/chisel/textures/block/mosaic/white_concrete.png	266	8cbea1e3c5687f988a48ba0cdc3672539928e1e45f2dff24f393ac8c62a09bb2
assets/chisel/textures/block/mosaic/yellow_concrete.png	233	af359bb4a5776c78e658ed17070acbf7bf5002545902ebacd63a26d248864fd6
assets/chisel/textures/block/noborder/glass.png	328	dd0220f9e7774a13c899ac3878ebb9ebfe88db0791ec079528d914e1a2d212c3
assets/chisel/textures/block/ornatesteel/glass.png	234	8ded680e2cc161617a870391727c9c64ee18a0649501c6cbf6ad0243654f6e90
assets/chisel/textures/block/paneling/acacia_planks.png	723	5dfe337346c1a9e264285b20dd49a79450ff271d45c1025cc0447f9e1ef009a2
assets/chisel/textures/block/paneling/birch_planks.png	733	8fe238b4ea68e1ba32e25e4fe692dab61a6b0f25b3c346fddcc5a9d088559910
assets/chisel/textures/block/paneling/crimson_planks.png	718	c6311688c039ead9c7da428bef55380ef552d647415fc6778c0f03655aff7ba2
assets/chisel/textures/block/paneling/dark_oak_planks.png	653	ec60f9ff0560574537bfca19c5617dec6f066acec9bb77892ee07b1a1d8e79ad
assets/chisel/textures/block/paneling/jungle_planks.png	750	4a03fa621d1f6295aa666aba55bbf2ba67bb990ceadfe2d053e95614dcc54460
assets/chisel/textures/block/paneling/oak_planks.png	748	0c679f7c02944bcadf6e36cf8ff1ee32b452c3523dba97271e13866b89f10534
assets/chisel/textures/block/paneling/spruce_planks.png	713	57e4946e3c6e4f897e21098f96041eca38a94e52cfe02f7071f620fb5fc419ca
assets/chisel/textures/block/reinforced/dirt.png	533	0625a43864b1f286111e5069d80d2d05da3dd77f16a1a05202230a04c2f918ce
assets/chisel/textures/block/reinforcedcobble/dirt.png	783	3a3561c80663495c81d5ca6f50116928e97ca382e8fd7f0e56b329e27444a51d
assets/chisel/textures/block/shale/glass.png	404	99b4b89cec2e2d0f83fff16caaa5086cf108e61cd7e8a4275f498ce448d2df01
assets/chisel/textures/block/shipping_crate/acacia_planks.png	607	23b519abcaddf3dbdf3d52d4dd10de0d05f1cf2c8803a0612087a50edc6afa31
assets/chisel/textures/block/shipping_crate/birch_planks.png	625	ac134868966636759753be5bdea556199fa5960a7db062e10525d07d0b41532c
assets/chisel/textures/block/shipping_crate/crimson_planks.png	583	0843aaebbb2185b0fd13373c7315985c6de827b96da19fb515e202793fafbad5
assets/chisel/textures/block/shipping_crate/dark_oak_planks.png	549	5ba7d5b7b5dca9752af98fac42d8a819c8f91e86042444dd62149a3655d151e0
assets/chisel/textures/block/shipping_crate/jungle_planks.png	625	46aeddf4e52acbb0861b4aed88dbd5ae6863d38f8abcc5f92ae0a8304e0f91c2
assets/chisel/textures/block/shipping_crate/oak_planks.png	629	6cd62cf51ebce49b3d25315ea8e9547cb0bcdb4e55c5106de138af460131bb06
assets/chisel/textures/block/shipping_crate/spruce_planks.png	601	b0a08df656b2ecd905c2ccf432b1a09c08e8c161c895470c910b3b0a9d20b757
assets/chisel/textures/block/slant/andesite.png	1043	27d94e44da0d8505fb9f68c4cfd0209089de75709a932125dd2b3dc6c6b88951
assets/chisel/textures/block/slant/black_concrete.png	254	54c93812e12b80e1b9791e2a4dc43d6c976ba19565a775c357163ca3e85c779e
assets/chisel/textures/block/slant/blue_concrete.png	272	d9346861a8fe4244b4039a6abcba442b4dad6fd19aaadff5341b7d22420f26b9
assets/chisel/textures/block/slant/bricks.png	1021	e121624e5138f1ce89f3fcd7db2d4624608ff383c077d0ba2254838298d449fe
assets/chisel/textures/block/slant/brown_concrete.png	272	733f8c655dd9204e1a0215bfe8e51859687b746a2c6bfc1400f76513546f3182
assets/chisel/textures/block/slant/coal_block.png	272	dd2b5c2c2d0bab2667b123f2176b58065fd07204cdd47cdb50fd306c35d4a3b2
assets/chisel/textures/block/slant/cobblestone.png	622	d190a94a26b8c7bdf1135f398916c7dd956743f7b1586617659f545db275d890
assets/chisel/textures/block/slant/cyan_concrete.png	272	d760c1e33d0cba3377225255a1af80f11c77cce06bdb5dd01b4b9693efb115b5
assets/chisel/textures/block/slant/deepslate.png	251	cec51b60349333090ff97064e5a6ce59e11b09cbdb427e00950247b2c181d649
assets/chisel/textures/block/slant/diorite.png	272	ea4534d70cefab2c41adfe0b8a7ed413c29ece17e7e6a602f4914f2364492f55
assets/chisel/textures/block/slant/end_stone.png	644	a4381d6dd1f2a66d63e7d0d2bb8df0bc92826e05f3b3c7ebe5558ab60b3f3b22
assets/chisel/textures/block/slant/glowstone.png	246	837ea3397b82db1af4fd4b2a639c60ad6e538dc4136cf63f578a31ddab808db0
assets/chisel/textures/block/slant/granite.png	1036	79dea7a72c2928a3030b53ea27d12fe04fd350ea4f20f5f679d67d195421d143
assets/chisel/textures/block/slant/gray_concrete.png	272	a9c2f15ef222cad533e7f6e1db9133d8f60461179b35350700819d11d2f80f34
assets/chisel/textures/block/slant/green_concrete.png	272	3a4fa01eee5f77d82b31b3d89a4e335084ecf539976201ba2d89c0407a8568ae
assets/chisel/textures/block/slant/ice.png	1039	24cdba01ab80d5b23ccc4d86cb21c820565ebbf2ded9530176dcd15eb116dd45
assets/chisel/textures/block/slant/light_blue_concrete.png	272	6da0ae14cb0748421b27ce84178c69ff97a373783a99d198fa1eff2db7f8b4f3
assets/chisel/textures/block/slant/light_gray_concrete.png	272	f2eb5bb27192431cce7e91076ad98b4aecfbc9acacfa964e5fec1430f1474cde
assets/chisel/textures/block/slant/lime_concrete.png	272	1ada794eaff96ac1e8c69d98b985420dd538a7ac095428429ccceedc191e8fa2
assets/chisel/textures/block/slant/magenta_concrete.png	272	03b0bc068c46f123d58c60a93a26151d466e37d38c7ee4fe51bdec53f082c248
assets/chisel/textures/block/slant/nether_brick.png	555	b015a76ea37eff835d3945ba5d2f1479232399e387ea04494bdc1573d963315d
assets/chisel/textures/block/slant/orange_concrete.png	272	b86da05b978c00bdc19b04b797ba79b6e9af552d96b5381b721b890398cbdf84
assets/chisel/textures/block/slant/pink_concrete.png	272	62f080c123dab1eb8ba01f4d214ff4951210af7b63379930ba8f82d5a94af156
assets/chisel/textures/block/slant/prismarine.png	1062	19ce14f44a523804c721148dc1f6eae1aea9f502948951a524b419946f40e391
assets/chisel/textures/block/slant/purple_concrete.png	269	afc6085123b31eca9cc1495dfdd37493a32f7b113e2769bfb3d3906d628d5e3d
assets/chisel/textures/block/slant/purpur.png	618	2068f11c598681f75b8da6a8a04dfb59a8d3795c30942815a1eec80b410b1dc5
assets/chisel/textures/block/slant/quartz.png	444	d69d76017af3067e3b81b4c34e6364ccf2e8997aa0522a54e4c4a3f0d2d62a06
assets/chisel/textures/block/slant/red_concrete.png	272	0392a4ace8ebcb892ae6b049969b59b18d7718bce759fc8fd755884c27ec20e5
assets/chisel/textures/block/slant/red_sandstone.png	620	94c2f0a67e43c370f558ee9cbdcf26a2ef3501de481b304bb0401f143bf5c43e
assets/chisel/textures/block/slant/redstone_block.png	1027	81cfb7715d03e412dfc7cfb5b8b97973f4d2b904aafed081dcf353e99fb02420
assets/chisel/textures/block/slant/sandstone.png	636	76e2bfa6f05a837285af6bef97636f32b4b671b738831ead4e441739ef646fbe
assets/chisel/textures/block/slant/stone.png	575	30d8ef8215e0acb05dc70de2ed704d73ce5726fdf1ccca4f9c257b6c1fe14f04
assets/chisel/textures/block/slant/white_concrete.png	272	2284752296fd306169950fd2a35c745a2df29ccb10442874d41401ac3f571391
assets/chisel/textures/block/slant/yellow_concrete.png	272	be8b75469dd1c6476c09e5b711faab9b0533ba05ca592c1f1d8c5556ae9e61ee
assets/chisel/textures/block/smooth/acacia_planks.png	629	1671c4b0fafa4baab9fd30cdf91a6ec0c1862b9779d2a76fe768fa065f2a1c75
assets/chisel/textures/block/smooth/birch_planks.png	617	2105f320f3049e8cf232dfcb2676c5aafe74f0c693ddd7cfa719582f28f90532
assets/chisel/textures/block/smooth/crimson_planks.png	604	17dacb3a154ab4c6e63616b25414c4260fc36f0ca5d5a59a190729cefc85e368
assets/chisel/textures/block/smooth/dark_oak_planks.png	561	4b01636ece2224312d13e2fe855a648e1137c66b27f82107b86ba15a9aa2a2a5
assets/chisel/textures/block/smooth/jungle_planks.png	643	cd61500c9e7a2ef93f40443da526e04b4318c8d0cdf8e727ce5ed5c5cad88d45
assets/chisel/textures/block/smooth/oak_planks.png	629	66e7b5d709b299264533c93535fd257f352ffe921409ed8f9f13c97916683567
assets/chisel/textures/block/smooth/spruce_planks.png	607	3884f47674bed18c467f7887d4bbcb93e4cf2d72b76e4e60fa1492d60a7e3c32
assets/chisel/textures/block/steelframe/glass.png	209	cab70cc4f4f329c60d4e5b1fa434246fca03a34e5beb439ebdfae1ba210a79e9
assets/chisel/textures/block/stone/glass.png	433	edc4581d29c7c77f097283c0760a60a830d658e7588b59fe788bc59d2903db1c
assets/chisel/textures/block/sunken/deepslate.png	220	bb34dabf8f30ccda8638032033f4a57f1cf89f9023724b27f2a5e7d8ee6f5109
assets/chisel/textures/block/sunken/stone.png	294	0c77d4902273d51418368c180e24a459c0d7e57d899d406f52cd3a76359b6309
assets/chisel/textures/block/weaver/andesite.png	337	e4b579749b53ddca69644ad12b7807320fe716168c23ec036b9581b5ece1a397
assets/chisel/textures/block/weaver/black_concrete.png	191	5f3e13926acad241701cb37f70edfbfc07326688bb557177b5b1cf4e3232da84
assets/chisel/textures/block/weaver/blue_concrete.png	248	467b4661e356fc172fc9c811f528d092b24e429a5dd2d77f4e7af64d1c7c78c0
assets/chisel/textures/block/weaver/bricks.png	277	0975d23d7a4fa0ae2e9f9d07cb5830579aca47eb984cff0f9ff5ebd4a2f09bde
assets/chisel/textures/block/weaver/brown_concrete.png	236	b265cba66a74f3fba5f0ebf435bc7fc0515521f8c157c5ddf9b90c184c3ffb5d
assets/chisel/textures/block/weaver/coal_block.png	215	4d87f5b404b2375fc08280d85d773e9b64f41223c2014500a993a748f7db15bb
assets/chisel/textures/block/weaver/cobblestone.png	258	17e7a3527fcb385858f1e2c1890c3fe92312c188af64f91076a4758783a22793
assets/chisel/textures/block/weaver/cyan_concrete.png	259	36e65108bc3992213bd5ff092807525bd93dbfbe057cbd54fd3f4924d507e34d
assets/chisel/textures/block/weaver/deepslate.png	229	4973a50c5564ba1e885f0eaf66523c4eb4b223c51ab211de3db3d508458e25b0
assets/chisel/textures/block/weaver/diorite.png	272	db04c7abf4735426f802b8917e3b7dd7bfdea277df440fc1a4d3c694f8f031f9
assets/chisel/textures/block/weaver/end_stone.png	266	42dc7104f976d4ccfb69d1ddf3c173a6016a410f353ad991489dfea55f42b8a2
assets/chisel/textures/block/weaver/granite.png	310	d0f59a417c4652b57a173f53122b36d26018863309e138aae003e312fd03af7f
assets/chisel/textures/block/weaver/gray_concrete.png	225	7a7891ed5e1a235f9a666d3b783a31bbe18d02f78f06c33467e599710f4f96b0
assets/chisel/textures/block/weaver/green_concrete.png	230	6548513ac89cf88d6d24eee79909368e2a22b213bf0f1a2af7f933caa8e53a4d
assets/chisel/textures/block/weaver/ice.png	311	e8ca29505de8e67a3fda2df45f4ce7d8538da04d06d55cf709ed124fe1b1f5fe
assets/chisel/textures/block/weaver/light_blue_concrete.png	228	390f0a1d9e5c427568fee53b69e7b2b83a7c4db66f5b1ddcee205c6f4f3c2c8f
assets/chisel/textures/block/weaver/light_gray_concrete.png	245	8b4c028fe9f2a4f1ecff479b1f5e3bc0ed8fa799f633059d288444573eb79610
assets/chisel/textures/block/weaver/lime_concrete.png	247	fa127e00e3eaf1753a860546e7737130daf6e1a2c199dfd6e116033fd5c42926
assets/chisel/textures/block/weaver/magenta_concrete.png	237	5d63e3329ccbef2c4c16e715dd076a1d1541a4f48038b71978ec0e6c8c96ec1f
assets/chisel/textures/block/weaver/orange_concrete.png	232	c4a2be89a4ff1cdb1921361e90425ec617b5128525ba7fb842868f9fefcafaf6
assets/chisel/textures/block/weaver/pink_concrete.png	253	93d08c9e1301e169512397cb269058c2690007f097a2fcd8700aa0640b346a2a
assets/chisel/textures/block/weaver/prismarine.png	403	b845f3ef42ec985247600049bc5d500952fd20b9cbec071e9bc833ee2bed31e5
assets/chisel/textures/block/weaver/purple_concrete.png	222	0727f2a0837e499c7424c9fcb762c7fff74ec4a2196891d75ae06bfb22736abe
assets/chisel/textures/block/weaver/purpur.png	248	62a4cfca22c7eede58d5e6ae2a572b03b168b86855e327d4f4139e7ef74c53e5
assets/chisel/textures/block/weaver/quartz.png	219	5f9ca712e78932c8f13f6933e11ddbfdae391f3d6881f9deaa2543380630bfef
assets/chisel/textures/block/weaver/red_concrete.png	230	2fac52931b6b69308d92ca21e3c6cbd0c2e8694392c9acbca7941ad327dd3e02
assets/chisel/textures/block/weaver/red_sandstone.png	286	3a8798b6692b2c7d5512594229ed37b72249efb3be3f06b7ce4a52111d911a67
assets/chisel/textures/block/weaver/sandstone.png	293	f883c1afe019d7d83f0ad68ef6a7a975c5df933d263a3f200d7590d0c36d7ca0
assets/chisel/textures/block/weaver/stone.png	269	58a6e16e79a9d366062cf60b9ce7e03627529dbbd2c9a15297769a745ea26a53
assets/chisel/textures/block/weaver/white_concrete.png	258	25e95778fa914d7bea508cec158b5dd5183b1f4a07b0501e7c6980a277da3e4c
assets/chisel/textures/block/weaver/yellow_concrete.png	241	ba9427863eda647badd929a69f019b3fd587a98b50eb7e6ed044ac9441cdc078
assets/chisel/textures/block/zag/andesite.png	1035	5e15b13c67ff6dce3f348deba9fcc8f9a2a517a5bffb8a0da773de03871e76c4
assets/chisel/textures/block/zag/black_concrete.png	209	073554ffe081329d2b9ba29130fa1a104f94ee02539c2950faccf40e451ef1a1
assets/chisel/textures/block/zag/blue_concrete.png	258	f78890755975a31c4231890bffe3ebeb50576bfcbf6b4c345208142a112d2bf8
assets/chisel/textures/block/zag/bricks.png	968	b46f0f9a941fb7dadc6a5843f21a882e42dd1f2e1d3b0ff31abb706ed88f2664
assets/chisel/textures/block/zag/brown_concrete.png	252	fe00fe99d8646f69302e846b3c6ef52bd80a66b9ece1a141c36ce5f8dbad3f37
assets/chisel/textures/block/zag/coal_block.png	261	8eeb6c1aab99bb0da66f236b663dea15d8149f0d997639df47e4ec3281336682
assets/chisel/textures/block/zag/cobblestone.png	260	8833f0390609886dd0579da55b960e75d7f64a9e18c246fa7d8e79eb25429d59
assets/chisel/textures/block/zag/cyan_concrete.png	272	737f4bcf1a36419c2f4befbef1b897c2374b8ff4457fea2be233659a0781abc7
assets/chisel/textures/block/zag/deepslate.png	238	f8432066da95fe9ad27ede1e360c71d7eb5016d82ddbc0c19cbc77443d3aa4f4
assets/chisel/textures/block/zag/diorite.png	272	3f53dbd30e1c9f7b97f1c0868bfd86325f532e3be62039eb4bf82468e247df37
assets/chisel/textures/block/zag/end_stone.png	272	e8ddef432b1ba2c0dc13043f99ffdaa34ca48da9f4fc14b8410249810cf6f4fd
assets/chisel/textures/block/zag/granite.png	1031	48e5e957cbdbe99b8731c5bb5e00447326a30d8fba58ff3ebdbe06befa9ce82e
assets/chisel/textures/block/zag/gray_concrete.png	254	0f9335492b2c27364aeb7ef8b94d9463ec60876809cb26e36176a2e31ce19392
assets/chisel/textures/block/zag/green_concrete.png	272	1bc68d6bd36a872121053bd39a5cf5fe849a1a42c8658a1281e72e7f349bd8f5
assets/chisel/textures/block/zag/ice.png	999	8a6bf15d48510ba9b735a526bd79372da5057247a8182146a4f2d6e15a7696a0
assets/chisel/textures/block/zag/light_blue_concrete.png	267	cd5af726f496ae045dab29e670b22b35e7352b5fd4fe866e18ad9adf68d47edc
assets/chisel/textures/block/zag/light_gray_concrete.png	260	4d92db20314b8c70680d7cdd0b9e1268d89855431f59290903be7511ec95a502
assets/chisel/textures/block/zag/lime_concrete.png	272	4e9ba3f39694adc5fddc2d0b9367d54d8d42cce9797e50f6abd9227fd61d567f
assets/chisel/textures/block/zag/magenta_concrete.png	247	e9a175ee73c3004503c515751d770c9be3f223e90d2d7f672cf2183b6a0493d0
assets/chisel/textures/block/zag/orange_concrete.png	272	3b94eca1d7a0b3fa44dac84099ed6e3cd6c2264bc2399d1f1b27e3e8abc6f802
assets/chisel/textures/block/zag/pink_concrete.png	272	497871ece4c3dab61c82a53798134c228f668aeba1bcb2208a96d0e3c8fd3b9a
assets/chisel/textures/block/zag/prismarine.png	1059	dfd18b600f8d6a7a162422e40fc96bed2dfdc39f7a5e69365f7dcc6b75af6a4d
assets/chisel/textures/block/zag/purple_concrete.png	250	c447316824b6327d0c980f8a1343909c7946110165958c3f868878f33b278fc7
assets/chisel/textures/block/zag/purpur.png	272	3a3c07a72433eb4f89abb13ab8241286b5ca463ce5ed66400674c5591bddce5c
assets/chisel/textures/block/zag/quartz.png	272	1e0188224e94ca0b904a39416f3a4513e706a729e63d09838e500edbdc171f39
assets/chisel/textures/block/zag/red_concrete.png	267	27cf77ef9e4ee4618050ca006b3d7c74d0b886cda3e0e636be2d439f76f545a2
assets/chisel/textures/block/zag/red_sandstone.png	1019	47713ff7011c5528c8c4631ed83f110a93a0760d341df160e1a75b9ce444e71b
assets/chisel/textures/block/zag/sandstone.png	1026	b44b4d3f9be734a24f5337a6b0cfa469058c196c70ceb9446960fa02b2071cd5
assets/chisel/textures/block/zag/stone.png	272	a2874d3d17bd9bff447b22af92ab5ade022528aa98f8032dabda66f827762326
assets/chisel/textures/block/zag/white_concrete.png	272	0056e99de2118d687976708e00b5af7ba81afd3499be52a33bcd2e58206baf7b
assets/chisel/textures/block/zag/yellow_concrete.png	258	6249aa39010c6e57534ba12271a8facb2a73d3a1392803a5fb8f90128cbe4f55
